path,sha256,bytes
.gitattributes,607d4cd6b64af24ea8cf133c5e4304cbf44465f75dafd5b51b6d395dd3e27830,76
.gitignore,42981b9b6cf010a79b233bdc693fba83b3f43b7b39c312bf07e98b152a2e127d,63
.zenodo.json,e97a3a9757cecea009db5bef7d8af3e89542a398576d74410aeed18d3439a1e2,1594
CHANGELOG.md,a4523c313d34d95fc8a597f27e991893e88344f32f2d38496d92215f809f20a4,2605
CITATION.cff,dbb18d5f0f9e44294aefcc18118a440e1a9866a76e6d46efc55373825044ee8d,848
CODE_AVAILABILITY.md,6d4da1db9e92fdb66e39c2a702c4c6db798da6e6057b4e187f710c863b4b0143,466
configs/analysis.json,d31fb0d1bd9cb18ddd2d503be80a9da7681ce0d73c36c3efcd928c3b9a6fbfba,478
configs/original_feedback_policy.yaml,1fe80f6bc6423d9037644b9b9f19f3ba851b7ad1c896e2221a9195994d208767,2959
configs/original_rulebook.csv,ccb2c6a2be2e6b526c4c43ffb38704b5f8f3ae7cf85d95132d1554f6ab56e590,1512
environment.yml,f284f432381d259a66acda5f46648a85451390c34d921118394d28756c4e102c,137
EXTENSION_RELEASE_MANIFEST_SHA256.csv,e813a2949af97860c9e19e6bb691d5a9eb977a286275ba32b39cf7350d1ad925,17057
extension_v04/01_source_snapshot/ELISA/特异性.xlsx,2802432ac831de0aca5054e0888a310551ec95a3eb626e6e6a597b08d33497c7,12288
extension_v04/01_source_snapshot/ELISA/结合活性.xlsx,5a14e6f52a16ea8012eecb9fa147f00f8e30126366a57f723ea079ddb39fb944,10434
extension_v04/02_workflow/demo/A0AAX4Q2K6.pdbqt,7b5f0343f6393339127745c629ef4bdad670f054966a8650572018985a497724,87600
extension_v04/02_workflow/demo/candidates.fasta,895ba357bb060f9ce52e7176791d822b35a1feed2b331b66c40255311afee096,234
extension_v04/02_workflow/demo/compound5.pdbqt,6fffb48065d00bd32e0c7f8c19ee8469bb4ce1cefde971c0bc2292e58c984097,6500
extension_v04/02_workflow/demo/F4N729.pdbqt,f6b79674cd406122aa3409a199deac4952ef4f736c2c7875407d547b2b5ecabc,68560
extension_v04/02_workflow/demo/source_manifest.json,25711f6c72e3516999a6cffa9cadbdfc2a7c1fc88745e67d4244ebb46e862c98,1323
extension_v04/02_workflow/demo/structures.json,93b2c158df5a4d6a1a078c17d9e0c74a57e1fd6023f508c7c24d7d9e341ee690,1287
extension_v04/04_ELISA/author_confirmation.json,03d39fa4792005cb85bc1dae9c64a551123c3e9e52cb365740234828bd514792,614
extension_v04/04_ELISA/binding_experiment_means.csv,269dbc76df2ebfe92e8d3671c5f972d71de079fe5152753537e14a84b6353c4c,2141
extension_v04/04_ELISA/binding_independent_experiment_fits.csv,05384252b40d7d484885e6128f7468c5e119d8a42451ed6fa617f17b360c87d7,289
extension_v04/04_ELISA/ELISA_summary.json,838e20de89193326bddebe30a7f3f004066e0ea868d3dfc72f813be70477167c,1530
extension_v04/04_ELISA/specificity_experiment_means.csv,c6ac26079a4c4c2be2c3e7c4c80374496f38a10b60343b4b268f55e2721466c6,1266
extension_v04/04_ELISA/specificity_paired_Holm_analysis.csv,fb3fbd64eb5f5ce6b9925a2aebd04d6315abced9e85c33ca408b3bd122e1c3ff,817
extension_v04/04_ELISA/specificity_paired_sensitivity_analysis.csv,fb3fbd64eb5f5ce6b9925a2aebd04d6315abced9e85c33ca408b3bd122e1c3ff,817
extension_v04/06_figures/Figure_1_workflow_v4.pdf,92675301b1593c1536c814641cebe51c003ff2e2f95fb29e87945a1d54d66f80,26037
extension_v04/06_figures/Figure_1_workflow_v4.png,7687fe54ae60e71de17612a83d3d6c320b54d2fdb7a913889df58af6280e4769,1986347
extension_v04/06_figures/Figure_1_workflow_v4_preview.png,aecb7af7d67a513ca637d1111dd1959dae693d8185f0f62e3f4d8c4229cc0039,222479
extension_v04/06_figures/Figure_4_ELISA.pdf,c538a29acaebde20a74f766a49df888e7652bdfa7825325dea3efbcc16a048f7,23661
extension_v04/06_figures/Figure_4_ELISA.png,6ff0be9b680ace59b8b19eafb6ad732155ccd5ee067b7d5db90d5e299a96e7fa,171891
extension_v04/analysis/analyze_elisa.py,ce633568b6b30a41610626f4f9c047a443bd72520fbcb75cf37fbb6f2c51b105,4666
extension_v04/analysis/audit_full827.py,e20fe10eb035e20d3bfe449908a5bcfde89c55d23a1f72bf8fbfb28b21642527,3606
extension_v04/analysis/figure1_v04.py,72590808720b68763be09c9dee740fa8c96feeb1fdc7be540af6591b8bea2d4e,3065
extension_v04/data/external.fasta,08f1b370123c90dc1755f94e2020fc10f7ebd17a1a7594e56d3e210dfed7947c,598
extension_v04/data/external_receptor_evidence.json,0caeec1e1705a952f73b0a1cad56ae97c053d60f356177eb5f11e1d0829afa9c,957
extension_v04/data/external_source.json,24d522c2c2800e66873f68e7eedf6dd66bfe5b3e580066ccee35eb986c28e0e4,813
extension_v04/data/frozen_rank.csv,85c3c3b9b8e5db3827fbdc7945426666226beb46b8461dd8605e187e50c94886,587993
extension_v04/data/historical827.fasta,b89287453957f7c6af6d238678361067462d6c02a7c33aa6f81bdb676647aad0,252544
extension_v04/data/sequence_registry.csv,f57f5e48db4e68ebcad41cc61c56fc0bc05890b316cffa74513c88e7c788cdf5,319073
extension_v04/data/uniprot_20261003/accession_version_literature_audit.csv,b11406c26b36c7a8b9ff8f9f78b2b1432ecd5edbf3ecf97279eaebb022b00d41,253018
extension_v04/data/uniprot_20261003/batch_00.json,600d4a520fcb9c92e771c4254bd317ab3ac34c8f80387211f68dca77ce89dd38,220437
extension_v04/data/uniprot_20261003/batch_00_source.json,cbf5312fc6f7ed125f0f1c8fc2bafcf6218ed81b3f0a773e1ce9f8b47b3a2e09,2593
extension_v04/data/uniprot_20261003/batch_01.json,7ee2680588d7260b17999db236ec75f7841847d2f6feb04f72828e731ccc13c4,195222
extension_v04/data/uniprot_20261003/batch_01_source.json,7d5110bdc010a3c22f5d541f044a850c2334203ddd890f350f7e08fe4335298c,2625
extension_v04/data/uniprot_20261003/batch_02.json,2a4eb2cfc34676c33c35b88c82ecaeafeba90eccc3b61cbbf2c058048b3dc58f,167002
extension_v04/data/uniprot_20261003/batch_02_source.json,7993f19886cffa22bfcdc3d686d746c38eeb96f6d1f8dfa1f45866f0950a0e09,2625
extension_v04/data/uniprot_20261003/batch_03.json,13a1bd6f0ddcea575230cde6e3aca6f2623dc1dd6763ab6c97ae4a5fcbfc3224,156531
extension_v04/data/uniprot_20261003/batch_03_source.json,9d85d27f26e5c9d6c1cc89406def87d6648f1b60200c1e3c964ab5c9595d684a,2629
extension_v04/data/uniprot_20261003/batch_04.json,2be468a46a48cf3c4400853846152ed34ee2a2505652ea37c6c1f0e6c50cf601,105792
extension_v04/data/uniprot_20261003/batch_04_source.json,c1585c073401ba5db98aaf948d4c2ad9b309e584395b631fd7d2d7e6e0d1eb2f,2629
extension_v04/data/uniprot_20261003/batch_05.json,a416cc1ebf0d6f4e7351d0f2a88be00fbfa3a02ad7cbe1cdf0fe55938abcd4d6,30817
extension_v04/data/uniprot_20261003/batch_05_source.json,545d0fb5f869bf52dc8fbdbb33885e6733683e4604733696c1a690712f4dc6f4,2637
extension_v04/data/uniprot_20261003/batch_06.json,83cd239a03c7230ee89b95e572d93ce8f899eaa8f9e2f1c56e813444e3a2620d,100690
extension_v04/data/uniprot_20261003/batch_06_source.json,0388608fa9602e9114e950c67eb6f74f6158e67c04de5847fd4622aab349df40,2653
extension_v04/data/uniprot_20261003/batch_07.json,ce3f01cd819433c2f1b8c5cf85e14fd2d00eb6385f1a9513473f502ff8cf6606,107723
extension_v04/data/uniprot_20261003/batch_07_source.json,afb4021ee15f6e39c4918b6fa20b0959ffb984bb851269404deb4819b61946b1,2657
extension_v04/data/uniprot_20261003/batch_08.json,3f870026f902ae45752d596899bfb74b9d8b89aef33a423443d6850246d1cccf,135491
extension_v04/data/uniprot_20261003/batch_08_source.json,906342dfcb4472f588a8ab34e98580b450f0bcdc812ed72fbb99c47807153574,2657
extension_v04/data/uniprot_20261003/batch_09.json,2dab2f1ba629004ab3d1a2f89a603808b1a3b3fee4021c1d55b1346a05c31ae8,118925
extension_v04/data/uniprot_20261003/batch_09_source.json,cc9bcf6a92eb287cea0c23d9c0704fc78f3d65de6e6af74c42491a33cf968d0e,2653
extension_v04/data/uniprot_20261003/batch_10.json,96e9939c1cfab69c7d3b014d7525ba052d1a8bef4de0062bce7ca4e6e562eb53,151057
extension_v04/data/uniprot_20261003/batch_10_source.json,40ec336ed6b0f0ff48bc91fd48dbbd5b840c02e77e782e3b8da0541c98494292,2642
extension_v04/data/uniprot_20261003/batch_11.json,142b785eaa46c552b06db8bcb0ffdf886276b106db0157e448d88b182ff613ba,115941
extension_v04/data/uniprot_20261003/batch_11_source.json,8d547048f07be3c3ff45777e0692eef90ac412f4ad1beabe1a111212cc09b022,2654
extension_v04/data/uniprot_20261003/batch_12.json,327d33af5dccf016b052aafd1119196ae3b357beb9d7f9ae8e3bb9cd4ab8df6c,145204
extension_v04/data/uniprot_20261003/batch_12_source.json,4dc1e04c6e327386ab547270a504374eb545f13da280b5955a752b1b8fbdf7b3,2650
extension_v04/data/uniprot_20261003/batch_13.json,feeb949c05dc701bc16c0715bfdb11c336415204ea2f0de218571feb40cf321a,133817
extension_v04/data/uniprot_20261003/batch_13_source.json,39556c65340c06a9c13a683c259dcd9b18f5759460bb4cc5becbc4870cd97642,2654
extension_v04/data/uniprot_20261003/batch_14.json,44a7e04368a53337d9150be1bb5d1667f47852ae46bb70022077a2b0a1812081,119520
extension_v04/data/uniprot_20261003/batch_14_source.json,030a70de6c3c7af459eb00cc790c5b8697a946087dc6181b8a08906d5556255f,2662
extension_v04/data/uniprot_20261003/batch_15.json,029e78e58bee25d65174c0ed516f6fdc8f3403f7265b1a739bacbfc72fd30f1b,110334
extension_v04/data/uniprot_20261003/batch_15_source.json,6e7b3837eb85f6f1cd7e031ab3e58a0cbfb1e9af92b350d527050e771d3fcc81,2654
extension_v04/data/uniprot_20261003/batch_16.json,31f31b33ee4abac1c551f4d7c5044ed8b4b740393d4ba0b28f70b81dffa21698,29087
extension_v04/data/uniprot_20261003/batch_16_source.json,a9bdec89c3d197148a88bc7881e39a83ab975736d18af587bc7fa85b4c6029cb,2060
extension_v04/data/uniprot_20261003/request_manifest.json,1cc997b3add10d8c81f02c62c0236d84f8ca6e15346a974825e2348198826b82,45340
extension_v04/data/uniprot_20261003/summary.json,67de377977a9ea84e0dae6a91cb9696af28b5dfdde70cf8de50fbef90b1e1431,438
extension_v04/reference/ablation_summary.csv,72edb6698d2cdfa754cb98e22f3669b858163645b1be736761b1006e05ddfd8e,386
extension_v04/reference/archived_structure_correspondence.json,6d69c9cee967b5a2a9be3499ffefe8e6ddd288db0f221f168a32e61edbbcd51f,1179
extension_v04/reference/full827_missingness_ablation.csv,95716968ddd4ddf78511e13160ac9e29c5a41a26f2438323420f30abdde8ff0a,341420
extension_v04/reference/receptor_review.json,028442eaf61701959e4e2eeee811ffcb2b45420ef141e3819892c54c3fb8c4c5,709
extension_v04/reference/runtime_extension.json,37cfe26cc887d0ffafe6d3c81c6152a2f8dcbddab7bbda1bf79024276e1415f9,384
extension_v04/reference/sequence_identity_827.csv,403f37602af0ce85e63372b33ad79cdf0945d957758c95288094ecc13317b578,104564
extension_v04/reproduce_extension.py,25a0d1650c53b1c2262efeb3440af9a3a43aae2ea5abfb06aa7d1e58e6e69233,2489
extension_v04/reproduced/external/candidate_results.csv,e4da4da6523115d53d5e8816a2228b708e4ca60b05e6c6ff37bdb7fb255eac95,790
extension_v04/reproduced/external/evidence_requests.csv,8288e2b1420ada72ddf6e69c332f7597ccd8487be4956c58edfdca59a6218d4b,430
extension_v04/reproduced/external/fresh_e6_annotations.csv,2199a16cd137ce8ebe7aa0890f161c72eb5d5983177ae062cca7dfc287e6ba21,775
extension_v04/reproduced/external/fresh_feature_manifest.json,4ea6f18c037cf80326600500db20f2ab6bd98b23d8a8218c230172e7da9128e0,388
extension_v04/reproduced/external/fresh_sequence_features.csv,07107e3b65d73ecfd0f161ccf9690ef5ad9cdd20b7933a10731d74fcbbb5582d,1162
extension_v04/reproduced/external/legacy_E6_consumed_annotations.csv,286de6881a31487504eea7a63ad5334ba74562197da1bdbe468debe5beb4a4d8,1579
extension_v04/reproduced/external/receptor_contract_audit.json,6387088420cff5be4705a466141fcdf4d099437a7df4663c212583965ba5e94a,400
extension_v04/reproduced/external/repro_manifest.json,265e305b7821bf5da31f6030ccaa1bb9b88e61d7c3cec9047670e4d7de527ae8,1366
extension_v04/reproduced/external/run_manifest.json,bc1b1893b763e5af98b2970a53724047985c5d75f14e99d1ea743bacf4f96d83,397
extension_v04/reproduced/external/source_register.csv,39321d71a1e24fb04f2da9f35c25b021cf330bcabaa9dda3bb690f447e41fe61,623
extension_v04/reproduced/external/stage_ledger.json,14733a1c27fc0117a8c717edf5f46b587f30c74dc7e5d6ae60c9a0740a93a437,2411
extension_v04/reproduced/external/structure_requests.json,fc06a51e76435c52aabc1547adbffd8d824497d9c391dc4e2570304cccceee4c,225
extension_v04/reproduced/external/structure_sequence_audit.json,241f0779e78c8f31222bb8b46e8a5c2f468cce1f20d1ddcdddb2b8c7bdd7472f,115
extension_v04/reproduced/full827/candidate_results.csv,d2584169eb2f28288f70c605aa96dd647914c1d0f48bdc7cc2008872a48590b1,260380
extension_v04/reproduced/full827/evidence_requests.csv,c05adef3e0f708b7370abc3b00f1594017a65385d7819423cd5b37d6a53643b3,527382
extension_v04/reproduced/full827/fresh_e6_annotations.csv,170b5a11189d56f6086483b601415ce06804bdff85e6da8ef3a61cde56120e43,291294
extension_v04/reproduced/full827/fresh_feature_manifest.json,9c9334d257c0e73e0d166406af588c9acd758e6f66e3721d9cd1b6279a48bd17,392
extension_v04/reproduced/full827/fresh_sequence_features.csv,3b5df55daf38140431123377ac58f34aa47e4244fdee255f27411709e425a238,531442
extension_v04/reproduced/full827/legacy_E6_consumed_annotations.csv,f6d689f6ed51533de47be253ab06b6d3c36b805f918a12f7a8597eb20ee9da56,375524
extension_v04/reproduced/full827/receptor_contract_audit.json,766d913176344a8e9e914d2c95843fc4b0154ed358645343e46f9f57a589a73e,655502
extension_v04/reproduced/full827/repro_manifest.json,d7b359e28f27af706db077abec080ab6aa82b95cf5b2a775c52cf1b6cc0abdb2,1313
extension_v04/reproduced/full827/run_manifest.json,ecc1a746ef7283ef17bf3bd499ac2a25da7b1b2728e5172cc395727a520a213c,401
extension_v04/reproduced/full827/source_register.csv,86af929fb0681c917d652dc0b940170e13b95ff46e1f00c72bf29c120d8f3e42,279941
extension_v04/reproduced/full827/stage_ledger.json,6a408e9c228b445928f5f41f7657764aa2f5374b5a8ca22d03e55c7c38434cd7,2421
extension_v04/reproduced/full827/structure_requests.json,ccafc794b610eef61b9997e067bfe53817c4d8a2fd56679b0949af7127638457,186593
extension_v04/reproduced/full827/structure_sequence_audit.json,17e52492e3cfc647225d71f0b8a162c9fc55f6dcceb9e3d6f4bc2b1cbfc075da,95623
extension_v04/reproduced/full827_audit/ablation_summary.csv,72edb6698d2cdfa754cb98e22f3669b858163645b1be736761b1006e05ddfd8e,386
extension_v04/reproduced/full827_audit/frozen827_sequences.fasta,b89287453957f7c6af6d238678361067462d6c02a7c33aa6f81bdb676647aad0,252544
extension_v04/reproduced/full827_audit/full827_missingness_ablation.csv,95716968ddd4ddf78511e13160ac9e29c5a41a26f2438323420f30abdde8ff0a,341420
extension_v04/reproduced/full827_audit/full827_summary.json,93b7e8015d0b3365abb7672a889360e53beedd3cc09b793de74302061ec3004b,7603
extension_v04/reproduced/full827_audit/sequence_identity_827.csv,403f37602af0ce85e63372b33ad79cdf0945d957758c95288094ecc13317b578,104564
extension_v04/reproduced/verification.json,971854e252ef0c9cf08ca94b2d07125004f6a38ec0c171a36b8e4d0b077f2a41,193
extension_v04/tests/test_fixture_support.py,127c444cd1732b149775f9754b4870db92fe83a107ebe487dadadec349b6f64f,436
extension_v04/tests/test_rbp_bridge_20261005.py,ee80d9afd545a34c2f038e7706e76613714e0319a52b54e0bf1b4b3031042068,2952
extension_v04/tests/test_rbp_contract_20261003.py,dc9c7e54e7a136b1e4d88f8fd72f9e8adf442b57c1a7e12e8d990f1d49c61563,2344
extension_v04/tests/test_rbp_identity_cache_20261003.py,be7614df77d0169533bab6cf6f44cc65a90a852ec3de491ba269ea7897c6a3fc,2212
extension_v04/tests/test_rbp_v02.py,9a24353d24845f6a7c9026bd1be68e95cf6d2756c89848f0644327c84824e4f2,3477
extension_v04/tests/test_rbp_v02_integration_20261003.py,feacd4e396d95f7fe9264d1f2e7ca385a87c1564df41ae87810f3132891ea68b,4461
extension_v04/tools/yrbp_candidate_intake_support_v0_2.py,bcc98f858652f3f819d5463277ec7561c5801ba973bc43990b7ad53337f1ee0b,9563
extension_v04/tools/yrbp_candidate_intake_v0_2.py,131e29a9ab4837ccf1fe1b5b334d0426c9e638eab4d91ccb84a13c51d30dd8bf,5452
extension_v04/tools/yrbp_e6_annotate_engineering_features_v0_1.py,f62f0fd3dbe0fa989e4f97354f61b2655a5a045bcf53f7bc27b4dcbf9ad69c1e,11816
extension_v04/tools/yrbp_evidence_bridge_v0_4.py,26dec73a98d31b44e1eeb2121b8b77d274033ca1712a91551870e3d37498e645,4707
extension_v04/tools/yrbp_input_contract_v0_3.py,17b49c530ad5529cb4590c3a9f2e26978b8880297f014484bf0b43798b43658e,2772
extension_v04/tools/yrbp_missing_evidence_v0_2.py,92bcc0704265e3041fd15df950484837d7424491bde686d8c50a92d4e75e5229,1364
extension_v04/tools/yrbp_sequence_registry_v0_2.py,b375123fd6161ef07a8b0750c8c8745c7e7077675f9c6466975cca125b1c1476,2298
extension_v04/tools/yrbp_v0_2_rbp_repro_runner.py,d2d9fed98db160106bbfb5a1d2c9eb52117ff85eaa612d480f3e2479fcb96ceb,15067
figures/CHART_CONTRACT.md,4351f98a0d09bb23c74ae836d569747ec9a8776cef50ff9881a5f3711da06a10,808
figures/Figure6/Figure6.png,6653d6047e37cf63f7dcfd9c3b12b36daeb3dcf420c627c816b56cb4623ad792,755020
figures/Figure6/Figure6.svg,6b8ad0c3155e3b927c6893a61911b438099be307c4dd5b87c46a357435a7423e,37938
figures/Figure6/Figure6.tiff,630be6b4b7c8d30945dc5e629578840525ce80c0ceca2e8dbe13f93645fe1d8a,2798888
figures/Figure6/Figure6_preview.png,39f6700ad832413c3ec5be808c749d5a7b5b0b9403531706fe43b61d2d9cfbe8,105238
figures/FIGURE6_CAPTION.md,f07f4b819fb2953a39f5a153c98a5a95f2c61037de10bdca49f3583ae083cffd,1909
inputs/feedback/contacts.csv,b96894175c2297937df3ebf40142d1f5f567e71ab036c860e588a411553bdc64,39702
inputs/feedback/domains.csv,3b1de66b93088b982d09e8fa86817658f12b9d14c905deee907048986f380dbe,71384
inputs/feedback/e6.csv,ac53c76cad5fb220b449c1fbe59dfc59a6c26781a56d046b62dad9523fa914ec,30946
inputs/feedback/expected_components.csv,36ae305cd3c0d40d345125436adbb00283bb18e37ceb4b74ed7bb63d1496cdd1,35157
inputs/feedback/expected_top50.csv,696ddac6787d2ace90b86e36a188bb557bdd9518589e7957b7c2d6896ef41779,13729
inputs/feedback/registry.csv,75c752c2523cfdef8a67a9a8d861648d501ccc5aff66f6c165409078ecbf097e,2013
inputs/feedback/sequences.csv,53a5d2ac2a1630006c9cc684e3674cf80e1de1a74ce8247ec56299017982d052,25924
inputs/frozen_full.csv,85c3c3b9b8e5db3827fbdc7945426666226beb46b8461dd8605e187e50c94886,587993
inputs/frozen_top50.csv,8d7e43b5fea103a3cbc38f62bda845d8ebe3d3e57ade6c591090f41aad3b45c2,37033
inputs/pre_labels.csv,d92983f65f7a2325a2914c7b3186c24e1220afc799f53844d10d1b0e927d93e7,19528
inputs/pre_numeric.csv,b95d480ceeaa8181a91806bc25f52b8c6d263ff2acc3decb7f787a40521b7167,67263
IP_REVIEW_PACKAGE/AUTHORSHIP_AND_CONTRIBUTION.md,691bc710e93b83b87bb83f18ccb1ab83042f2697e855cfaf7e26f73edc76346d,451
IP_REVIEW_PACKAGE/CLAIM_TO_CODE_MAP.md,6926f7dbe952169ca8d237c195dc8e20cebbe94485e987ecb33950d165b6c87a,1031
IP_REVIEW_PACKAGE/PATENT_OVERLAP_REVIEW.md,3adafc2665886b56285df44abee7f49b8e6664c9c0d564f78e6465c94b13ae11,895
IP_REVIEW_PACKAGE/PUBLIC_FILE_LIST.csv,008da3cd41f904e1163e6b2049751b358b3d5dfbfac097c38717b361d4b76638,16784
IP_REVIEW_PACKAGE/SECRETS_SCAN_REPORT.md,e28fef719d42f15ef5d82f40f97afb79ca09aacc9b089699283630588f356e76,408
IP_REVIEW_PACKAGE/THIRD_PARTY_DATA_LICENSE_REVIEW.md,6d439f0be1d2bcc1b38914281b73706d1ec15eda2aa95bc90269fba6c05b8d99,1432
IP_REVIEW_PACKAGE/WITHHELD_FILE_LIST.csv,e79b3ea54bdb16feed361aa80c3b74d5426bf3d2602c8f9b5f3a7eca3333f0b6,673
LICENSE,26e260ff7fc2d007d7d3784861819cb6f1eb9ab7abf5ba6f8aebf4a2b990af5f,12323
LICENSE_PENDING.txt,258cbfba338bdf93f75b0deecaaa89385990469e514736e646cb1adbe3137114,188
manifests/author_due_diligence_file_list.csv,a8079f85803044f7c07e56d44fde1b60e5edf17f9b4171e3ed6b0278b29fae33,15625
manifests/expected_output_hashes.json,1dd29e1d797bf43c08f60026d223e29fbe5859867c421e2c8372fa47ca42caff,6175
manifests/export_metadata_changes.csv,786bb50d7daa21bc50b15018022e4c5c20fafcecd8b49c8ecd2528e84204dd9e,960
manifests/EXPORT_VALIDATION.json,4a7a2ca4432a73a2e780da55397c1deeae20f03de55fa2f3251b082955d4ff81,1436
manifests/EXPORT_VALIDATION.md,b73f89cdd954e3b15447fcd8d3445e8d60b8c5823f299b99452fd192848f5981,961
manifests/FINAL_REPORT.md,1012abc4449ff689105c9329a060c3be3e688769abbc9d7c0954c5ea69e8aa34,3965
manifests/identifier_occurrences.csv,9ad3f10bc5ce0135a3168f25d6cd53e617ea3d500adf87c57735b2038fcdeae3,1585
manifests/input_provenance.json,b7c28d92175aecb5674440efd80f5256a0bc73ea4c0c6e0fc3517f63d3cc91f1,5742
manifests/LICENSE_COMPATIBILITY_REVIEW.md,ad1c610cc4efa2e10ebdf375780224e115e55eeb8c9314df36829496e58f2a12,708
manifests/manuscript_B_comparison.csv,b311fc5f04ccf73ce2200f431ab98efd98acfa58421aec1a6e3518f001c2f0ac,9783
manifests/original_code_and_constraints.csv,f73c1569dba23b3c7904ed31fccf132a8d0e6b0f6b6603bb6fdd8a4ff364b7f7,854
manifests/READ_ONLY_AUDIT.md,7abcf96b53d1852ae4a9ad35fddbac9d2cba0b06ca5fefe135bb5c1f9e38ab79,3053
manifests/runtime.json,60c5440454472e37ed84020e1e1b87a9c8b6bb96bd68cfc71158711537ca7e3b,686
manifests/source_copy_hashes.json,7176359b851a540ef2b6989d1c3569214da744563e21c334bef2477982c79700,10929
NOTICE,f60f6a6b3809a247f02d10db6a8ec63dcd4fd0fcd65fd95397a48070951e71ae,1038
outputs/reference_full827/baseline.csv,34b5c4df2820632a5c4e749232e2cef5a267ed00f50c1860695f8f33386f8a86,27623
outputs/reference_full827/candidate_inclusion_frequency.csv,4c22009691f4dd79fa754ea0f9aa8b47c3fd54eda591221f1cef7e0aa9c30189,41841
outputs/reference_full827/Figure6_source_frequency.csv,4c22009691f4dd79fa754ea0f9aa8b47c3fd54eda591221f1cef7e0aa9c30189,41841
outputs/reference_full827/Figure6_source_summary.csv,fbe23e1572031b384e1a19a147294bd5c38fbe508c02b77bb06d36d20600ef67,854
outputs/reference_full827/full.csv,34b5c4df2820632a5c4e749232e2cef5a267ed00f50c1860695f8f33386f8a86,27623
outputs/reference_full827/G_pro1_components.csv,f06a9154f873103fb2f03ffaff8c21f6e98422dfd8016c217979d4e76c40e3d7,33305
outputs/reference_full827/G_pro1_differences.csv,b6f6e1ee0f220683ffb5fdfba5a01da63352d9ef3e0c218728540580ff97cf31,38
outputs/reference_full827/G_pro1_top50.csv,6eeb4db0349e3d3424d337902373e3283755b42883b774c2df3c458d050adae0,13727
outputs/reference_full827/identifier_masked.csv,05b098b31446e5ab58c8c08f443e09386f17e0b34f5c7276a2133a94b8e5ea72,27623
outputs/reference_full827/only_docking_support.csv,14c8cbb38421ec2a942222f168ff2cace3800ae30cd7ae49e89204b0860a360b,27623
outputs/reference_full827/only_E7_residual.csv,c9a37f5fba696aa2553870d8d5cd1d72914fdfe3ac88414e0a6ecf721b11145e,27623
outputs/reference_full827/only_solubility_no_chaperone.csv,5cf766a0fdfaa9557aa38f449d4098756572bb3296ba72f30c0ae984c264f4a7,27623
outputs/reference_full827/only_target_context.csv,1488b0cd80dc4e757a3f8756549fa59a1de4a4783d744972cfdf6bb2190d7f5e,27623
outputs/reference_full827/original_rank51_827_inclusion_frequency.csv,da837bad08d4933635ebf9301a75af5d0f7ba04f02f52d3b69bf665effcafebd,39418
outputs/reference_full827/output_hashes.json,aa48c8ace290446b243c3a6771a5354aca43e701e69fcc903635790751785ee2,2261
outputs/reference_full827/precision_differences.csv,7249e23e46885803d86f58c1772e96e02efbbf513f5a5f0f387f1636978d2fbc,3013
outputs/reference_full827/strict_context_blind.csv,495c7cfa2bfc623553b826a2723681d6efda775d5777984b0fabc21f46a03ac8,27623
outputs/reference_full827/summary.json,815972b0e82edbe47f6e6075e29b0dccbe7ab8f739fb765dc97e91aac14e0577,658
outputs/reference_full827/Supplementary_Table_S4.csv,fbe23e1572031b384e1a19a147294bd5c38fbe508c02b77bb06d36d20600ef67,854
outputs/reference_full827/weight_perturbation_10000.csv,7a14f65ad2a67b305d0b5688ba2090c0b0385300235f28f952292fcf90e96991,1180429
outputs/reference_full827/without_docking_support.csv,c5468e0e6bcc5bbadc22ca15e26bb81d40045d97bc493f9e9331bcb150500bd0,27623
outputs/reference_full827/without_E7_residual.csv,aefaf8a85cb579d5b37fcd89bffb611218927f2ff9d61201b1723a473239b12c,27623
outputs/reference_full827/without_solubility_no_chaperone.csv,ab277902dc4b09fa9b2dad49b125f9efd25597bd2952c7d26d4e15f0e46a53b2,27623
outputs/reference_full827/without_target_context.csv,c76bfaa62d1302110cfcfccb8f78d439ecf88fd3decd1d6c19fd40aa2cba0c0a,27623
outputs/reference_top50/baseline.csv,e1f791b6615265f3808fc2b4ef3b613ff7dfc9f2ae7ad6b97c974f20192ceb73,1547
outputs/reference_top50/candidate_inclusion_frequency.csv,e17cc890dd3c56291822f33743c628fc160e6c83ca5efcaf5b603e1f9dde1d69,2507
outputs/reference_top50/Figure6_source_frequency.csv,e17cc890dd3c56291822f33743c628fc160e6c83ca5efcaf5b603e1f9dde1d69,2507
outputs/reference_top50/Figure6_source_summary.csv,0e60665cffc4736438154bc063adbbf7566c23ccfe0749eee5635ecb1282b145,821
outputs/reference_top50/full.csv,e1f791b6615265f3808fc2b4ef3b613ff7dfc9f2ae7ad6b97c974f20192ceb73,1547
outputs/reference_top50/G_pro1_components.csv,f06a9154f873103fb2f03ffaff8c21f6e98422dfd8016c217979d4e76c40e3d7,33305
outputs/reference_top50/G_pro1_differences.csv,b6f6e1ee0f220683ffb5fdfba5a01da63352d9ef3e0c218728540580ff97cf31,38
outputs/reference_top50/G_pro1_top50.csv,6eeb4db0349e3d3424d337902373e3283755b42883b774c2df3c458d050adae0,13727
outputs/reference_top50/identifier_masked.csv,d7c9964a42f44126b7c9e3bdf4c2ce51c1825a3dacd9f5536377e2a666d3c50f,1547
outputs/reference_top50/only_docking_support.csv,4947825245202e1eabdf7b1ad80b2927eab9751068c9b5e95908e6eb05c0199a,1547
outputs/reference_top50/only_E7_residual.csv,bfded75565117428a222b2efa4e5e7530a1be6399c4de6746ac65ae1be45354d,1547
outputs/reference_top50/only_solubility_no_chaperone.csv,fc177bb736b273522c7b6c5b71ef766fbac70b27a34e989459d489430addb2ec,1547
outputs/reference_top50/only_target_context.csv,d51b874b45aff6df16ec4f32ef58ca9eb206a162cb560dbba5501a0851d3ef09,1547
outputs/reference_top50/output_hashes.json,0c39b7ef5ba0d6e30c7487e76a36300500b0fbcae6b9f60979987fb4a2a01a57,2144
outputs/reference_top50/precision_differences.csv,473b4142380b8e0246ba55cb95cb35d917cfcaf5ee866c79aa73cbf48693e36a,217
outputs/reference_top50/strict_context_blind.csv,04a2e5e2b4a6aa3cdd467fc64dd8901ac0c9bbb87b4a9d21549b4a9c2b9c1a95,1547
outputs/reference_top50/summary.json,a769e2bb690eae2a6ba41fea5edabd424d59ee6c3309317601d21719d4b3957d,653
outputs/reference_top50/Supplementary_Table_S4.csv,0e60665cffc4736438154bc063adbbf7566c23ccfe0749eee5635ecb1282b145,821
outputs/reference_top50/weight_perturbation_10000.csv,7a14f65ad2a67b305d0b5688ba2090c0b0385300235f28f952292fcf90e96991,1180429
outputs/reference_top50/without_docking_support.csv,d6223af8e2e9b794fbc9a1d539d9edeafd2dd03ed2e947bfd8158f7ac2a7b47c,1547
outputs/reference_top50/without_E7_residual.csv,17cf0e4612f1f0a82ceba5582814b46d6990ea254076a97b739db7934819c440,1547
outputs/reference_top50/without_solubility_no_chaperone.csv,538d0f39b88c3a48b48151dcb5be7a29990dabc365ba1d8008a46c045273a1c0,1547
outputs/reference_top50/without_target_context.csv,95e0da0276008e793b1462fa4fcc5b73531d0eeab1515594a0d5e92659f08fad,1547
PUBLIC_RELEASE_REPORT.json,43a4f2041b8d186e2deceb934512839245bfd858aca1050448669214d278fb7a,8438
PUBLIC_RELEASE_REPORT.md,95c63d8301132315b8e5503bef8b9d1de659b404f145881f5adfc01880350224,1341
README.md,7e0c789cd67e11e0a533ffed1ff563ac4f33e78f9fad3b1f3453e2d243d0ea93,4483
RELEASE_MANIFEST_SHA256.csv,910724e9a3d117a482257c384965c5dcd496bfefc4df62d9064640a2464fca28,11508
RELEASE_STATUS.json,1e8fd6d2e31202b185d4eb7b604e289f6d28c61c218b57cc8ca170d872505470,389
reproduce.ps1,cdff65c12b6c96a7b8706da27331bcf7b44f8ba89a4cad1deda0871d207dc285,1157
requirements.lock.txt,7cc1ca4d85cdb249cc413a355d3d3557b35ff550497833ef0e23a71ce93097de,345
scripts/assemble_inputs.py,c86da193e04124fe40d1c690f68b28e0f5167e77696d2dc557be27815ff98023,7295
scripts/figure6.py,61ccff7ed4ee66cf15a4e7a94c10f11f38e6ee0aac71fed5b4f20720088bc0a6,3922
scripts/finalize_package.py,debe63f4679986ff805871ca3e25a11ed12a6fdfeca3bd19556973cce1412c19,6910
scripts/run_analysis.py,44643317631d2d960016479259583f47fd006bd2742191e6ea8fb03da0e50666,7662
scripts/update_inventory.py,a9bdaaeeaadb84e6231dbfca789c43dccd0620c2d53b44e140a3b43e0e6c74ae,3754
SOURCE_PROVENANCE.md,10c385ac8528d16732913fedb2b30803389733868baf1530cbece4e5236ce85d,1219
src/feedback.py,d124f0fecdd6d1120a4e48610957a6930f63e20fb2e66b2d326027b710d5c16c,14495
src/scoring.py,8f06272f752dce92b5cb34414722a5794048d914508a82272e91dff90ff30df8,2324
submission_evidence_v5/ablation_summary.csv,72edb6698d2cdfa754cb98e22f3669b858163645b1be736761b1006e05ddfd8e,386
submission_evidence_v5/binding_experiment_means.csv,269dbc76df2ebfe92e8d3671c5f972d71de079fe5152753537e14a84b6353c4c,2141
submission_evidence_v5/binding_independent_experiment_fits.csv,05384252b40d7d484885e6128f7468c5e119d8a42451ed6fa617f17b360c87d7,289
submission_evidence_v5/claim_source_map.json,b89c24262f2cb82d9792856b3ff4fa1514c9af1787e6e9353b91723fc3c42fe6,1292
submission_evidence_v5/computational_summary.json,f36f62705236956bc2214fe9f1710203c3cbb98695dfb5eb74f17f8d7e8a70eb,897
submission_evidence_v5/database_summary.json,67de377977a9ea84e0dae6a91cb9696af28b5dfdde70cf8de50fbef90b1e1431,438
submission_evidence_v5/external_execution_summary.json,398f39a2a14042ee6427395e81fe8144a2e2f5c9dd6a0e804c6a36226a4251f4,5047
submission_evidence_v5/Figure_S1_export_manifest.json,05c1dba948d71fb624347d056e2b891e4999d90abed2b7fcda2d0acec8b1f170,471
submission_evidence_v5/Figure_S1_historical_robustness.svg,485fd128372dcc7dc5d832b68d4a93a98113c96e73cbba1a1ad772acd0fd0a0e,37928
submission_evidence_v5/full827_missingness_ablation.csv,95716968ddd4ddf78511e13160ac9e29c5a41a26f2438323420f30abdde8ff0a,341420
submission_evidence_v5/full827_summary.json,64b276f838d936b0fc4a43f7bc3c6f659e2c5d71a0e7b3f7a5a9c4fe5856e567,7603
submission_evidence_v5/historical_internal_comparison.csv,fbe23e1572031b384e1a19a147294bd5c38fbe508c02b77bb06d36d20600ef67,854
submission_evidence_v5/literature_coverage_sensitivity.csv,96b6a941af19a9ab131987835d2b550ae3941958c65d31b879ae017b3ca70ec2,64248
submission_evidence_v5/manifest.json,3fec494985c160e39555be7e4fc934ab0cca8b14483a40d74e759e9f978a9e20,3603
submission_evidence_v5/README.txt,75df01364fa0a1adce0b943b6d7443aebb42d566df005db7444851b9f841a01d,518
submission_evidence_v5/specificity_experiment_means.csv,c6ac26079a4c4c2be2c3e7c4c80374496f38a10b60343b4b268f55e2721466c6,1266
submission_evidence_v5/specificity_paired_Holm_analysis.csv,fb3fbd64eb5f5ce6b9925a2aebd04d6315abced9e85c33ca408b3bd122e1c3ff,817
submission_evidence_v5/specificity_paired_sensitivity_analysis.csv,fb3fbd64eb5f5ce6b9925a2aebd04d6315abced9e85c33ca408b3bd122e1c3ff,817
tests/test_release.py,6fbbc687ed05df18a80778e59d9738e100d72db4227c820fd5cff6a8aede7038,7735
THIRD_PARTY_NOTICES.md,a8e7f510c5723554f6c172774c9ab56e83fc3031cab30029cd669c6942bd3ac3,467
