run_id,clean_candidate_id,accession,sequence_sha256,analysis_source,signature_database,signature_accession,signature_description,interpro_accession,interpro_description,start,end,evalue,evidence_status,function_axis_hint,function_axis_confidence,rbp_signal,lysin_signal,amp_signal,ambiguous_function_signal,notes
RUN_20260611_094850,V52_B1_04ac1b6e91280345743e,A0A449C5Q6,04ac1b6e91280345743e73baf98a13155d5aa5ffce3f68edca46fc3bf7579fe0,local_interproscan,Pfam,PF05268,Phage tail fibre adhesin Gp38,IPR007932,Receptor-recognising protein Gp38,47,260,9.5E-69,hit,RBP_like,high,true,false,false,false,Parsed from local InterProScan TSV.
RUN_20260611_094850,V52_B1_04ac1b6e91280345743e,A0A449C5Q6,04ac1b6e91280345743e73baf98a13155d5aa5ffce3f68edca46fc3bf7579fe0,local_interproscan,Pfam,PF21721,Phage tail fibre adhesin Gp38 N-terminal domain,IPR048291,"Phage tail fibre adhesin Gp38, N-terminal domain",1,42,3.6E-16,hit,RBP_like,high,true,false,false,false,Parsed from local InterProScan TSV.
RUN_20260611_094850,V52_B1_050f48d6bbb1c2af986a,A0A7U4GE98,050f48d6bbb1c2af986a6d09cd5207f83b8c12dd65fd07606b21eef83a04f0c2,local_interproscan,Pfam,PF02413,"Caudovirales tail fibre assembly protein, lambda gpK",IPR003458,"Bacteriophage T4, Gp38, tail fibre assembly",78,157,1.0E-13,hit,RBP_like,high,true,false,false,false,Parsed from local InterProScan TSV.
RUN_20260611_094850,V52_B1_0b0a5d194507b490da99,A0AAE9FUR5,0b0a5d194507b490da99957bc67691e4831ffc6f90bf0a31ab40a0970f3b21a5,local_interproscan,PANTHER,PTHR35191,PROPHAGE SIDE TAIL FIBER PROTEIN HOMOLOG STFQ-RELATED,IPR051934,Bacteriophage Tail Fiber Structural Protein,2,432,2.2E-64,hit,RBP_like,high,true,false,false,false,Parsed from local InterProScan TSV.
RUN_20260611_094850,V52_B1_0b0a5d194507b490da99,A0AAE9FUR5,0b0a5d194507b490da99957bc67691e4831ffc6f90bf0a31ab40a0970f3b21a5,local_interproscan,Pfam,PF12571,"Phage tail-collar fibre protein, N-terminal",IPR022225,"Phage tail fibre protein, N-terminal domain",1,150,1.1E-59,hit,RBP_like,high,true,false,false,false,Parsed from local InterProScan TSV.
RUN_20260611_094850,V52_B1_0b0a5d194507b490da99,A0AAE9FUR5,0b0a5d194507b490da99957bc67691e4831ffc6f90bf0a31ab40a0970f3b21a5,local_interproscan,Gene3D,G3DSA:6.20.70.20,,,,319,350,2.3E-8,hit,unknown,none,false,false,false,false,Parsed from local InterProScan TSV.
RUN_20260611_094850,V52_B1_0b0a5d194507b490da99,A0AAE9FUR5,0b0a5d194507b490da99957bc67691e4831ffc6f90bf0a31ab40a0970f3b21a5,local_interproscan,Pfam,PF03406,Phage tail fibre repeat,IPR005068,"Bacteriophage lambda, Tail fiber protein, repeat-2",184,220,2.8E-8,hit,RBP_like,high,true,false,false,false,Parsed from local InterProScan TSV.
RUN_20260611_094850,V52_B1_0d19a5553db33839e3e9,I7K3G3,0d19a5553db33839e3e9d7f1ca2514c718c0e489dff7097164eecfa3420186d8,local_interproscan,Pfam,PF03906,"Phage T7 tail fibre protein, N-terminal",IPR005604,"Bacteriophage T7 tail fibre protein-like, N-terminal domain",23,132,0.034,hit,RBP_like,high,true,false,false,false,Parsed from local InterProScan TSV.
RUN_20260611_094850,V52_B1_0d19a5553db33839e3e9,I7K3G3,0d19a5553db33839e3e9d7f1ca2514c718c0e489dff7097164eecfa3420186d8,local_interproscan,SUPERFAMILY,SSF88874,Receptor-binding domain of short tail fibre protein gp12,,,342,528,4.71E-8,hit,RBP_like,high,true,false,false,false,Parsed from local InterProScan TSV.
RUN_20260611_094850,V52_B1_0d19a5553db33839e3e9,I7K3G3,0d19a5553db33839e3e9d7f1ca2514c718c0e489dff7097164eecfa3420186d8,local_interproscan,Coils,Coil,Coil,,,538,558,,hit,unknown,none,false,false,false,false,Parsed from local InterProScan TSV.
RUN_20260611_094850,V52_B1_0d19a5553db33839e3e9,I7K3G3,0d19a5553db33839e3e9d7f1ca2514c718c0e489dff7097164eecfa3420186d8,local_interproscan,Coils,Coil,Coil,,,172,192,,hit,unknown,none,false,false,false,false,Parsed from local InterProScan TSV.
RUN_20260611_094850,V52_B1_1b77bafe97676059c794,S5M9F2,1b77bafe97676059c7945334f5b2df29004279673d1af9686ce84ae0000d71f3,local_interproscan,SUPERFAMILY,SSF69279,Phage tail proteins,,,201,376,2.38E-90,hit,unknown,none,false,false,false,false,Parsed from local InterProScan TSV.
RUN_20260611_094850,V52_B1_1b77bafe97676059c794,S5M9F2,1b77bafe97676059c7945334f5b2df29004279673d1af9686ce84ae0000d71f3,local_interproscan,Gene3D,G3DSA:3.55.50.20,,IPR043085,"Gp27, baseplate hub, domain 2",117,204,2.2E-43,hit,RBP_like,high,true,false,false,false,Parsed from local InterProScan TSV.
RUN_20260611_094850,V52_B1_1b77bafe97676059c794,S5M9F2,1b77bafe97676059c7945334f5b2df29004279673d1af9686ce84ae0000d71f3,local_interproscan,SUPERFAMILY,SSF69279,Phage tail proteins,,,4,200,2.55E-95,hit,unknown,none,false,false,false,false,Parsed from local InterProScan TSV.
RUN_20260611_094850,V52_B1_1b77bafe97676059c794,S5M9F2,1b77bafe97676059c7945334f5b2df29004279673d1af9686ce84ae0000d71f3,local_interproscan,Gene3D,G3DSA:2.40.10.10,,IPR043504,"Peptidase S1, PA clan, chymotrypsin-like fold",1,116,2.2E-61,hit,unknown,none,false,false,false,false,Parsed from local InterProScan TSV.
RUN_20260611_094850,V52_B1_1b77bafe97676059c794,S5M9F2,1b77bafe97676059c7945334f5b2df29004279673d1af9686ce84ae0000d71f3,local_interproscan,Pfam,PF09097,"Baseplate structural protein, domain 1",IPR015181,"Bacteriophage T4, Gp27, baseplate hub, N-terminal",5,200,8.5E-137,hit,RBP_like,high,true,false,false,false,Parsed from local InterProScan TSV.
RUN_20260611_094850,V52_B1_1b77bafe97676059c794,S5M9F2,1b77bafe97676059c7945334f5b2df29004279673d1af9686ce84ae0000d71f3,local_interproscan,Gene3D,G3DSA:3.30.1920.40,,IPR043084,"Gp27, baseplate hub, domain 4",249,377,9.8E-84,hit,RBP_like,high,true,false,false,false,Parsed from local InterProScan TSV.
RUN_20260611_094850,V52_B1_1b77bafe97676059c794,S5M9F2,1b77bafe97676059c7945334f5b2df29004279673d1af9686ce84ae0000d71f3,local_interproscan,Pfam,PF09096,"Baseplate structural protein, domain 2",IPR015180,"Bacteriophage T4, Gp27, baseplate hub, C-terminal",203,375,1.3E-119,hit,RBP_like,high,true,false,false,false,Parsed from local InterProScan TSV.
RUN_20260611_094850,V52_B1_1b77bafe97676059c794,S5M9F2,1b77bafe97676059c7945334f5b2df29004279673d1af9686ce84ae0000d71f3,local_interproscan,Gene3D,G3DSA:2.40.30.150,"Bacteriophage T4, Gp27, baseplate hub, domain 3",IPR043083,"Gp27, baseplate hub, domain 3",218,364,9.8E-84,hit,RBP_like,high,true,false,false,false,Parsed from local InterProScan TSV.
RUN_20260611_094850,V52_B1_1c0cffb89096a4367505,A0AAE9FSZ1,1c0cffb89096a4367505ba7d2a130c45a67699827289cac5a4168744a1456253,local_interproscan,PANTHER,PTHR35862,FELS-2 PROPHAGE PROTEIN,IPR052726,Bacteriophage Baseplate Hub,24,320,2.1E-16,hit,RBP_like,high,true,false,false,false,Parsed from local InterProScan TSV.
RUN_20260611_094850,V52_B1_1c0cffb89096a4367505,A0AAE9FSZ1,1c0cffb89096a4367505ba7d2a130c45a67699827289cac5a4168744a1456253,local_interproscan,Pfam,PF05954,Phage tail baseplate hub (GPD),,,96,367,1.8E-15,hit,RBP_like,high,true,false,false,false,Parsed from local InterProScan TSV.
RUN_20260611_094850,V52_B1_1c0cffb89096a4367505,A0AAE9FSZ1,1c0cffb89096a4367505ba7d2a130c45a67699827289cac5a4168744a1456253,local_interproscan,SUPERFAMILY,SSF69279,Phage tail proteins,,,15,188,3.51E-26,hit,unknown,none,false,false,false,false,Parsed from local InterProScan TSV.
RUN_20260611_094850,V52_B1_1dd7cfdf14ac10499a24,A0A449C5Z2,1dd7cfdf14ac10499a242a2a50492f988b9e12532004ff5282369331d697e3ae,local_interproscan,Gene3D,G3DSA:1.20.5.960,Bacteriophage t4 gene product 9 (gp9),,,17,51,1.3E-21,hit,unknown,none,false,false,false,false,Parsed from local InterProScan TSV.
RUN_20260611_094850,V52_B1_1dd7cfdf14ac10499a24,A0A449C5Z2,1dd7cfdf14ac10499a242a2a50492f988b9e12532004ff5282369331d697e3ae,local_interproscan,Pfam,PF07880,"Bacteriophage T4 gp9/10-like protein, N-terminal",IPR008987,"Baseplate structural protein Gp9/Gp10, N-terminal domain",7,168,3.0E-70,hit,RBP_like,high,true,false,false,false,Parsed from local InterProScan TSV.
RUN_20260611_094850,V52_B1_1dd7cfdf14ac10499a24,A0A449C5Z2,1dd7cfdf14ac10499a242a2a50492f988b9e12532004ff5282369331d697e3ae,local_interproscan,SUPERFAMILY,SSF50017,gp9,IPR036240,Gp9-like superfamily,1,288,7.72E-112,hit,unknown,none,false,false,false,false,Parsed from local InterProScan TSV.
RUN_20260611_094850,V52_B1_1dd7cfdf14ac10499a24,A0A449C5Z2,1dd7cfdf14ac10499a242a2a50492f988b9e12532004ff5282369331d697e3ae,local_interproscan,Gene3D,G3DSA:2.60.40.1680,,IPR027412,Baseplate structural protein Gp9 C-terminal domain superfamily,170,283,7.6E-43,hit,RBP_like,high,true,false,false,false,Parsed from local InterProScan TSV.
RUN_20260611_094850,V52_B1_1dd7cfdf14ac10499a24,A0A449C5Z2,1dd7cfdf14ac10499a242a2a50492f988b9e12532004ff5282369331d697e3ae,local_interproscan,Pfam,PF23618,"Bacteriophage T4 gp9/10-like protein, C-terminal",IPR056391,"Baseplate protein gp9-like, C-terminal",169,272,2.2E-38,hit,RBP_like,high,true,false,false,false,Parsed from local InterProScan TSV.
RUN_20260611_094850,V52_B1_1dd7cfdf14ac10499a24,A0A449C5Z2,1dd7cfdf14ac10499a242a2a50492f988b9e12532004ff5282369331d697e3ae,local_interproscan,Gene3D,G3DSA:2.60.120.640,gp9,IPR027411,Baseplate structural protein Gp9/Gp10 middle domain superfamily,67,169,5.2E-41,hit,RBP_like,high,true,false,false,false,Parsed from local InterProScan TSV.
RUN_20260611_094850,V52_B1_237c0c8d6d1fc671fe1d,Q9T0Z9,237c0c8d6d1fc671fe1d6b4fc132154cf7b8044ec87216cbfb35e32c9c2f3c0d,local_interproscan,Coils,Coil,Coil,,,158,185,,hit,unknown,none,false,false,false,false,Parsed from local InterProScan TSV.
RUN_20260611_094850,V52_B1_237c0c8d6d1fc671fe1d,Q9T0Z9,237c0c8d6d1fc671fe1d6b4fc132154cf7b8044ec87216cbfb35e32c9c2f3c0d,local_interproscan,Coils,Coil,Coil,,,623,643,,hit,unknown,none,false,false,false,false,Parsed from local InterProScan TSV.
RUN_20260611_094850,V52_B1_237c0c8d6d1fc671fe1d,Q9T0Z9,237c0c8d6d1fc671fe1d6b4fc132154cf7b8044ec87216cbfb35e32c9c2f3c0d,local_interproscan,MobiDBLite,mobidb-lite,consensus disorder prediction,,,163,198,,hit,unknown,none,false,false,false,false,Parsed from local InterProScan TSV.
RUN_20260611_094850,V52_B1_237c0c8d6d1fc671fe1d,Q9T0Z9,237c0c8d6d1fc671fe1d6b4fc132154cf7b8044ec87216cbfb35e32c9c2f3c0d,local_interproscan,MobiDBLite,mobidb-lite,consensus disorder prediction,,,177,198,,hit,unknown,none,false,false,false,false,Parsed from local InterProScan TSV.
RUN_20260611_094850,V52_B1_237c0c8d6d1fc671fe1d,Q9T0Z9,237c0c8d6d1fc671fe1d6b4fc132154cf7b8044ec87216cbfb35e32c9c2f3c0d,local_interproscan,MobiDBLite,mobidb-lite,consensus disorder prediction,,,235,258,,hit,unknown,none,false,false,false,false,Parsed from local InterProScan TSV.
RUN_20260611_094850,V52_B1_237c0c8d6d1fc671fe1d,Q9T0Z9,237c0c8d6d1fc671fe1d6b4fc132154cf7b8044ec87216cbfb35e32c9c2f3c0d,local_interproscan,MobiDBLite,mobidb-lite,consensus disorder prediction,,,247,258,,hit,unknown,none,false,false,false,false,Parsed from local InterProScan TSV.
RUN_20260611_094850,V52_B1_237c0c8d6d1fc671fe1d,Q9T0Z9,237c0c8d6d1fc671fe1d6b4fc132154cf7b8044ec87216cbfb35e32c9c2f3c0d,local_interproscan,ProSiteProfiles,PS51688,Intramolecular chaperone auto-processing (ICA) domain profile.,IPR030392,Intramolecular chaperone auto-processing domain,539,644,16.808466,hit,unknown,none,false,false,false,false,Parsed from local InterProScan TSV.
RUN_20260611_094850,V52_B1_237c0c8d6d1fc671fe1d,Q9T0Z9,237c0c8d6d1fc671fe1d6b4fc132154cf7b8044ec87216cbfb35e32c9c2f3c0d,local_interproscan,Pfam,PF03906,"Phage T7 tail fibre protein, N-terminal",IPR005604,"Bacteriophage T7 tail fibre protein-like, N-terminal domain",1,155,3.9E-55,hit,RBP_like,high,true,false,false,false,Parsed from local InterProScan TSV.
RUN_20260611_094850,V52_B1_237c0c8d6d1fc671fe1d,Q9T0Z9,237c0c8d6d1fc671fe1d6b4fc132154cf7b8044ec87216cbfb35e32c9c2f3c0d,local_interproscan,Pfam,PF13884,Chaperone of endosialidase,IPR030392,Intramolecular chaperone auto-processing domain,539,607,1.2E-8,hit,unknown,none,false,false,false,false,Parsed from local InterProScan TSV.
RUN_20260611_094850,V52_B1_29627bbbe8ea7dfe2e35,F4N2J8,29627bbbe8ea7dfe2e35208c062a4d62f00d351d957679077a1167c0ec281378,local_interproscan,Pfam,PF02413,"Caudovirales tail fibre assembly protein, lambda gpK",IPR003458,"Bacteriophage T4, Gp38, tail fibre assembly",77,154,3.0E-13,hit,RBP_like,high,true,false,false,false,Parsed from local InterProScan TSV.
RUN_20260611_094850,V52_B1_2cac81f244e27885be63,A0A7U4JZS3,2cac81f244e27885be637b43068da76fff60c1cab369ba5833ba5674a22b36ce,local_interproscan,Pfam,PF02413,"Caudovirales tail fibre assembly protein, lambda gpK",IPR003458,"Bacteriophage T4, Gp38, tail fibre assembly",125,208,8.5E-12,hit,RBP_like,high,true,false,false,false,Parsed from local InterProScan TSV.
RUN_20260611_094850,V52_B1_2f706398545e9484cf3a,A0A449C531,2f706398545e9484cf3ab23de0e4d902e5f2983144699b324256cbe738e03593,local_interproscan,Pfam,PF21472,"Baseplate structural protein gp6, C-terminal domain II",IPR049028,"Baseplate structural protein gp6, C-terminal domain II",494,617,2.0E-50,hit,RBP_like,high,true,false,false,false,Parsed from local InterProScan TSV.
RUN_20260611_094850,V52_B1_2f706398545e9484cf3a,A0A449C531,2f706398545e9484cf3ab23de0e4d902e5f2983144699b324256cbe738e03593,local_interproscan,Gene3D,G3DSA:3.30.300.200,,,,334,410,7.9E-30,hit,unknown,none,false,false,false,false,Parsed from local InterProScan TSV.
RUN_20260611_094850,V52_B1_2f706398545e9484cf3a,A0A449C531,2f706398545e9484cf3ab23de0e4d902e5f2983144699b324256cbe738e03593,local_interproscan,Pfam,PF21515,"Baseplate wedge protein gp6, domain II",IPR049029,"Baseplate wedge protein gp6, domain II, first",105,170,2.8E-35,hit,RBP_like,high,true,false,false,false,Parsed from local InterProScan TSV.
RUN_20260611_094850,V52_B1_2f706398545e9484cf3a,A0A449C531,2f706398545e9484cf3ab23de0e4d902e5f2983144699b324256cbe738e03593,local_interproscan,Hamap,MF_04102,Baseplate wedge protein gp6.,IPR034698,Baseplate wedge protein gp6,11,660,48.460827,hit,RBP_like,high,true,false,false,false,Parsed from local InterProScan TSV.
RUN_20260611_094850,V52_B1_2f706398545e9484cf3a,A0A449C531,2f706398545e9484cf3ab23de0e4d902e5f2983144699b324256cbe738e03593,local_interproscan,Pfam,PF21387,"Baseplate structural protein gp6, C-terminal domain I",IPR049027,"Baseplate structural protein gp6, C-terminal domain I",341,409,6.1E-39,hit,RBP_like,high,true,false,false,false,Parsed from local InterProScan TSV.
RUN_20260611_094850,V52_B1_2f706398545e9484cf3a,A0A449C531,2f706398545e9484cf3ab23de0e4d902e5f2983144699b324256cbe738e03593,local_interproscan,Pfam,PF21379,"Baseplate wedge protein gp6-like, helical domain",IPR049026,"Baseplate wedge protein gp6-like, N-terminal helical domain",25,98,1.2E-39,hit,RBP_like,high,true,false,false,false,Parsed from local InterProScan TSV.
RUN_20260611_094850,V52_B1_2f706398545e9484cf3a,A0A449C531,2f706398545e9484cf3ab23de0e4d902e5f2983144699b324256cbe738e03593,local_interproscan,Pfam,PF21871,"Baseplate structural protein gp6, C-terminal domain III",IPR054065,"Baseplate wedge protein gp6, C-terminal domain III",412,487,2.7E-39,hit,RBP_like,high,true,false,false,false,Parsed from local InterProScan TSV.
RUN_20260611_094850,V52_B1_3124183e9821df432db7,A0A0B4ZXE3,3124183e9821df432db7ac3c768868a86e973dbef06e467487b2cb79b378a225,local_interproscan,Pfam,PF07880,"Bacteriophage T4 gp9/10-like protein, N-terminal",IPR008987,"Baseplate structural protein Gp9/Gp10, N-terminal domain",2,145,6.9E-31,hit,RBP_like,high,true,false,false,false,Parsed from local InterProScan TSV.
RUN_20260611_094850,V52_B1_3124183e9821df432db7,A0A0B4ZXE3,3124183e9821df432db7ac3c768868a86e973dbef06e467487b2cb79b378a225,local_interproscan,Hamap,MF_04106,Baseplate wedge protein gp10.,IPR034695,Baseplate wedge protein gp10,1,608,48.987553,hit,RBP_like,high,true,false,false,false,Parsed from local InterProScan TSV.
RUN_20260611_094850,V52_B1_3124183e9821df432db7,A0A0B4ZXE3,3124183e9821df432db7ac3c768868a86e973dbef06e467487b2cb79b378a225,local_interproscan,SUPERFAMILY,SSF50017,gp9,IPR036240,Gp9-like superfamily,1,204,4.18E-66,hit,unknown,none,false,false,false,false,Parsed from local InterProScan TSV.
RUN_20260611_094850,V52_B1_3124183e9821df432db7,A0A0B4ZXE3,3124183e9821df432db7ac3c768868a86e973dbef06e467487b2cb79b378a225,local_interproscan,Pfam,PF21939,"Baseplate structural protein Gp10, C-terminal domain",IPR053827,"Baseplate structural protein Gp10, C-terminal domain",455,607,4.7E-48,hit,RBP_like,high,true,false,false,false,Parsed from local InterProScan TSV.
RUN_20260611_094850,V52_B1_3124183e9821df432db7,A0A0B4ZXE3,3124183e9821df432db7ac3c768868a86e973dbef06e467487b2cb79b378a225,local_interproscan,Pfam,PF23618,"Bacteriophage T4 gp9/10-like protein, C-terminal",IPR056391,"Baseplate protein gp9-like, C-terminal",160,268,2.2E-5,hit,RBP_like,high,true,false,false,false,Parsed from local InterProScan TSV.
RUN_20260611_094850,V52_B1_3124183e9821df432db7,A0A0B4ZXE3,3124183e9821df432db7ac3c768868a86e973dbef06e467487b2cb79b378a225,local_interproscan,Pfam,PF22670,Baseplate wedge protein gp10 domain 3,IPR054430,"Baseplate wedge protein gp10, domain 3",271,393,1.0E-39,hit,RBP_like,high,true,false,false,false,Parsed from local InterProScan TSV.
RUN_20260611_094850,V52_B1_31af91cfbc9aa9e674fa,I7K2S1,31af91cfbc9aa9e674fab1a2bd2b1581405808214a027ab656f63716f9b8f75a,local_interproscan,Pfam,PF23779,Bacteriophage Baseplate Tube Protein Family,IPR056389,Baseplate tube protein p140,1,297,2.0E-134,hit,RBP_like,high,true,false,false,false,Parsed from local InterProScan TSV.
RUN_20260611_094850,V52_B1_37276c3a50e79940a814,A0A6M3G9R6,37276c3a50e79940a814c237c70db0dbb257dbdba752b9d03f0ef451023bf234,local_interproscan,Pfam,PF12322,T4 bacteriophage base plate protein,IPR024364,"Baseplate hub assembly protein, bacteriophage T4-like",1,201,1.6E-51,hit,RBP_like,high,true,false,false,false,Parsed from local InterProScan TSV.
RUN_20260611_094850,V52_B1_3d638b35b546184ac847,A0A7U4GHF9,3d638b35b546184ac847c1288314396dd0dfb7da01d79fcb31a8d5759bb74eb7,local_interproscan,Pfam,PF04865,Baseplate J-like protein,IPR006949,Baseplate protein J-like,82,308,6.0E-22,hit,RBP_like,high,true,false,false,false,Parsed from local InterProScan TSV.
RUN_20260611_094850,V52_B1_3d638b35b546184ac847,A0A7U4GHF9,3d638b35b546184ac847c1288314396dd0dfb7da01d79fcb31a8d5759bb74eb7,local_interproscan,PANTHER,PTHR37829,PHAGE-LIKE ELEMENT PBSX PROTEIN XKDT,IPR052399,Phage Baseplate Assembly Protein,69,268,1.1E-9,hit,RBP_like,high,true,false,false,false,Parsed from local InterProScan TSV.
RUN_20260611_094850,V52_B1_4162ecdd071e275c3f9f,A0AAD2UYA7,4162ecdd071e275c3f9f01dc72a0b5175b5a1e0394dbd5a1cb3340d7fb46b9bc,local_interproscan,Pfam,PF02413,"Caudovirales tail fibre assembly protein, lambda gpK",IPR003458,"Bacteriophage T4, Gp38, tail fibre assembly",77,137,0.27,hit,RBP_like,high,true,false,false,false,Parsed from local InterProScan TSV.
RUN_20260611_094850,V52_B1_43673ebc598b71fc3692,A0A449C3Z7,43673ebc598b71fc36926840a497682eff2af35975666ab1aed35ce712cd2865,local_interproscan,Pfam,PF03903,Phage T4 tail fibre,IPR005601,Tail fibre protein p36,85,203,1.7E-19,hit,RBP_like,high,true,false,false,false,Parsed from local InterProScan TSV.
RUN_20260611_094850,V52_B1_4cf9be016acb222c9dd8,A0A1V0DXT2,4cf9be016acb222c9dd82907ec96196678519449cf00555117b10875c818a327,local_interproscan,Gene3D,G3DSA:3.30.300.200,,,,333,409,1.8E-28,hit,unknown,none,false,false,false,false,Parsed from local InterProScan TSV.
RUN_20260611_094850,V52_B1_4cf9be016acb222c9dd8,A0A1V0DXT2,4cf9be016acb222c9dd82907ec96196678519449cf00555117b10875c818a327,local_interproscan,Pfam,PF21387,"Baseplate structural protein gp6, C-terminal domain I",IPR049027,"Baseplate structural protein gp6, C-terminal domain I",340,408,8.8E-39,hit,RBP_like,high,true,false,false,false,Parsed from local InterProScan TSV.
RUN_20260611_094850,V52_B1_4cf9be016acb222c9dd8,A0A1V0DXT2,4cf9be016acb222c9dd82907ec96196678519449cf00555117b10875c818a327,local_interproscan,Pfam,PF21472,"Baseplate structural protein gp6, C-terminal domain II",IPR049028,"Baseplate structural protein gp6, C-terminal domain II",495,606,3.5E-43,hit,RBP_like,high,true,false,false,false,Parsed from local InterProScan TSV.
RUN_20260611_094850,V52_B1_4cf9be016acb222c9dd8,A0A1V0DXT2,4cf9be016acb222c9dd82907ec96196678519449cf00555117b10875c818a327,local_interproscan,Hamap,MF_04102,Baseplate wedge protein gp6.,IPR034698,Baseplate wedge protein gp6,10,650,48.111961,hit,RBP_like,high,true,false,false,false,Parsed from local InterProScan TSV.
RUN_20260611_094850,V52_B1_4cf9be016acb222c9dd8,A0A1V0DXT2,4cf9be016acb222c9dd82907ec96196678519449cf00555117b10875c818a327,local_interproscan,Pfam,PF21379,"Baseplate wedge protein gp6-like, helical domain",IPR049026,"Baseplate wedge protein gp6-like, N-terminal helical domain",24,97,1.4E-39,hit,RBP_like,high,true,false,false,false,Parsed from local InterProScan TSV.
RUN_20260611_094850,V52_B1_4cf9be016acb222c9dd8,A0A1V0DXT2,4cf9be016acb222c9dd82907ec96196678519449cf00555117b10875c818a327,local_interproscan,Pfam,PF21871,"Baseplate structural protein gp6, C-terminal domain III",IPR054065,"Baseplate wedge protein gp6, C-terminal domain III",411,488,2.3E-36,hit,RBP_like,high,true,false,false,false,Parsed from local InterProScan TSV.
RUN_20260611_094850,V52_B1_4cf9be016acb222c9dd8,A0A1V0DXT2,4cf9be016acb222c9dd82907ec96196678519449cf00555117b10875c818a327,local_interproscan,Pfam,PF21515,"Baseplate wedge protein gp6, domain II",IPR049029,"Baseplate wedge protein gp6, domain II, first",104,169,3.6E-31,hit,RBP_like,high,true,false,false,false,Parsed from local InterProScan TSV.
RUN_20260611_094850,V52_B1_4e6298264c5c9d8277fc,I7LHJ5,4e6298264c5c9d8277fc76adabec82cca067fc5e5dad4c5bff54a37d0dd7dc9c,local_interproscan,Gene3D,G3DSA:2.20.20.20,,IPR043180,"Baseplate structural protein Gp11, C-terminal domain",67,217,2.2E-60,hit,RBP_like,high,true,false,false,false,Parsed from local InterProScan TSV.
RUN_20260611_094850,V52_B1_4e6298264c5c9d8277fc,I7LHJ5,4e6298264c5c9d8277fc76adabec82cca067fc5e5dad4c5bff54a37d0dd7dc9c,local_interproscan,Pfam,PF08677,GP11 baseplate wedge protein,IPR014791,Baseplate structural protein Gp11,1,219,3.9E-110,hit,RBP_like,high,true,false,false,false,Parsed from local InterProScan TSV.
RUN_20260611_094850,V52_B1_4e6298264c5c9d8277fc,I7LHJ5,4e6298264c5c9d8277fc76adabec82cca067fc5e5dad4c5bff54a37d0dd7dc9c,local_interproscan,SUPERFAMILY,SSF56558,Baseplate structural protein gp11,IPR036214,Baseplate structural protein Gp11 superfamily,12,219,4.97E-84,hit,RBP_like,high,true,false,false,false,Parsed from local InterProScan TSV.
RUN_20260611_094850,V52_B1_4e6298264c5c9d8277fc,I7LHJ5,4e6298264c5c9d8277fc76adabec82cca067fc5e5dad4c5bff54a37d0dd7dc9c,local_interproscan,Gene3D,G3DSA:3.90.1160.10,"Baseplate structural protein gp11, finger domain",IPR015976,"Bacteriophage T4, Gp11, C-terminal finger domain",81,189,2.2E-60,hit,RBP_like,high,true,false,false,false,Parsed from local InterProScan TSV.
RUN_20260611_094850,V52_B1_4e6298264c5c9d8277fc,I7LHJ5,4e6298264c5c9d8277fc76adabec82cca067fc5e5dad4c5bff54a37d0dd7dc9c,local_interproscan,Gene3D,G3DSA:1.10.286.30,,IPR015982,"Baseplate structural protein Gp11, N-terminal domain superfamily",1,63,1.1E-30,hit,RBP_like,high,true,false,false,false,Parsed from local InterProScan TSV.
RUN_20260611_094850,V52_B1_5f5f9211ef028b655d15,S5MLA1,5f5f9211ef028b655d15e9047abd7cb1c6e487af81719a9daa092beac5738a0a,local_interproscan,Pfam,PF21721,Phage tail fibre adhesin Gp38 N-terminal domain,IPR048291,"Phage tail fibre adhesin Gp38, N-terminal domain",8,49,8.0E-16,hit,RBP_like,high,true,false,false,false,Parsed from local InterProScan TSV.
RUN_20260611_094850,V52_B1_5f5f9211ef028b655d15,S5MLA1,5f5f9211ef028b655d15e9047abd7cb1c6e487af81719a9daa092beac5738a0a,local_interproscan,Pfam,PF05268,Phage tail fibre adhesin Gp38,IPR007932,Receptor-recognising protein Gp38,54,267,2.0E-67,hit,RBP_like,high,true,false,false,false,Parsed from local InterProScan TSV.
RUN_20260611_094850,V52_B1_607ce748a4e1fab09355,S5ML14,607ce748a4e1fab093556e28c0e0c90fdef605cf8172eaf0be544952202a513a,local_interproscan,Hamap,MF_04102,Baseplate wedge protein gp6.,IPR034698,Baseplate wedge protein gp6,11,660,48.41383,hit,RBP_like,high,true,false,false,false,Parsed from local InterProScan TSV.
RUN_20260611_094850,V52_B1_607ce748a4e1fab09355,S5ML14,607ce748a4e1fab093556e28c0e0c90fdef605cf8172eaf0be544952202a513a,local_interproscan,Pfam,PF21515,"Baseplate wedge protein gp6, domain II",IPR049029,"Baseplate wedge protein gp6, domain II, first",105,170,2.8E-35,hit,RBP_like,high,true,false,false,false,Parsed from local InterProScan TSV.
RUN_20260611_094850,V52_B1_607ce748a4e1fab09355,S5ML14,607ce748a4e1fab093556e28c0e0c90fdef605cf8172eaf0be544952202a513a,local_interproscan,Gene3D,G3DSA:3.30.300.200,,,,334,410,7.9E-30,hit,unknown,none,false,false,false,false,Parsed from local InterProScan TSV.
RUN_20260611_094850,V52_B1_607ce748a4e1fab09355,S5ML14,607ce748a4e1fab093556e28c0e0c90fdef605cf8172eaf0be544952202a513a,local_interproscan,Pfam,PF21472,"Baseplate structural protein gp6, C-terminal domain II",IPR049028,"Baseplate structural protein gp6, C-terminal domain II",494,617,1.8E-50,hit,RBP_like,high,true,false,false,false,Parsed from local InterProScan TSV.
RUN_20260611_094850,V52_B1_607ce748a4e1fab09355,S5ML14,607ce748a4e1fab093556e28c0e0c90fdef605cf8172eaf0be544952202a513a,local_interproscan,Pfam,PF21379,"Baseplate wedge protein gp6-like, helical domain",IPR049026,"Baseplate wedge protein gp6-like, N-terminal helical domain",25,98,1.2E-39,hit,RBP_like,high,true,false,false,false,Parsed from local InterProScan TSV.
RUN_20260611_094850,V52_B1_607ce748a4e1fab09355,S5ML14,607ce748a4e1fab093556e28c0e0c90fdef605cf8172eaf0be544952202a513a,local_interproscan,Pfam,PF21387,"Baseplate structural protein gp6, C-terminal domain I",IPR049027,"Baseplate structural protein gp6, C-terminal domain I",341,409,6.1E-39,hit,RBP_like,high,true,false,false,false,Parsed from local InterProScan TSV.
RUN_20260611_094850,V52_B1_607ce748a4e1fab09355,S5ML14,607ce748a4e1fab093556e28c0e0c90fdef605cf8172eaf0be544952202a513a,local_interproscan,Pfam,PF21871,"Baseplate structural protein gp6, C-terminal domain III",IPR054065,"Baseplate wedge protein gp6, C-terminal domain III",412,487,1.2E-39,hit,RBP_like,high,true,false,false,false,Parsed from local InterProScan TSV.
RUN_20260611_094850,V52_B1_628e0cfdf66a9ac88118,I7K324,628e0cfdf66a9ac8811855af973f3e5a7faeaeda92f37c3b328834a7ec1497ca,local_interproscan,SUPERFAMILY,SSF50017,gp9,IPR036240,Gp9-like superfamily,1,212,1.06E-66,hit,unknown,none,false,false,false,false,Parsed from local InterProScan TSV.
RUN_20260611_094850,V52_B1_628e0cfdf66a9ac88118,I7K324,628e0cfdf66a9ac8811855af973f3e5a7faeaeda92f37c3b328834a7ec1497ca,local_interproscan,Hamap,MF_04106,Baseplate wedge protein gp10.,IPR034695,Baseplate wedge protein gp10,1,608,49.11034,hit,RBP_like,high,true,false,false,false,Parsed from local InterProScan TSV.
RUN_20260611_094850,V52_B1_628e0cfdf66a9ac88118,I7K324,628e0cfdf66a9ac8811855af973f3e5a7faeaeda92f37c3b328834a7ec1497ca,local_interproscan,Pfam,PF23618,"Bacteriophage T4 gp9/10-like protein, C-terminal",IPR056391,"Baseplate protein gp9-like, C-terminal",160,268,2.1E-5,hit,RBP_like,high,true,false,false,false,Parsed from local InterProScan TSV.
RUN_20260611_094850,V52_B1_628e0cfdf66a9ac88118,I7K324,628e0cfdf66a9ac8811855af973f3e5a7faeaeda92f37c3b328834a7ec1497ca,local_interproscan,Pfam,PF07880,"Bacteriophage T4 gp9/10-like protein, N-terminal",IPR008987,"Baseplate structural protein Gp9/Gp10, N-terminal domain",2,145,1.1E-31,hit,RBP_like,high,true,false,false,false,Parsed from local InterProScan TSV.
RUN_20260611_094850,V52_B1_628e0cfdf66a9ac88118,I7K324,628e0cfdf66a9ac8811855af973f3e5a7faeaeda92f37c3b328834a7ec1497ca,local_interproscan,Pfam,PF22670,Baseplate wedge protein gp10 domain 3,IPR054430,"Baseplate wedge protein gp10, domain 3",271,393,1.0E-39,hit,RBP_like,high,true,false,false,false,Parsed from local InterProScan TSV.
RUN_20260611_094850,V52_B1_628e0cfdf66a9ac88118,I7K324,628e0cfdf66a9ac8811855af973f3e5a7faeaeda92f37c3b328834a7ec1497ca,local_interproscan,Pfam,PF21939,"Baseplate structural protein Gp10, C-terminal domain",IPR053827,"Baseplate structural protein Gp10, C-terminal domain",455,607,5.7E-48,hit,RBP_like,high,true,false,false,false,Parsed from local InterProScan TSV.
RUN_20260611_094850,V52_B1_671b0a26d696e9d51ee6,A0AAE7V5N4,671b0a26d696e9d51ee6847d290c5472f9fabb476cf9b9ed0a08d2e284251307,local_interproscan,Pfam,PF05954,Phage tail baseplate hub (GPD),,,51,364,1.8E-22,hit,RBP_like,high,true,false,false,false,Parsed from local InterProScan TSV.
RUN_20260611_094850,V52_B1_671b0a26d696e9d51ee6,A0AAE7V5N4,671b0a26d696e9d51ee6847d290c5472f9fabb476cf9b9ed0a08d2e284251307,local_interproscan,SUPERFAMILY,SSF69279,Phage tail proteins,,,15,186,3.06E-27,hit,unknown,none,false,false,false,false,Parsed from local InterProScan TSV.
RUN_20260611_094850,V52_B1_671b0a26d696e9d51ee6,A0AAE7V5N4,671b0a26d696e9d51ee6847d290c5472f9fabb476cf9b9ed0a08d2e284251307,local_interproscan,MobiDBLite,mobidb-lite,consensus disorder prediction,,,234,275,,hit,unknown,none,false,false,false,false,Parsed from local InterProScan TSV.
RUN_20260611_094850,V52_B1_671b0a26d696e9d51ee6,A0AAE7V5N4,671b0a26d696e9d51ee6847d290c5472f9fabb476cf9b9ed0a08d2e284251307,local_interproscan,MobiDBLite,mobidb-lite,consensus disorder prediction,,,240,254,,hit,unknown,none,false,false,false,false,Parsed from local InterProScan TSV.
RUN_20260611_094850,V52_B1_671b0a26d696e9d51ee6,A0AAE7V5N4,671b0a26d696e9d51ee6847d290c5472f9fabb476cf9b9ed0a08d2e284251307,local_interproscan,MobiDBLite,mobidb-lite,consensus disorder prediction,,,263,272,,hit,unknown,none,false,false,false,false,Parsed from local InterProScan TSV.
RUN_20260611_094850,V52_B1_671b0a26d696e9d51ee6,A0AAE7V5N4,671b0a26d696e9d51ee6847d290c5472f9fabb476cf9b9ed0a08d2e284251307,local_interproscan,PANTHER,PTHR35862,FELS-2 PROPHAGE PROTEIN,IPR052726,Bacteriophage Baseplate Hub,24,317,9.1E-17,hit,RBP_like,high,true,false,false,false,Parsed from local InterProScan TSV.
RUN_20260611_094850,V52_B1_699ab633ea6a90a81465,A0A0G2PMU5,699ab633ea6a90a81465b27e99819190b56e586bc629039b6d35f0e2423c6504,local_interproscan,Pfam,PF03406,Phage tail fibre repeat,IPR005068,"Bacteriophage lambda, Tail fiber protein, repeat-2",182,219,1.8E-13,hit,RBP_like,high,true,false,false,false,Parsed from local InterProScan TSV.
RUN_20260611_094850,V52_B1_699ab633ea6a90a81465,A0A0G2PMU5,699ab633ea6a90a81465b27e99819190b56e586bc629039b6d35f0e2423c6504,local_interproscan,PANTHER,PTHR35191,PROPHAGE SIDE TAIL FIBER PROTEIN HOMOLOG STFQ-RELATED,IPR051934,Bacteriophage Tail Fiber Structural Protein,1,262,1.1E-66,hit,RBP_like,high,true,false,false,false,Parsed from local InterProScan TSV.
RUN_20260611_094850,V52_B1_699ab633ea6a90a81465,A0A0G2PMU5,699ab633ea6a90a81465b27e99819190b56e586bc629039b6d35f0e2423c6504,local_interproscan,Pfam,PF12571,"Phage tail-collar fibre protein, N-terminal",IPR022225,"Phage tail fibre protein, N-terminal domain",1,150,1.1E-59,hit,RBP_like,high,true,false,false,false,Parsed from local InterProScan TSV.
RUN_20260611_094850,V52_B1_6c8c50932ac02f35aaef,A0A0U2DXE3,6c8c50932ac02f35aaef97a084d9d364f171171b08a5f71d29587014136b1faa,local_interproscan,Pfam,PF03906,"Phage T7 tail fibre protein, N-terminal",IPR005604,"Bacteriophage T7 tail fibre protein-like, N-terminal domain",1,57,9.0E-14,hit,RBP_like,high,true,false,false,false,Parsed from local InterProScan TSV.
RUN_20260611_094850,V52_B1_6c8c50932ac02f35aaef,A0A0U2DXE3,6c8c50932ac02f35aaef97a084d9d364f171171b08a5f71d29587014136b1faa,local_interproscan,MobiDBLite,mobidb-lite,consensus disorder prediction,,,136,161,,hit,unknown,none,false,false,false,false,Parsed from local InterProScan TSV.
RUN_20260611_094850,V52_B1_6c8c50932ac02f35aaef,A0A0U2DXE3,6c8c50932ac02f35aaef97a084d9d364f171171b08a5f71d29587014136b1faa,local_interproscan,MobiDBLite,mobidb-lite,consensus disorder prediction,,,79,100,,hit,unknown,none,false,false,false,false,Parsed from local InterProScan TSV.
RUN_20260611_094850,V52_B1_6c8c50932ac02f35aaef,A0A0U2DXE3,6c8c50932ac02f35aaef97a084d9d364f171171b08a5f71d29587014136b1faa,local_interproscan,MobiDBLite,mobidb-lite,consensus disorder prediction,,,64,100,,hit,unknown,none,false,false,false,false,Parsed from local InterProScan TSV.
RUN_20260611_094850,V52_B1_6c8c50932ac02f35aaef,A0A0U2DXE3,6c8c50932ac02f35aaef97a084d9d364f171171b08a5f71d29587014136b1faa,local_interproscan,MobiDBLite,mobidb-lite,consensus disorder prediction,,,149,161,,hit,unknown,none,false,false,false,false,Parsed from local InterProScan TSV.
RUN_20260611_094850,V52_B1_6c8c50932ac02f35aaef,A0A0U2DXE3,6c8c50932ac02f35aaef97a084d9d364f171171b08a5f71d29587014136b1faa,local_interproscan,Pfam,PF13884,Chaperone of endosialidase,IPR030392,Intramolecular chaperone auto-processing domain,441,509,9.5E-9,hit,unknown,none,false,false,false,false,Parsed from local InterProScan TSV.
RUN_20260611_094850,V52_B1_6c8c50932ac02f35aaef,A0A0U2DXE3,6c8c50932ac02f35aaef97a084d9d364f171171b08a5f71d29587014136b1faa,local_interproscan,Coils,Coil,Coil,,,60,87,,hit,unknown,none,false,false,false,false,Parsed from local InterProScan TSV.
RUN_20260611_094850,V52_B1_6c8c50932ac02f35aaef,A0A0U2DXE3,6c8c50932ac02f35aaef97a084d9d364f171171b08a5f71d29587014136b1faa,local_interproscan,ProSiteProfiles,PS51688,Intramolecular chaperone auto-processing (ICA) domain profile.,IPR030392,Intramolecular chaperone auto-processing domain,441,546,17.449003,hit,unknown,none,false,false,false,false,Parsed from local InterProScan TSV.
RUN_20260611_094850,V52_B1_6d9f69b6a2a2d5b21dd2,A0AAE9FQ76,6d9f69b6a2a2d5b21dd2584529617d084247e0a796e02e2a82dca4480ee65042,local_interproscan,Pfam,PF03406,Phage tail fibre repeat,IPR005068,"Bacteriophage lambda, Tail fiber protein, repeat-2",182,218,1.1E-11,hit,RBP_like,high,true,false,false,false,Parsed from local InterProScan TSV.
RUN_20260611_094850,V52_B1_6d9f69b6a2a2d5b21dd2,A0AAE9FQ76,6d9f69b6a2a2d5b21dd2584529617d084247e0a796e02e2a82dca4480ee65042,local_interproscan,PANTHER,PTHR35191,PROPHAGE SIDE TAIL FIBER PROTEIN HOMOLOG STFQ-RELATED,IPR051934,Bacteriophage Tail Fiber Structural Protein,1,220,3.5E-66,hit,RBP_like,high,true,false,false,false,Parsed from local InterProScan TSV.
RUN_20260611_094850,V52_B1_6d9f69b6a2a2d5b21dd2,A0AAE9FQ76,6d9f69b6a2a2d5b21dd2584529617d084247e0a796e02e2a82dca4480ee65042,local_interproscan,Pfam,PF12571,"Phage tail-collar fibre protein, N-terminal",IPR022225,"Phage tail fibre protein, N-terminal domain",1,150,3.3E-60,hit,RBP_like,high,true,false,false,false,Parsed from local InterProScan TSV.
RUN_20260611_094850,V52_B1_725a0d6fec836debf2a9,A0A0G2PMY8,725a0d6fec836debf2a97c3bc879782b127ba0b7d0db368c536fa10e0f2bc334,local_interproscan,Pfam,PF04865,Baseplate J-like protein,IPR006949,Baseplate protein J-like,118,261,2.0E-19,hit,RBP_like,high,true,false,false,false,Parsed from local InterProScan TSV.
RUN_20260611_094850,V52_B1_725a0d6fec836debf2a9,A0A0G2PMY8,725a0d6fec836debf2a97c3bc879782b127ba0b7d0db368c536fa10e0f2bc334,local_interproscan,PIRSF,PIRSF020481,BAP,IPR014507,"Baseplate assembly protein J, predicted",1,302,2.9E-128,hit,RBP_like,high,true,false,false,false,Parsed from local InterProScan TSV.
RUN_20260611_094850,V52_B1_725a0d6fec836debf2a9,A0A0G2PMY8,725a0d6fec836debf2a97c3bc879782b127ba0b7d0db368c536fa10e0f2bc334,local_interproscan,PANTHER,PTHR35862,FELS-2 PROPHAGE PROTEIN,IPR052726,Bacteriophage Baseplate Hub,6,302,1.8E-33,hit,RBP_like,high,true,false,false,false,Parsed from local InterProScan TSV.
RUN_20260611_094850,V52_B1_743e21f9b05dae4a29b6,A0A0H3NZ57,743e21f9b05dae4a29b622853aea9b32658cf3fdfe77ccae6a2d0c884fee96dc,local_interproscan,Gene3D,G3DSA:3.90.1340.10,Phage tail collar domain,IPR037053,Phage tail collar domain superfamily,279,331,3.3E-21,hit,unknown,none,false,false,false,false,Parsed from local InterProScan TSV.
RUN_20260611_094850,V52_B1_743e21f9b05dae4a29b6,A0A0H3NZ57,743e21f9b05dae4a29b622853aea9b32658cf3fdfe77ccae6a2d0c884fee96dc,local_interproscan,SUPERFAMILY,SSF88874,Receptor-binding domain of short tail fibre protein gp12,,,279,429,2.27E-35,hit,RBP_like,high,true,false,false,false,Parsed from local InterProScan TSV.
RUN_20260611_094850,V52_B1_743e21f9b05dae4a29b6,A0A0H3NZ57,743e21f9b05dae4a29b622853aea9b32658cf3fdfe77ccae6a2d0c884fee96dc,local_interproscan,Pfam,PF12571,"Phage tail-collar fibre protein, N-terminal",IPR022225,"Phage tail fibre protein, N-terminal domain",7,64,1.7E-10,hit,RBP_like,high,true,false,false,false,Parsed from local InterProScan TSV.
RUN_20260611_094850,V52_B1_743e21f9b05dae4a29b6,A0A0H3NZ57,743e21f9b05dae4a29b622853aea9b32658cf3fdfe77ccae6a2d0c884fee96dc,local_interproscan,Pfam,PF03406,Phage tail fibre repeat,IPR005068,"Bacteriophage lambda, Tail fiber protein, repeat-2",95,131,5.9E-8,hit,RBP_like,high,true,false,false,false,Parsed from local InterProScan TSV.
RUN_20260611_094850,V52_B1_743e21f9b05dae4a29b6,A0A0H3NZ57,743e21f9b05dae4a29b622853aea9b32658cf3fdfe77ccae6a2d0c884fee96dc,local_interproscan,PANTHER,PTHR35191,PROPHAGE SIDE TAIL FIBER PROTEIN HOMOLOG STFQ-RELATED,IPR051934,Bacteriophage Tail Fiber Structural Protein,9,136,1.5E-41,hit,RBP_like,high,true,false,false,false,Parsed from local InterProScan TSV.
RUN_20260611_094850,V52_B1_743e21f9b05dae4a29b6,A0A0H3NZ57,743e21f9b05dae4a29b622853aea9b32658cf3fdfe77ccae6a2d0c884fee96dc,local_interproscan,Pfam,PF07484,Phage Tail Collar Domain,IPR011083,Phage tail collar domain,283,330,5.7E-7,hit,unknown,none,false,false,false,false,Parsed from local InterProScan TSV.
RUN_20260611_094850,V52_B1_76db5d59aa15d8db44a6,A0A449C440,76db5d59aa15d8db44a6c9f68dc6368e96ba22dd46797eea03aa47c29fcfb11a,local_interproscan,Gene3D,G3DSA:1.20.5.960,Bacteriophage t4 gene product 9 (gp9),,,17,51,1.3E-21,hit,unknown,none,false,false,false,false,Parsed from local InterProScan TSV.
RUN_20260611_094850,V52_B1_76db5d59aa15d8db44a6,A0A449C440,76db5d59aa15d8db44a6c9f68dc6368e96ba22dd46797eea03aa47c29fcfb11a,local_interproscan,Pfam,PF07880,"Bacteriophage T4 gp9/10-like protein, N-terminal",IPR008987,"Baseplate structural protein Gp9/Gp10, N-terminal domain",7,168,4.0E-69,hit,RBP_like,high,true,false,false,false,Parsed from local InterProScan TSV.
RUN_20260611_094850,V52_B1_76db5d59aa15d8db44a6,A0A449C440,76db5d59aa15d8db44a6c9f68dc6368e96ba22dd46797eea03aa47c29fcfb11a,local_interproscan,Gene3D,G3DSA:2.60.40.1680,,IPR027412,Baseplate structural protein Gp9 C-terminal domain superfamily,170,283,3.6E-43,hit,RBP_like,high,true,false,false,false,Parsed from local InterProScan TSV.
RUN_20260611_094850,V52_B1_76db5d59aa15d8db44a6,A0A449C440,76db5d59aa15d8db44a6c9f68dc6368e96ba22dd46797eea03aa47c29fcfb11a,local_interproscan,SUPERFAMILY,SSF50017,gp9,IPR036240,Gp9-like superfamily,1,288,3.27E-112,hit,unknown,none,false,false,false,false,Parsed from local InterProScan TSV.
RUN_20260611_094850,V52_B1_76db5d59aa15d8db44a6,A0A449C440,76db5d59aa15d8db44a6c9f68dc6368e96ba22dd46797eea03aa47c29fcfb11a,local_interproscan,Gene3D,G3DSA:2.60.120.640,gp9,IPR027411,Baseplate structural protein Gp9/Gp10 middle domain superfamily,67,169,2.8E-41,hit,RBP_like,high,true,false,false,false,Parsed from local InterProScan TSV.
RUN_20260611_094850,V52_B1_76db5d59aa15d8db44a6,A0A449C440,76db5d59aa15d8db44a6c9f68dc6368e96ba22dd46797eea03aa47c29fcfb11a,local_interproscan,Pfam,PF23618,"Bacteriophage T4 gp9/10-like protein, C-terminal",IPR056391,"Baseplate protein gp9-like, C-terminal",169,272,5.1E-38,hit,RBP_like,high,true,false,false,false,Parsed from local InterProScan TSV.
RUN_20260611_094850,V52_B1_7e60bd943abfc9e1cb1b,A0A9P1PWH0,7e60bd943abfc9e1cb1b7e4fae29212ad5b208240d2d771505110ca0ca645295,local_interproscan,PANTHER,PTHR35862,FELS-2 PROPHAGE PROTEIN,IPR052726,Bacteriophage Baseplate Hub,25,299,4.4E-14,hit,RBP_like,high,true,false,false,false,Parsed from local InterProScan TSV.
RUN_20260611_094850,V52_B1_7e60bd943abfc9e1cb1b,A0A9P1PWH0,7e60bd943abfc9e1cb1b7e4fae29212ad5b208240d2d771505110ca0ca645295,local_interproscan,MobiDBLite,mobidb-lite,consensus disorder prediction,,,251,260,,hit,unknown,none,false,false,false,false,Parsed from local InterProScan TSV.
RUN_20260611_094850,V52_B1_7e60bd943abfc9e1cb1b,A0A9P1PWH0,7e60bd943abfc9e1cb1b7e4fae29212ad5b208240d2d771505110ca0ca645295,local_interproscan,MobiDBLite,mobidb-lite,consensus disorder prediction,,,237,261,,hit,unknown,none,false,false,false,false,Parsed from local InterProScan TSV.
RUN_20260611_094850,V52_B1_7e60bd943abfc9e1cb1b,A0A9P1PWH0,7e60bd943abfc9e1cb1b7e4fae29212ad5b208240d2d771505110ca0ca645295,local_interproscan,MobiDBLite,mobidb-lite,consensus disorder prediction,,,239,250,,hit,unknown,none,false,false,false,false,Parsed from local InterProScan TSV.
RUN_20260611_094850,V52_B1_7e60bd943abfc9e1cb1b,A0A9P1PWH0,7e60bd943abfc9e1cb1b7e4fae29212ad5b208240d2d771505110ca0ca645295,local_interproscan,SUPERFAMILY,SSF69279,Phage tail proteins,,,12,184,1.64E-26,hit,unknown,none,false,false,false,false,Parsed from local InterProScan TSV.
RUN_20260611_094850,V52_B1_7e60bd943abfc9e1cb1b,A0A9P1PWH0,7e60bd943abfc9e1cb1b7e4fae29212ad5b208240d2d771505110ca0ca645295,local_interproscan,Pfam,PF05954,Phage tail baseplate hub (GPD),,,76,346,1.1E-12,hit,RBP_like,high,true,false,false,false,Parsed from local InterProScan TSV.
RUN_20260611_094850,V52_B1_81f52f281797e2a3702f,A0AAE7CTI2,81f52f281797e2a3702f544a73dc81aacaf4a9638add7bc3e6f56900d19e1735,local_interproscan,Pfam,PF02413,"Caudovirales tail fibre assembly protein, lambda gpK",IPR003458,"Bacteriophage T4, Gp38, tail fibre assembly",40,175,5.0E-31,hit,RBP_like,high,true,false,false,false,Parsed from local InterProScan TSV.
RUN_20260611_094850,V52_B1_81f52f281797e2a3702f,A0AAE7CTI2,81f52f281797e2a3702f544a73dc81aacaf4a9638add7bc3e6f56900d19e1735,local_interproscan,PANTHER,PTHR34413,PROPHAGE TAIL FIBER ASSEMBLY PROTEIN HOMOLOG TFAE-RELATED-RELATED,IPR051220,Tail Fiber Assembly Chaperone,86,174,1.3E-10,hit,RBP_like,high,true,false,false,false,Parsed from local InterProScan TSV.
RUN_20260611_094850,V52_B1_89e47e574cb0175826ee,S5M3B5,89e47e574cb0175826eedd63e6981c304334ccda689d988569ca9c40bbb0a060,local_interproscan,Pfam,PF14928,Short tail fibre protein receptor-binding domain,IPR027448,"Short tail fibre protein, C-terminal",433,525,4.1E-57,hit,RBP_like,high,true,false,false,false,Parsed from local InterProScan TSV.
RUN_20260611_094850,V52_B1_89e47e574cb0175826ee,S5M3B5,89e47e574cb0175826eedd63e6981c304334ccda689d988569ca9c40bbb0a060,local_interproscan,Pfam,PF09089,"Phage short tail fibre protein gp12, middle domain",IPR015173,"Bacteriophage T4, Gp12",246,326,2.1E-37,hit,RBP_like,high,true,false,false,false,Parsed from local InterProScan TSV.
RUN_20260611_094850,V52_B1_89e47e574cb0175826ee,S5M3B5,89e47e574cb0175826eedd63e6981c304334ccda689d988569ca9c40bbb0a060,local_interproscan,Gene3D,G3DSA:2.160.30.10,,,,287,329,7.2E-28,hit,unknown,none,false,false,false,false,Parsed from local InterProScan TSV.
RUN_20260611_094850,V52_B1_89e47e574cb0175826ee,S5M3B5,89e47e574cb0175826eedd63e6981c304334ccda689d988569ca9c40bbb0a060,local_interproscan,Gene3D,G3DSA:4.10.1070.10,,IPR044916,"Short tail fibre protein, C-terminal superfamily",397,518,6.1E-52,hit,RBP_like,high,true,false,false,false,Parsed from local InterProScan TSV.
RUN_20260611_094850,V52_B1_89e47e574cb0175826ee,S5M3B5,89e47e574cb0175826eedd63e6981c304334ccda689d988569ca9c40bbb0a060,local_interproscan,SUPERFAMILY,SSF88874,Receptor-binding domain of short tail fibre protein gp12,,,333,525,1.57E-53,hit,RBP_like,high,true,false,false,false,Parsed from local InterProScan TSV.
RUN_20260611_094850,V52_B1_89e47e574cb0175826ee,S5M3B5,89e47e574cb0175826eedd63e6981c304334ccda689d988569ca9c40bbb0a060,local_interproscan,Pfam,PF07484,Phage Tail Collar Domain,IPR011083,Phage tail collar domain,344,400,7.0E-11,hit,unknown,none,false,false,false,false,Parsed from local InterProScan TSV.
RUN_20260611_094850,V52_B1_89e47e574cb0175826ee,S5M3B5,89e47e574cb0175826eedd63e6981c304334ccda689d988569ca9c40bbb0a060,local_interproscan,Gene3D,G3DSA:2.10.280.10,,,,246,286,1.4E-25,hit,unknown,none,false,false,false,false,Parsed from local InterProScan TSV.
RUN_20260611_094850,V52_B1_89e47e574cb0175826ee,S5M3B5,89e47e574cb0175826eedd63e6981c304334ccda689d988569ca9c40bbb0a060,local_interproscan,Gene3D,G3DSA:3.90.1340.10,Phage tail collar domain,IPR037053,Phage tail collar domain superfamily,330,396,1.3E-18,hit,unknown,none,false,false,false,false,Parsed from local InterProScan TSV.
RUN_20260611_094850,V52_B1_89e47e574cb0175826ee,S5M3B5,89e47e574cb0175826eedd63e6981c304334ccda689d988569ca9c40bbb0a060,local_interproscan,SUPERFAMILY,SSF69349,Phage fibre proteins,,,246,326,5.41E-34,hit,unknown,none,false,false,false,false,Parsed from local InterProScan TSV.
RUN_20260611_094850,V52_B1_a19d5b056f4272393662,I7LHK5,a19d5b056f427239366299a89fa3bed3f09f4a6ce19dbbc486db245683ff9805,local_interproscan,SUPERFAMILY,SSF69279,Phage tail proteins,,,201,376,4.25E-90,hit,unknown,none,false,false,false,false,Parsed from local InterProScan TSV.
RUN_20260611_094850,V52_B1_a19d5b056f4272393662,I7LHK5,a19d5b056f427239366299a89fa3bed3f09f4a6ce19dbbc486db245683ff9805,local_interproscan,Gene3D,G3DSA:3.55.50.20,,IPR043085,"Gp27, baseplate hub, domain 2",117,204,2.2E-43,hit,RBP_like,high,true,false,false,false,Parsed from local InterProScan TSV.
RUN_20260611_094850,V52_B1_a19d5b056f4272393662,I7LHK5,a19d5b056f427239366299a89fa3bed3f09f4a6ce19dbbc486db245683ff9805,local_interproscan,Gene3D,G3DSA:3.30.1920.40,,IPR043084,"Gp27, baseplate hub, domain 4",249,377,9.3E-84,hit,RBP_like,high,true,false,false,false,Parsed from local InterProScan TSV.
RUN_20260611_094850,V52_B1_a19d5b056f4272393662,I7LHK5,a19d5b056f427239366299a89fa3bed3f09f4a6ce19dbbc486db245683ff9805,local_interproscan,SUPERFAMILY,SSF69279,Phage tail proteins,,,4,200,2.55E-95,hit,unknown,none,false,false,false,false,Parsed from local InterProScan TSV.
RUN_20260611_094850,V52_B1_a19d5b056f4272393662,I7LHK5,a19d5b056f427239366299a89fa3bed3f09f4a6ce19dbbc486db245683ff9805,local_interproscan,Gene3D,G3DSA:2.40.10.10,,IPR043504,"Peptidase S1, PA clan, chymotrypsin-like fold",1,116,2.2E-61,hit,unknown,none,false,false,false,false,Parsed from local InterProScan TSV.
RUN_20260611_094850,V52_B1_a19d5b056f4272393662,I7LHK5,a19d5b056f427239366299a89fa3bed3f09f4a6ce19dbbc486db245683ff9805,local_interproscan,Gene3D,G3DSA:2.40.30.150,"Bacteriophage T4, Gp27, baseplate hub, domain 3",IPR043083,"Gp27, baseplate hub, domain 3",218,364,9.3E-84,hit,RBP_like,high,true,false,false,false,Parsed from local InterProScan TSV.
RUN_20260611_094850,V52_B1_a19d5b056f4272393662,I7LHK5,a19d5b056f427239366299a89fa3bed3f09f4a6ce19dbbc486db245683ff9805,local_interproscan,Pfam,PF09096,"Baseplate structural protein, domain 2",IPR015180,"Bacteriophage T4, Gp27, baseplate hub, C-terminal",203,375,2.8E-119,hit,RBP_like,high,true,false,false,false,Parsed from local InterProScan TSV.
RUN_20260611_094850,V52_B1_a19d5b056f4272393662,I7LHK5,a19d5b056f427239366299a89fa3bed3f09f4a6ce19dbbc486db245683ff9805,local_interproscan,Pfam,PF09097,"Baseplate structural protein, domain 1",IPR015181,"Bacteriophage T4, Gp27, baseplate hub, N-terminal",5,200,8.5E-137,hit,RBP_like,high,true,false,false,false,Parsed from local InterProScan TSV.
RUN_20260611_094850,V52_B1_af70e7c90ab2426588f1,A0AAE7S353,af70e7c90ab2426588f1267b520d5833a38dc7838ea79ad6b2b98908339c5dee,local_interproscan,Pfam,PF21446,"Long-tail fiber proximal subunit, C-terminal, trimerization domain",IPR048390,"Long-tail fiber proximal subunit, trimerization domain",419,481,9.0E-4,hit,RBP_like,high,true,false,false,false,Parsed from local InterProScan TSV.
RUN_20260611_094850,V52_B1_af70e7c90ab2426588f1,A0AAE7S353,af70e7c90ab2426588f1267b520d5833a38dc7838ea79ad6b2b98908339c5dee,local_interproscan,PANTHER,PTHR35191,PROPHAGE SIDE TAIL FIBER PROTEIN HOMOLOG STFQ-RELATED,IPR051934,Bacteriophage Tail Fiber Structural Protein,1,201,3.1E-112,hit,RBP_like,high,true,false,false,false,Parsed from local InterProScan TSV.
RUN_20260611_094850,V52_B1_af70e7c90ab2426588f1,A0AAE7S353,af70e7c90ab2426588f1267b520d5833a38dc7838ea79ad6b2b98908339c5dee,local_interproscan,Pfam,PF12571,"Phage tail-collar fibre protein, N-terminal",IPR022225,"Phage tail fibre protein, N-terminal domain",1,151,6.5E-55,hit,RBP_like,high,true,false,false,false,Parsed from local InterProScan TSV.
RUN_20260611_094850,V52_B1_af70e7c90ab2426588f1,A0AAE7S353,af70e7c90ab2426588f1267b520d5833a38dc7838ea79ad6b2b98908339c5dee,local_interproscan,MobiDBLite,mobidb-lite,consensus disorder prediction,,,251,271,,hit,unknown,none,false,false,false,false,Parsed from local InterProScan TSV.
RUN_20260611_094850,V52_B1_af70e7c90ab2426588f1,A0AAE7S353,af70e7c90ab2426588f1267b520d5833a38dc7838ea79ad6b2b98908339c5dee,local_interproscan,Pfam,PF03406,Phage tail fibre repeat,IPR005068,"Bacteriophage lambda, Tail fiber protein, repeat-2",214,254,4.3E-15,hit,RBP_like,high,true,false,false,false,Parsed from local InterProScan TSV.
RUN_20260611_094850,V52_B1_af70e7c90ab2426588f1,A0AAE7S353,af70e7c90ab2426588f1267b520d5833a38dc7838ea79ad6b2b98908339c5dee,local_interproscan,Pfam,PF03406,Phage tail fibre repeat,IPR005068,"Bacteriophage lambda, Tail fiber protein, repeat-2",170,210,1.1E-17,hit,RBP_like,high,true,false,false,false,Parsed from local InterProScan TSV.
RUN_20260611_094850,V52_B1_b01cd292eb360577ff4b,Q858U5,b01cd292eb360577ff4b8238e56e8bb274479e8bdbe6c7f38f2952522f54a612,local_interproscan,PANTHER,PTHR35862,FELS-2 PROPHAGE PROTEIN,IPR052726,Bacteriophage Baseplate Hub,24,317,8.3E-17,hit,RBP_like,high,true,false,false,false,Parsed from local InterProScan TSV.
RUN_20260611_094850,V52_B1_b01cd292eb360577ff4b,Q858U5,b01cd292eb360577ff4b8238e56e8bb274479e8bdbe6c7f38f2952522f54a612,local_interproscan,SUPERFAMILY,SSF69279,Phage tail proteins,,,15,186,4.59E-27,hit,unknown,none,false,false,false,false,Parsed from local InterProScan TSV.
RUN_20260611_094850,V52_B1_b01cd292eb360577ff4b,Q858U5,b01cd292eb360577ff4b8238e56e8bb274479e8bdbe6c7f38f2952522f54a612,local_interproscan,Pfam,PF05954,Phage tail baseplate hub (GPD),,,51,364,1.1E-22,hit,RBP_like,high,true,false,false,false,Parsed from local InterProScan TSV.
RUN_20260611_094850,V52_B1_b01cd292eb360577ff4b,Q858U5,b01cd292eb360577ff4b8238e56e8bb274479e8bdbe6c7f38f2952522f54a612,local_interproscan,MobiDBLite,mobidb-lite,consensus disorder prediction,,,240,254,,hit,unknown,none,false,false,false,false,Parsed from local InterProScan TSV.
RUN_20260611_094850,V52_B1_b01cd292eb360577ff4b,Q858U5,b01cd292eb360577ff4b8238e56e8bb274479e8bdbe6c7f38f2952522f54a612,local_interproscan,MobiDBLite,mobidb-lite,consensus disorder prediction,,,235,275,,hit,unknown,none,false,false,false,false,Parsed from local InterProScan TSV.
RUN_20260611_094850,V52_B1_b52688302df2559fdf27,Q858J8,b52688302df2559fdf274b7d94dc047f197964ad1e9e2f0a9cfa4c768bc7f388,local_interproscan,Gene3D,G3DSA:2.60.320.30,,,,464,558,3.0E-44,hit,unknown,none,false,false,false,false,Parsed from local InterProScan TSV.
RUN_20260611_094850,V52_B1_b52688302df2559fdf27,Q858J8,b52688302df2559fdf274b7d94dc047f197964ad1e9e2f0a9cfa4c768bc7f388,local_interproscan,Pfam,PF20744,Tail fibre protein gp37 trimerization region,IPR048388,"Tail fibre protein gp37, trimerization region",371,463,2.7E-33,hit,RBP_like,high,true,false,false,false,Parsed from local InterProScan TSV.
RUN_20260611_094850,V52_B1_b52688302df2559fdf27,Q858J8,b52688302df2559fdf274b7d94dc047f197964ad1e9e2f0a9cfa4c768bc7f388,local_interproscan,Coils,Coil,Coil,,,242,262,,hit,unknown,none,false,false,false,false,Parsed from local InterProScan TSV.
RUN_20260611_094850,V52_B1_b52688302df2559fdf27,Q858J8,b52688302df2559fdf274b7d94dc047f197964ad1e9e2f0a9cfa4c768bc7f388,local_interproscan,Pfam,PF12604,Tail fibre protein gp37 C terminal domain,IPR022246,"Bacteriophage T7, Gp17, C-terminal",466,545,1.4E-4,hit,RBP_like,high,true,false,false,false,Parsed from local InterProScan TSV.
RUN_20260611_094850,V52_B1_b52688302df2559fdf27,Q858J8,b52688302df2559fdf274b7d94dc047f197964ad1e9e2f0a9cfa4c768bc7f388,local_interproscan,Gene3D,G3DSA:6.20.80.10,,,,370,430,2.5E-23,hit,unknown,none,false,false,false,false,Parsed from local InterProScan TSV.
RUN_20260611_094850,V52_B1_b52688302df2559fdf27,Q858J8,b52688302df2559fdf274b7d94dc047f197964ad1e9e2f0a9cfa4c768bc7f388,local_interproscan,Gene3D,G3DSA:6.20.70.20,,,,431,463,1.3E-15,hit,unknown,none,false,false,false,false,Parsed from local InterProScan TSV.
RUN_20260611_094850,V52_B1_b52688302df2559fdf27,Q858J8,b52688302df2559fdf274b7d94dc047f197964ad1e9e2f0a9cfa4c768bc7f388,local_interproscan,MobiDBLite,mobidb-lite,consensus disorder prediction,,,213,232,,hit,unknown,none,false,false,false,false,Parsed from local InterProScan TSV.
RUN_20260611_094850,V52_B1_b52688302df2559fdf27,Q858J8,b52688302df2559fdf274b7d94dc047f197964ad1e9e2f0a9cfa4c768bc7f388,local_interproscan,MobiDBLite,mobidb-lite,consensus disorder prediction,,,198,212,,hit,unknown,none,false,false,false,false,Parsed from local InterProScan TSV.
RUN_20260611_094850,V52_B1_b52688302df2559fdf27,Q858J8,b52688302df2559fdf274b7d94dc047f197964ad1e9e2f0a9cfa4c768bc7f388,local_interproscan,MobiDBLite,mobidb-lite,consensus disorder prediction,,,234,253,,hit,unknown,none,false,false,false,false,Parsed from local InterProScan TSV.
RUN_20260611_094850,V52_B1_b52688302df2559fdf27,Q858J8,b52688302df2559fdf274b7d94dc047f197964ad1e9e2f0a9cfa4c768bc7f388,local_interproscan,MobiDBLite,mobidb-lite,consensus disorder prediction,,,183,257,,hit,unknown,none,false,false,false,false,Parsed from local InterProScan TSV.
RUN_20260611_094850,V52_B1_b52688302df2559fdf27,Q858J8,b52688302df2559fdf274b7d94dc047f197964ad1e9e2f0a9cfa4c768bc7f388,local_interproscan,MobiDBLite,mobidb-lite,consensus disorder prediction,,,183,197,,hit,unknown,none,false,false,false,false,Parsed from local InterProScan TSV.
RUN_20260611_094850,V52_B1_b52688302df2559fdf27,Q858J8,b52688302df2559fdf274b7d94dc047f197964ad1e9e2f0a9cfa4c768bc7f388,local_interproscan,Pfam,PF03906,"Phage T7 tail fibre protein, N-terminal",IPR005604,"Bacteriophage T7 tail fibre protein-like, N-terminal domain",1,162,6.3E-70,hit,RBP_like,high,true,false,false,false,Parsed from local InterProScan TSV.
RUN_20260611_094850,V52_B1_c60d3696ead8f7842f23,S5MRA5,c60d3696ead8f7842f23b321a2e85f8ae3f9104b6bf012aa89e9c5f9b9c29e51,local_interproscan,FunFam,G3DSA:2.170.290.10:FF:000001,Baseplate wedge protein gp8,,,88,245,3.0E-113,hit,RBP_like,high,true,false,false,false,Parsed from local InterProScan TSV.
RUN_20260611_094850,V52_B1_c60d3696ead8f7842f23,S5MRA5,c60d3696ead8f7842f23b321a2e85f8ae3f9104b6bf012aa89e9c5f9b9c29e51,local_interproscan,Gene3D,G3DSA:2.170.290.10,"baseplate structural protein gp8, domain 2",,,88,245,7.1E-177,hit,RBP_like,high,true,false,false,false,Parsed from local InterProScan TSV.
RUN_20260611_094850,V52_B1_c60d3696ead8f7842f23,S5MRA5,c60d3696ead8f7842f23b321a2e85f8ae3f9104b6bf012aa89e9c5f9b9c29e51,local_interproscan,SUPERFAMILY,SSF89433,Baseplate structural protein gp8,IPR036327,"Bacteriophage T4, Gp8 superfamily",7,334,1.44E-151,hit,RBP_like,high,true,false,false,false,Parsed from local InterProScan TSV.
RUN_20260611_094850,V52_B1_c60d3696ead8f7842f23,S5MRA5,c60d3696ead8f7842f23b321a2e85f8ae3f9104b6bf012aa89e9c5f9b9c29e51,local_interproscan,Gene3D,G3DSA:2.60.340.10,"baseplate structural protein gp8, domain 1",,,12,334,7.1E-177,hit,RBP_like,high,true,false,false,false,Parsed from local InterProScan TSV.
RUN_20260611_094850,V52_B1_c60d3696ead8f7842f23,S5MRA5,c60d3696ead8f7842f23b321a2e85f8ae3f9104b6bf012aa89e9c5f9b9c29e51,local_interproscan,Pfam,PF09215,"Bacteriophage T4, Gp8",IPR015298,"Bacteriophage T4, Gp8",10,334,6.6E-193,hit,unknown,none,false,false,false,false,Parsed from local InterProScan TSV.
RUN_20260611_094850,V52_B1_cd565017b4e6079c3c29,F4N729,cd565017b4e6079c3c291738af8dbf2470f107cc115a7a8b4567e32bbe435367,local_interproscan,PANTHER,PTHR35191,PROPHAGE SIDE TAIL FIBER PROTEIN HOMOLOG STFQ-RELATED,IPR051934,Bacteriophage Tail Fiber Structural Protein,1,92,1.6E-23,hit,RBP_like,high,true,false,false,false,Parsed from local InterProScan TSV.
RUN_20260611_094850,V52_B1_cd565017b4e6079c3c29,F4N729,cd565017b4e6079c3c291738af8dbf2470f107cc115a7a8b4567e32bbe435367,local_interproscan,Pfam,PF12571,"Phage tail-collar fibre protein, N-terminal",IPR022225,"Phage tail fibre protein, N-terminal domain",1,92,5.8E-33,hit,RBP_like,high,true,false,false,false,Parsed from local InterProScan TSV.
RUN_20260611_094850,V52_B1_cfb1b0edf5a228825f7d,A0A0B5A4Q9,cfb1b0edf5a228825f7dfae24d63985f58af86415032b76c5abcc0525b434e54,local_interproscan,Pfam,PF02413,"Caudovirales tail fibre assembly protein, lambda gpK",IPR003458,"Bacteriophage T4, Gp38, tail fibre assembly",70,174,3.5E-6,hit,RBP_like,high,true,false,false,false,Parsed from local InterProScan TSV.
RUN_20260611_094850,V52_B1_d04c570455dadb2885ec,A0A088F649,d04c570455dadb2885ec7beccd299a76d7320d05ac41aa68161a025d3151a77a,local_interproscan,Coils,Coil,Coil,,,158,185,,hit,unknown,none,false,false,false,false,Parsed from local InterProScan TSV.
RUN_20260611_094850,V52_B1_d04c570455dadb2885ec,A0A088F649,d04c570455dadb2885ec7beccd299a76d7320d05ac41aa68161a025d3151a77a,local_interproscan,MobiDBLite,mobidb-lite,consensus disorder prediction,,,177,200,,hit,unknown,none,false,false,false,false,Parsed from local InterProScan TSV.
RUN_20260611_094850,V52_B1_d04c570455dadb2885ec,A0A088F649,d04c570455dadb2885ec7beccd299a76d7320d05ac41aa68161a025d3151a77a,local_interproscan,MobiDBLite,mobidb-lite,consensus disorder prediction,,,164,201,,hit,unknown,none,false,false,false,false,Parsed from local InterProScan TSV.
RUN_20260611_094850,V52_B1_d04c570455dadb2885ec,A0A088F649,d04c570455dadb2885ec7beccd299a76d7320d05ac41aa68161a025d3151a77a,local_interproscan,Pfam,PF13884,Chaperone of endosialidase,IPR030392,Intramolecular chaperone auto-processing domain,540,608,5.3E-8,hit,unknown,none,false,false,false,false,Parsed from local InterProScan TSV.
RUN_20260611_094850,V52_B1_d04c570455dadb2885ec,A0A088F649,d04c570455dadb2885ec7beccd299a76d7320d05ac41aa68161a025d3151a77a,local_interproscan,ProSiteProfiles,PS51688,Intramolecular chaperone auto-processing (ICA) domain profile.,IPR030392,Intramolecular chaperone auto-processing domain,540,645,17.603207,hit,unknown,none,false,false,false,false,Parsed from local InterProScan TSV.
RUN_20260611_094850,V52_B1_d04c570455dadb2885ec,A0A088F649,d04c570455dadb2885ec7beccd299a76d7320d05ac41aa68161a025d3151a77a,local_interproscan,Pfam,PF03906,"Phage T7 tail fibre protein, N-terminal",IPR005604,"Bacteriophage T7 tail fibre protein-like, N-terminal domain",1,155,4.1E-55,hit,RBP_like,high,true,false,false,false,Parsed from local InterProScan TSV.
RUN_20260611_094850,V52_B1_d4fca03c0ade8d07aecf,A0A449C555,d4fca03c0ade8d07aecf959b3e1f22413af38e6613ae461a59c17e209607554e,local_interproscan,Pfam,PF12322,T4 bacteriophage base plate protein,IPR024364,"Baseplate hub assembly protein, bacteriophage T4-like",1,201,1.4E-51,hit,RBP_like,high,true,false,false,false,Parsed from local InterProScan TSV.
RUN_20260611_094850,V52_B1_d79cea01584a0b61d006,A0A1V0DXW2,d79cea01584a0b61d00656930b19cef1b4a366133d8e8ca7ed6c0f9775600097,local_interproscan,Pfam,PF12322,T4 bacteriophage base plate protein,IPR024364,"Baseplate hub assembly protein, bacteriophage T4-like",1,199,9.2E-44,hit,RBP_like,high,true,false,false,false,Parsed from local InterProScan TSV.
RUN_20260611_094850,V52_B1_d80697b26d5ffe3b4736,A0A0H3NZ47,d80697b26d5ffe3b4736b6527e486ccd8cf2312ac98625679b5f5030f7c5bb83,local_interproscan,MobiDBLite,mobidb-lite,consensus disorder prediction,,,255,279,,hit,unknown,none,false,false,false,false,Parsed from local InterProScan TSV.
RUN_20260611_094850,V52_B1_d80697b26d5ffe3b4736,A0A0H3NZ47,d80697b26d5ffe3b4736b6527e486ccd8cf2312ac98625679b5f5030f7c5bb83,local_interproscan,Pfam,PF05954,Phage tail baseplate hub (GPD),,,96,367,2.8E-15,hit,RBP_like,high,true,false,false,false,Parsed from local InterProScan TSV.
RUN_20260611_094850,V52_B1_d80697b26d5ffe3b4736,A0A0H3NZ47,d80697b26d5ffe3b4736b6527e486ccd8cf2312ac98625679b5f5030f7c5bb83,local_interproscan,SUPERFAMILY,SSF69279,Phage tail proteins,,,15,188,4.82E-26,hit,unknown,none,false,false,false,false,Parsed from local InterProScan TSV.
RUN_20260611_094850,V52_B1_d80697b26d5ffe3b4736,A0A0H3NZ47,d80697b26d5ffe3b4736b6527e486ccd8cf2312ac98625679b5f5030f7c5bb83,local_interproscan,PANTHER,PTHR35862,FELS-2 PROPHAGE PROTEIN,IPR052726,Bacteriophage Baseplate Hub,24,320,9.6E-17,hit,RBP_like,high,true,false,false,false,Parsed from local InterProScan TSV.
RUN_20260611_094850,V52_B1_d80b009022fb67229062,I6Q9A1,d80b009022fb672290626551547c1c9dd640ed8b2ce166890938dce88ce4687d,local_interproscan,Gene3D,G3DSA:6.20.80.10,,,,370,430,2.5E-23,hit,unknown,none,false,false,false,false,Parsed from local InterProScan TSV.
RUN_20260611_094850,V52_B1_d80b009022fb67229062,I6Q9A1,d80b009022fb672290626551547c1c9dd640ed8b2ce166890938dce88ce4687d,local_interproscan,Gene3D,G3DSA:2.60.320.30,,,,464,558,6.6E-45,hit,unknown,none,false,false,false,false,Parsed from local InterProScan TSV.
RUN_20260611_094850,V52_B1_d80b009022fb67229062,I6Q9A1,d80b009022fb672290626551547c1c9dd640ed8b2ce166890938dce88ce4687d,local_interproscan,Coils,Coil,Coil,,,242,262,,hit,unknown,none,false,false,false,false,Parsed from local InterProScan TSV.
RUN_20260611_094850,V52_B1_d80b009022fb67229062,I6Q9A1,d80b009022fb672290626551547c1c9dd640ed8b2ce166890938dce88ce4687d,local_interproscan,Pfam,PF12604,Tail fibre protein gp37 C terminal domain,IPR022246,"Bacteriophage T7, Gp17, C-terminal",483,533,1.7E-4,hit,RBP_like,high,true,false,false,false,Parsed from local InterProScan TSV.
RUN_20260611_094850,V52_B1_d80b009022fb67229062,I6Q9A1,d80b009022fb672290626551547c1c9dd640ed8b2ce166890938dce88ce4687d,local_interproscan,MobiDBLite,mobidb-lite,consensus disorder prediction,,,182,197,,hit,unknown,none,false,false,false,false,Parsed from local InterProScan TSV.
RUN_20260611_094850,V52_B1_d80b009022fb67229062,I6Q9A1,d80b009022fb672290626551547c1c9dd640ed8b2ce166890938dce88ce4687d,local_interproscan,MobiDBLite,mobidb-lite,consensus disorder prediction,,,182,212,,hit,unknown,none,false,false,false,false,Parsed from local InterProScan TSV.
RUN_20260611_094850,V52_B1_d80b009022fb67229062,I6Q9A1,d80b009022fb672290626551547c1c9dd640ed8b2ce166890938dce88ce4687d,local_interproscan,MobiDBLite,mobidb-lite,consensus disorder prediction,,,198,212,,hit,unknown,none,false,false,false,false,Parsed from local InterProScan TSV.
RUN_20260611_094850,V52_B1_d80b009022fb67229062,I6Q9A1,d80b009022fb672290626551547c1c9dd640ed8b2ce166890938dce88ce4687d,local_interproscan,Pfam,PF20744,Tail fibre protein gp37 trimerization region,IPR048388,"Tail fibre protein gp37, trimerization region",371,463,2.7E-33,hit,RBP_like,high,true,false,false,false,Parsed from local InterProScan TSV.
RUN_20260611_094850,V52_B1_d80b009022fb67229062,I6Q9A1,d80b009022fb672290626551547c1c9dd640ed8b2ce166890938dce88ce4687d,local_interproscan,Gene3D,G3DSA:6.20.70.20,,,,431,463,1.3E-15,hit,unknown,none,false,false,false,false,Parsed from local InterProScan TSV.
RUN_20260611_094850,V52_B1_d80b009022fb67229062,I6Q9A1,d80b009022fb672290626551547c1c9dd640ed8b2ce166890938dce88ce4687d,local_interproscan,Pfam,PF03906,"Phage T7 tail fibre protein, N-terminal",IPR005604,"Bacteriophage T7 tail fibre protein-like, N-terminal domain",1,162,6.3E-70,hit,RBP_like,high,true,false,false,false,Parsed from local InterProScan TSV.
RUN_20260611_094850,V52_B1_e92abc0cdf34f2e59b61,A0A0P0LE96,e92abc0cdf34f2e59b61c8a28763e87d31c64cda99dc6bb5f7299896ad81d52f,local_interproscan,Coils,Coil,Coil,,,615,635,,hit,unknown,none,false,false,false,false,Parsed from local InterProScan TSV.
RUN_20260611_094850,V52_B1_e92abc0cdf34f2e59b61,A0A0P0LE96,e92abc0cdf34f2e59b61c8a28763e87d31c64cda99dc6bb5f7299896ad81d52f,local_interproscan,Pfam,PF13884,Chaperone of endosialidase,IPR030392,Intramolecular chaperone auto-processing domain,531,599,4.6E-7,hit,unknown,none,false,false,false,false,Parsed from local InterProScan TSV.
RUN_20260611_094850,V52_B1_e92abc0cdf34f2e59b61,A0A0P0LE96,e92abc0cdf34f2e59b61c8a28763e87d31c64cda99dc6bb5f7299896ad81d52f,local_interproscan,ProSiteProfiles,PS51688,Intramolecular chaperone auto-processing (ICA) domain profile.,IPR030392,Intramolecular chaperone auto-processing domain,531,636,15.972209,hit,unknown,none,false,false,false,false,Parsed from local InterProScan TSV.
RUN_20260611_094850,V52_B1_e92abc0cdf34f2e59b61,A0A0P0LE96,e92abc0cdf34f2e59b61c8a28763e87d31c64cda99dc6bb5f7299896ad81d52f,local_interproscan,Pfam,PF03906,"Phage T7 tail fibre protein, N-terminal",IPR005604,"Bacteriophage T7 tail fibre protein-like, N-terminal domain",1,162,1.9E-56,hit,RBP_like,high,true,false,false,false,Parsed from local InterProScan TSV.
RUN_20260611_094850,V52_B1_efe60e0c4edc1bce8171,A0AAT9S6U3,efe60e0c4edc1bce817107f1e953ab39400334b5852696582c6a4c5d8e6cdade,local_interproscan,Coils,Coil,Coil,,,164,191,,hit,unknown,none,false,false,false,false,Parsed from local InterProScan TSV.
RUN_20260611_094850,V52_B1_efe60e0c4edc1bce8171,A0AAT9S6U3,efe60e0c4edc1bce817107f1e953ab39400334b5852696582c6a4c5d8e6cdade,local_interproscan,Pfam,PF13884,Chaperone of endosialidase,IPR030392,Intramolecular chaperone auto-processing domain,516,584,3.7E-9,hit,unknown,none,false,false,false,false,Parsed from local InterProScan TSV.
RUN_20260611_094850,V52_B1_efe60e0c4edc1bce8171,A0AAT9S6U3,efe60e0c4edc1bce817107f1e953ab39400334b5852696582c6a4c5d8e6cdade,local_interproscan,MobiDBLite,mobidb-lite,consensus disorder prediction,,,242,252,,hit,unknown,none,false,false,false,false,Parsed from local InterProScan TSV.
RUN_20260611_094850,V52_B1_efe60e0c4edc1bce8171,A0AAT9S6U3,efe60e0c4edc1bce817107f1e953ab39400334b5852696582c6a4c5d8e6cdade,local_interproscan,MobiDBLite,mobidb-lite,consensus disorder prediction,,,218,233,,hit,unknown,none,false,false,false,false,Parsed from local InterProScan TSV.
RUN_20260611_094850,V52_B1_efe60e0c4edc1bce8171,A0AAT9S6U3,efe60e0c4edc1bce817107f1e953ab39400334b5852696582c6a4c5d8e6cdade,local_interproscan,MobiDBLite,mobidb-lite,consensus disorder prediction,,,193,252,,hit,unknown,none,false,false,false,false,Parsed from local InterProScan TSV.
RUN_20260611_094850,V52_B1_efe60e0c4edc1bce8171,A0AAT9S6U3,efe60e0c4edc1bce817107f1e953ab39400334b5852696582c6a4c5d8e6cdade,local_interproscan,Coils,Coil,Coil,,,600,620,,hit,unknown,none,false,false,false,false,Parsed from local InterProScan TSV.
RUN_20260611_094850,V52_B1_efe60e0c4edc1bce8171,A0AAT9S6U3,efe60e0c4edc1bce817107f1e953ab39400334b5852696582c6a4c5d8e6cdade,local_interproscan,Coils,Coil,Coil,,,248,268,,hit,unknown,none,false,false,false,false,Parsed from local InterProScan TSV.
RUN_20260611_094850,V52_B1_efe60e0c4edc1bce8171,A0AAT9S6U3,efe60e0c4edc1bce817107f1e953ab39400334b5852696582c6a4c5d8e6cdade,local_interproscan,ProSiteProfiles,PS51688,Intramolecular chaperone auto-processing (ICA) domain profile.,IPR030392,Intramolecular chaperone auto-processing domain,516,621,17.199905,hit,unknown,none,false,false,false,false,Parsed from local InterProScan TSV.
RUN_20260611_094850,V52_B1_efe60e0c4edc1bce8171,A0AAT9S6U3,efe60e0c4edc1bce817107f1e953ab39400334b5852696582c6a4c5d8e6cdade,local_interproscan,Pfam,PF03906,"Phage T7 tail fibre protein, N-terminal",IPR005604,"Bacteriophage T7 tail fibre protein-like, N-terminal domain",1,154,4.1E-46,hit,RBP_like,high,true,false,false,false,Parsed from local InterProScan TSV.
RUN_20260611_094850,V52_B1_f3019dacd9c075b4e0f6,A0A0H3NKM1,f3019dacd9c075b4e0f69b495d859ded7f5894231b202e2fba138c1ce9f6f2a5,local_interproscan,Pfam,PF05954,Phage tail baseplate hub (GPD),,,96,367,2.0E-15,hit,RBP_like,high,true,false,false,false,Parsed from local InterProScan TSV.
RUN_20260611_094850,V52_B1_f3019dacd9c075b4e0f6,A0A0H3NKM1,f3019dacd9c075b4e0f69b495d859ded7f5894231b202e2fba138c1ce9f6f2a5,local_interproscan,SUPERFAMILY,SSF69279,Phage tail proteins,,,15,188,2.95E-26,hit,unknown,none,false,false,false,false,Parsed from local InterProScan TSV.
RUN_20260611_094850,V52_B1_f3019dacd9c075b4e0f6,A0A0H3NKM1,f3019dacd9c075b4e0f69b495d859ded7f5894231b202e2fba138c1ce9f6f2a5,local_interproscan,PANTHER,PTHR35862,FELS-2 PROPHAGE PROTEIN,IPR052726,Bacteriophage Baseplate Hub,24,320,2.6E-16,hit,RBP_like,high,true,false,false,false,Parsed from local InterProScan TSV.
RUN_20260611_094850,V52_B1_f48fac3ae786f3fb38b3,B3VCL5,f48fac3ae786f3fb38b3fee0e1ac105ab43dc6a80cd288c0463e3d4deed67f40,local_interproscan,Coils,Coil,Coil,,,241,261,,hit,unknown,none,false,false,false,false,Parsed from local InterProScan TSV.
RUN_20260611_094850,V52_B1_f48fac3ae786f3fb38b3,B3VCL5,f48fac3ae786f3fb38b3fee0e1ac105ab43dc6a80cd288c0463e3d4deed67f40,local_interproscan,Coils,Coil,Coil,,,276,310,,hit,unknown,none,false,false,false,false,Parsed from local InterProScan TSV.
RUN_20260611_094850,V52_B1_f48fac3ae786f3fb38b3,B3VCL5,f48fac3ae786f3fb38b3fee0e1ac105ab43dc6a80cd288c0463e3d4deed67f40,local_interproscan,Gene3D,G3DSA:2.60.320.30,,,,482,569,1.1E-38,hit,unknown,none,false,false,false,false,Parsed from local InterProScan TSV.
RUN_20260611_094850,V52_B1_f48fac3ae786f3fb38b3,B3VCL5,f48fac3ae786f3fb38b3fee0e1ac105ab43dc6a80cd288c0463e3d4deed67f40,local_interproscan,MobiDBLite,mobidb-lite,consensus disorder prediction,,,208,217,,hit,unknown,none,false,false,false,false,Parsed from local InterProScan TSV.
RUN_20260611_094850,V52_B1_f48fac3ae786f3fb38b3,B3VCL5,f48fac3ae786f3fb38b3fee0e1ac105ab43dc6a80cd288c0463e3d4deed67f40,local_interproscan,MobiDBLite,mobidb-lite,consensus disorder prediction,,,164,303,,hit,unknown,none,false,false,false,false,Parsed from local InterProScan TSV.
RUN_20260611_094850,V52_B1_f48fac3ae786f3fb38b3,B3VCL5,f48fac3ae786f3fb38b3fee0e1ac105ab43dc6a80cd288c0463e3d4deed67f40,local_interproscan,MobiDBLite,mobidb-lite,consensus disorder prediction,,,264,281,,hit,unknown,none,false,false,false,false,Parsed from local InterProScan TSV.
RUN_20260611_094850,V52_B1_f48fac3ae786f3fb38b3,B3VCL5,f48fac3ae786f3fb38b3fee0e1ac105ab43dc6a80cd288c0463e3d4deed67f40,local_interproscan,MobiDBLite,mobidb-lite,consensus disorder prediction,,,169,194,,hit,unknown,none,false,false,false,false,Parsed from local InterProScan TSV.
RUN_20260611_094850,V52_B1_f48fac3ae786f3fb38b3,B3VCL5,f48fac3ae786f3fb38b3fee0e1ac105ab43dc6a80cd288c0463e3d4deed67f40,local_interproscan,MobiDBLite,mobidb-lite,consensus disorder prediction,,,237,263,,hit,unknown,none,false,false,false,false,Parsed from local InterProScan TSV.
RUN_20260611_094850,V52_B1_f48fac3ae786f3fb38b3,B3VCL5,f48fac3ae786f3fb38b3fee0e1ac105ab43dc6a80cd288c0463e3d4deed67f40,local_interproscan,MobiDBLite,mobidb-lite,consensus disorder prediction,,,195,205,,hit,unknown,none,false,false,false,false,Parsed from local InterProScan TSV.
RUN_20260611_094850,V52_B1_f48fac3ae786f3fb38b3,B3VCL5,f48fac3ae786f3fb38b3fee0e1ac105ab43dc6a80cd288c0463e3d4deed67f40,local_interproscan,MobiDBLite,mobidb-lite,consensus disorder prediction,,,282,303,,hit,unknown,none,false,false,false,false,Parsed from local InterProScan TSV.
RUN_20260611_094850,V52_B1_f48fac3ae786f3fb38b3,B3VCL5,f48fac3ae786f3fb38b3fee0e1ac105ab43dc6a80cd288c0463e3d4deed67f40,local_interproscan,Pfam,PF03906,"Phage T7 tail fibre protein, N-terminal",IPR005604,"Bacteriophage T7 tail fibre protein-like, N-terminal domain",1,154,3.1E-45,hit,RBP_like,high,true,false,false,false,Parsed from local InterProScan TSV.
RUN_20260611_094850,V52_B1_f48fac3ae786f3fb38b3,B3VCL5,f48fac3ae786f3fb38b3fee0e1ac105ab43dc6a80cd288c0463e3d4deed67f40,local_interproscan,Coils,Coil,Coil,,,164,198,,hit,unknown,none,false,false,false,false,Parsed from local InterProScan TSV.
