score_version,source_accession,pair_id,candidate_record_id,ordinary_candidate_policy,forced_rank_status,hard_coded_priority_status,gold_standard_bonus_status,Q9T0Z9_prior_E6_evidence_status,E6_1_sequence_function_score,E6_1_score_status,E6_2_structure_reliability_score,E6_2_score_status,E6_3_interaction_docking_score,E6_3_score_status,E6_4_constructability_expression_score,E6_4_score_status,E6_5_solubility_aggregation_chaperone_score,E6_5_score_status,E6_6_application_engineering_score,E6_6_score_status,E6_score_status,E6_evidence_completeness_status,E6_limited_evidence_flags
v5.4.8u,A0A088F649,A0A088F649__V52_B0_e0dac016b3932c71cc57__compound5,V52_B0_e0dac016b3932c71cc57,ordinary_candidate,not_forced,not_hard_coded,no_gold_standard_bonus,not_Q9T0Z9,0.334314,limited_evidence,1.000000,computed,0.582799,limited_evidence,0.525000,limited_evidence,0.968750,limited_evidence,1.000000,limited_evidence,computed,limited_evidence_handled,E6_1_ESM2_not_included_no_imputation;E6_1_physicochemical_neutral_missing_anchor_not_measured;E6_3_pose_contact_PASS_REVIEW_REQUIRED_multiplier_0_88;E6_4_partial_local_raw_indicators_only;E6_5_partial_local_raw_indicators_only;E6_6_partial_local_raw_indicators_only
v5.4.8u,A0A0B4ZXE3,A0A0B4ZXE3__V52_B0_560a733be97173df0a7f__compound5,V52_B0_560a733be97173df0a7f,ordinary_candidate,not_forced,not_hard_coded,no_gold_standard_bonus,not_Q9T0Z9,0.334314,limited_evidence,1.000000,computed,0.654988,limited_evidence,0.275000,limited_evidence,0.859787,limited_evidence,1.000000,limited_evidence,computed,limited_evidence_handled,E6_1_ESM2_not_included_no_imputation;E6_1_physicochemical_neutral_missing_anchor_not_measured;E6_3_pose_contact_PASS_REVIEW_REQUIRED_multiplier_0_88;E6_4_partial_local_raw_indicators_only;E6_5_partial_local_raw_indicators_only;E6_6_partial_local_raw_indicators_only
v5.4.8u,A0A0B5A4Q9,A0A0B5A4Q9__V52_B0_e182309b668540adee8d__compound5,V52_B0_e182309b668540adee8d,ordinary_candidate,not_forced,not_hard_coded,no_gold_standard_bonus,not_Q9T0Z9,0.502941,limited_evidence,1.000000,computed,0.574392,limited_evidence,0.825000,limited_evidence,0.928571,limited_evidence,1.000000,limited_evidence,computed,limited_evidence_handled,E6_1_ESM2_not_included_no_imputation;E6_1_physicochemical_neutral_missing_anchor_not_measured;E6_3_pose_contact_PASS_REVIEW_REQUIRED_multiplier_0_88;E6_4_partial_local_raw_indicators_only;E6_5_partial_local_raw_indicators_only;E6_6_partial_local_raw_indicators_only
v5.4.8u,A0A0G2PMU5,A0A0G2PMU5__V52_B0_7a865e2670aac9d91e66__compound5,V52_B0_7a865e2670aac9d91e66,ordinary_candidate,not_forced,not_hard_coded,no_gold_standard_bonus,not_Q9T0Z9,0.425490,limited_evidence,1.000000,computed,0.691313,limited_evidence,0.700000,limited_evidence,0.938936,limited_evidence,1.000000,limited_evidence,computed,limited_evidence_handled,E6_1_ESM2_not_included_no_imputation;E6_1_physicochemical_neutral_missing_anchor_not_measured;E6_3_pose_contact_PASS_REVIEW_REQUIRED_multiplier_0_88;E6_4_partial_local_raw_indicators_only;E6_5_partial_local_raw_indicators_only;E6_6_partial_local_raw_indicators_only
v5.4.8u,A0A0G2PMY8,A0A0G2PMY8__V52_B0_a1cd974de2f5316f4c94__compound5,V52_B0_a1cd974de2f5316f4c94,ordinary_candidate,not_forced,not_hard_coded,no_gold_standard_bonus,not_Q9T0Z9,0.542157,limited_evidence,1.000000,computed,0.602200,limited_evidence,0.875000,limited_evidence,0.808775,limited_evidence,1.000000,limited_evidence,computed,limited_evidence_handled,E6_1_ESM2_not_included_no_imputation;E6_1_physicochemical_neutral_missing_anchor_not_measured;E6_3_pose_contact_PASS_REVIEW_REQUIRED_multiplier_0_88;E6_4_partial_local_raw_indicators_only;E6_5_partial_local_raw_indicators_only;E6_6_partial_local_raw_indicators_only
v5.4.8u,A0A0H3NKM1,A0A0H3NKM1__V52_B0_402c2ed5738bec275248__compound5,V52_B0_402c2ed5738bec275248,ordinary_candidate,not_forced,not_hard_coded,no_gold_standard_bonus,not_Q9T0Z9,0.425490,limited_evidence,1.000000,computed,0.679993,limited_evidence,0.800000,limited_evidence,0.912144,limited_evidence,1.000000,limited_evidence,computed,limited_evidence_handled,E6_1_ESM2_not_included_no_imputation;E6_1_physicochemical_neutral_missing_anchor_not_measured;E6_3_pose_contact_PASS_REVIEW_REQUIRED_multiplier_0_88;E6_4_partial_local_raw_indicators_only;E6_5_partial_local_raw_indicators_only;E6_6_partial_local_raw_indicators_only
v5.4.8u,A0A0H3NZ47,A0A0H3NZ47__V52_B0_3eceb6098cd2f789468c__compound5,V52_B0_3eceb6098cd2f789468c,ordinary_candidate,not_forced,not_hard_coded,no_gold_standard_bonus,not_Q9T0Z9,0.445098,limited_evidence,1.000000,computed,0.578618,limited_evidence,0.800000,limited_evidence,0.913660,limited_evidence,1.000000,limited_evidence,computed,limited_evidence_handled,E6_1_ESM2_not_included_no_imputation;E6_1_physicochemical_neutral_missing_anchor_not_measured;E6_3_pose_contact_PASS_REVIEW_REQUIRED_multiplier_0_88;E6_4_partial_local_raw_indicators_only;E6_5_partial_local_raw_indicators_only;E6_6_partial_local_raw_indicators_only
v5.4.8u,A0A0H3NZ57,A0A0H3NZ57__V52_B0_01c8e8853dc65d3bd72b__compound5,V52_B0_01c8e8853dc65d3bd72b,ordinary_candidate,not_forced,not_hard_coded,no_gold_standard_bonus,not_Q9T0Z9,0.366667,limited_evidence,1.000000,computed,0.547353,limited_evidence,0.450000,limited_evidence,0.912791,limited_evidence,1.000000,limited_evidence,computed,limited_evidence_handled,E6_1_ESM2_not_included_no_imputation;E6_1_physicochemical_neutral_missing_anchor_not_measured;E6_3_pose_contact_PASS_REVIEW_REQUIRED_multiplier_0_88;E6_4_partial_local_raw_indicators_only;E6_5_partial_local_raw_indicators_only;E6_6_partial_local_raw_indicators_only
v5.4.8u,A0A0P0LE96,A0A0P0LE96__V52_B0_4789944fd54cabfb50cc__compound5,V52_B0_4789944fd54cabfb50cc,ordinary_candidate,not_forced,not_hard_coded,no_gold_standard_bonus,not_Q9T0Z9,0.295098,limited_evidence,1.000000,computed,0.736607,computed,0.525000,limited_evidence,0.963109,limited_evidence,1.000000,limited_evidence,computed,limited_evidence_handled,E6_1_ESM2_not_included_no_imputation;E6_1_physicochemical_neutral_missing_anchor_not_measured;E6_4_partial_local_raw_indicators_only;E6_5_partial_local_raw_indicators_only;E6_6_partial_local_raw_indicators_only
v5.4.8u,A0A0U2DXE3,A0A0U2DXE3__V52_B0_62a79aa83a1d1500ad93__compound5,V52_B0_62a79aa83a1d1500ad93,ordinary_candidate,not_forced,not_hard_coded,no_gold_standard_bonus,not_Q9T0Z9,0.373529,limited_evidence,1.000000,computed,0.715794,computed,0.575000,limited_evidence,0.966758,limited_evidence,1.000000,limited_evidence,computed,limited_evidence_handled,E6_1_ESM2_not_included_no_imputation;E6_1_physicochemical_neutral_missing_anchor_not_measured;E6_4_partial_local_raw_indicators_only;E6_5_partial_local_raw_indicators_only;E6_6_partial_local_raw_indicators_only
v5.4.8u,A0A1V0DXT2,A0A1V0DXT2__V52_B0_e17adc42c5374f6446a4__compound5,V52_B0_e17adc42c5374f6446a4,ordinary_candidate,not_forced,not_hard_coded,no_gold_standard_bonus,not_Q9T0Z9,0.353922,limited_evidence,1.000000,computed,0.668439,limited_evidence,0.475000,limited_evidence,0.855769,limited_evidence,1.000000,limited_evidence,computed,limited_evidence_handled,E6_1_ESM2_not_included_no_imputation;E6_1_physicochemical_neutral_missing_anchor_not_measured;E6_3_pose_contact_PASS_REVIEW_REQUIRED_multiplier_0_88;E6_4_partial_local_raw_indicators_only;E6_5_partial_local_raw_indicators_only;E6_6_partial_local_raw_indicators_only
v5.4.8u,A0A1V0DXW2,A0A1V0DXW2__V52_B0_edf056290b2bd93ce630__compound5,V52_B0_edf056290b2bd93ce630,ordinary_candidate,not_forced,not_hard_coded,no_gold_standard_bonus,not_Q9T0Z9,0.502941,limited_evidence,1.000000,computed,0.767408,limited_evidence,0.675000,limited_evidence,0.967871,limited_evidence,1.000000,limited_evidence,computed,limited_evidence_handled,E6_1_ESM2_not_included_no_imputation;E6_1_physicochemical_neutral_missing_anchor_not_measured;E6_3_pose_contact_PASS_REVIEW_REQUIRED_multiplier_0_88;E6_4_partial_local_raw_indicators_only;E6_5_partial_local_raw_indicators_only;E6_6_partial_local_raw_indicators_only
v5.4.8u,A0A449C3Z7,A0A449C3Z7__V52_B0_e0491d4f3d7d3df7cc92__compound5,V52_B0_e0491d4f3d7d3df7cc92,ordinary_candidate,not_forced,not_hard_coded,no_gold_standard_bonus,not_Q9T0Z9,0.502941,limited_evidence,1.000000,computed,0.645659,limited_evidence,0.925000,limited_evidence,0.898471,limited_evidence,1.000000,limited_evidence,computed,limited_evidence_handled,E6_1_ESM2_not_included_no_imputation;E6_1_physicochemical_neutral_missing_anchor_not_measured;E6_3_pose_contact_PASS_REVIEW_REQUIRED_multiplier_0_88;E6_4_partial_local_raw_indicators_only;E6_5_partial_local_raw_indicators_only;E6_6_partial_local_raw_indicators_only
v5.4.8u,A0A449C440,A0A449C440__V52_B0_ed3d540e9b281f6de46c__compound5,V52_B0_ed3d540e9b281f6de46c,ordinary_candidate,not_forced,not_hard_coded,no_gold_standard_bonus,not_Q9T0Z9,0.600980,limited_evidence,1.000000,computed,0.596016,limited_evidence,0.825000,limited_evidence,0.964410,limited_evidence,1.000000,limited_evidence,computed,limited_evidence_handled,E6_1_ESM2_not_included_no_imputation;E6_1_physicochemical_neutral_missing_anchor_not_measured;E6_3_pose_contact_PASS_REVIEW_REQUIRED_multiplier_0_88;E6_4_partial_local_raw_indicators_only;E6_5_partial_local_raw_indicators_only;E6_6_partial_local_raw_indicators_only
v5.4.8u,A0A449C531,A0A449C531__V52_B0_a473da7455605014f629__compound5,V52_B0_a473da7455605014f629,ordinary_candidate,not_forced,not_hard_coded,no_gold_standard_bonus,not_Q9T0Z9,0.353922,limited_evidence,1.000000,computed,0.710196,limited_evidence,0.425000,limited_evidence,0.895834,limited_evidence,1.000000,limited_evidence,computed,limited_evidence_handled,E6_1_ESM2_not_included_no_imputation;E6_1_physicochemical_neutral_missing_anchor_not_measured;E6_3_pose_contact_PASS_REVIEW_REQUIRED_multiplier_0_88;E6_4_partial_local_raw_indicators_only;E6_5_partial_local_raw_indicators_only;E6_6_partial_local_raw_indicators_only
v5.4.8u,A0A449C555,A0A449C555__V52_B0_5ab0ec1ff4be719d99fd__compound5,V52_B0_5ab0ec1ff4be719d99fd,ordinary_candidate,not_forced,not_hard_coded,no_gold_standard_bonus,not_Q9T0Z9,0.502941,limited_evidence,1.000000,computed,0.588023,limited_evidence,0.725000,limited_evidence,0.972891,limited_evidence,1.000000,limited_evidence,computed,limited_evidence_handled,E6_1_ESM2_not_included_no_imputation;E6_1_physicochemical_neutral_missing_anchor_not_measured;E6_3_pose_contact_PASS_REVIEW_REQUIRED_multiplier_0_88;E6_4_partial_local_raw_indicators_only;E6_5_partial_local_raw_indicators_only;E6_6_partial_local_raw_indicators_only
v5.4.8u,A0A449C5Q6,A0A449C5Q6__V52_B0_50c85654008871c8b9cf__compound5,V52_B0_50c85654008871c8b9cf,ordinary_candidate,not_forced,not_hard_coded,no_gold_standard_bonus,not_Q9T0Z9,0.522549,limited_evidence,1.000000,computed,0.654370,limited_evidence,0.775000,limited_evidence,0.884615,limited_evidence,1.000000,limited_evidence,computed,limited_evidence_handled,E6_1_ESM2_not_included_no_imputation;E6_1_physicochemical_neutral_missing_anchor_not_measured;E6_3_pose_contact_PASS_REVIEW_REQUIRED_multiplier_0_88;E6_4_partial_local_raw_indicators_only;E6_5_partial_local_raw_indicators_only;E6_6_partial_local_raw_indicators_only
v5.4.8u,A0A449C5Z2,A0A449C5Z2__V52_B0_814e6a30a8cec12fad65__compound5,V52_B0_814e6a30a8cec12fad65,ordinary_candidate,not_forced,not_hard_coded,no_gold_standard_bonus,not_Q9T0Z9,0.600980,limited_evidence,1.000000,computed,0.597864,computed,0.825000,limited_evidence,0.955729,limited_evidence,1.000000,limited_evidence,computed,limited_evidence_handled,E6_1_ESM2_not_included_no_imputation;E6_1_physicochemical_neutral_missing_anchor_not_measured;E6_4_partial_local_raw_indicators_only;E6_5_partial_local_raw_indicators_only;E6_6_partial_local_raw_indicators_only
v5.4.8u,A0A6M3G9R6,A0A6M3G9R6__V52_B0_47ae88a6e130d5fe507c__compound5,V52_B0_47ae88a6e130d5fe507c,ordinary_candidate,not_forced,not_hard_coded,no_gold_standard_bonus,not_Q9T0Z9,0.502941,limited_evidence,1.000000,computed,0.731735,limited_evidence,0.725000,limited_evidence,0.952811,limited_evidence,1.000000,limited_evidence,computed,limited_evidence_handled,E6_1_ESM2_not_included_no_imputation;E6_1_physicochemical_neutral_missing_anchor_not_measured;E6_3_pose_contact_PASS_REVIEW_REQUIRED_multiplier_0_88;E6_4_partial_local_raw_indicators_only;E6_5_partial_local_raw_indicators_only;E6_6_partial_local_raw_indicators_only
v5.4.8u,A0A7D3UKK9,A0A7D3UKK9__V52_B0_fe003843f725cc65d2de__compound5,V52_B0_fe003843f725cc65d2de,ordinary_candidate,not_forced,not_hard_coded,no_gold_standard_bonus,not_Q9T0Z9,0.366667,limited_evidence,1.000000,computed,0.650983,limited_evidence,0.750000,limited_evidence,0.897287,limited_evidence,1.000000,limited_evidence,computed,limited_evidence_handled,E6_1_ESM2_not_included_no_imputation;E6_1_physicochemical_neutral_missing_anchor_not_measured;E6_3_pose_contact_PASS_REVIEW_REQUIRED_multiplier_0_88;E6_4_partial_local_raw_indicators_only;E6_5_partial_local_raw_indicators_only;E6_6_partial_local_raw_indicators_only
v5.4.8u,A0A7U4GE98,A0A7U4GE98__V52_B0_eeff15dfb7ab2760e3db__compound5,V52_B0_eeff15dfb7ab2760e3db,ordinary_candidate,not_forced,not_hard_coded,no_gold_standard_bonus,not_Q9T0Z9,0.502941,limited_evidence,1.000000,computed,0.658104,computed,0.975000,limited_evidence,0.803798,limited_evidence,1.000000,limited_evidence,computed,limited_evidence_handled,E6_1_ESM2_not_included_no_imputation;E6_1_physicochemical_neutral_missing_anchor_not_measured;E6_4_partial_local_raw_indicators_only;E6_5_partial_local_raw_indicators_only;E6_6_partial_local_raw_indicators_only
v5.4.8u,A0A7U4GHF9,A0A7U4GHF9__V52_B0_fbf3d9e4a576d70660eb__compound5,V52_B0_fbf3d9e4a576d70660eb,ordinary_candidate,not_forced,not_hard_coded,no_gold_standard_bonus,not_Q9T0Z9,0.405882,limited_evidence,1.000000,computed,0.703851,limited_evidence,0.700000,limited_evidence,0.928934,limited_evidence,1.000000,limited_evidence,computed,limited_evidence_handled,E6_1_ESM2_not_included_no_imputation;E6_1_physicochemical_neutral_missing_anchor_not_measured;E6_3_pose_contact_PASS_REVIEW_REQUIRED_multiplier_0_88;E6_4_partial_local_raw_indicators_only;E6_5_partial_local_raw_indicators_only;E6_6_partial_local_raw_indicators_only
v5.4.8u,A0A7U4JZS3,A0A7U4JZS3__V52_B0_213ae9594ccd596735cc__compound5,V52_B0_213ae9594ccd596735cc,ordinary_candidate,not_forced,not_hard_coded,no_gold_standard_bonus,not_Q9T0Z9,0.502941,limited_evidence,1.000000,computed,0.506754,limited_evidence,0.975000,limited_evidence,0.916666,limited_evidence,1.000000,limited_evidence,computed,limited_evidence_handled,E6_1_ESM2_not_included_no_imputation;E6_1_physicochemical_neutral_missing_anchor_not_measured;E6_3_pose_contact_PASS_REVIEW_REQUIRED_multiplier_0_88;E6_4_partial_local_raw_indicators_only;E6_5_partial_local_raw_indicators_only;E6_6_partial_local_raw_indicators_only
v5.4.8u,A0A9P1PWH0,A0A9P1PWH0__V52_B0_06498fa95a8529a6e827__compound5,V52_B0_06498fa95a8529a6e827,ordinary_candidate,not_forced,not_hard_coded,no_gold_standard_bonus,not_Q9T0Z9,0.484314,limited_evidence,1.000000,computed,0.910451,computed,0.800000,limited_evidence,0.933604,limited_evidence,1.000000,limited_evidence,computed,limited_evidence_handled,E6_1_ESM2_not_included_no_imputation;E6_1_physicochemical_neutral_missing_anchor_not_measured;E6_4_partial_local_raw_indicators_only;E6_5_partial_local_raw_indicators_only;E6_6_partial_local_raw_indicators_only
v5.4.8u,A0AAD2UYA7,A0AAD2UYA7__V52_B0_992f5c237d53c9817f63__compound5,V52_B0_992f5c237d53c9817f63,ordinary_candidate,not_forced,not_hard_coded,no_gold_standard_bonus,not_Q9T0Z9,0.502941,limited_evidence,1.000000,computed,0.630693,limited_evidence,0.925000,limited_evidence,0.924460,limited_evidence,1.000000,limited_evidence,computed,limited_evidence_handled,E6_1_ESM2_not_included_no_imputation;E6_1_physicochemical_neutral_missing_anchor_not_measured;E6_3_pose_contact_PASS_REVIEW_REQUIRED_multiplier_0_88;E6_4_partial_local_raw_indicators_only;E6_5_partial_local_raw_indicators_only;E6_6_partial_local_raw_indicators_only
v5.4.8u,A0AAE7CTI2,A0AAE7CTI2__V52_B0_89ea6bfef82cd651d3d4__compound5,V52_B0_89ea6bfef82cd651d3d4,ordinary_candidate,not_forced,not_hard_coded,no_gold_standard_bonus,not_Q9T0Z9,0.522549,limited_evidence,1.000000,computed,0.609872,limited_evidence,0.975000,limited_evidence,0.878572,limited_evidence,1.000000,limited_evidence,computed,limited_evidence_handled,E6_1_ESM2_not_included_no_imputation;E6_1_physicochemical_neutral_missing_anchor_not_measured;E6_3_pose_contact_PASS_REVIEW_REQUIRED_multiplier_0_88;E6_4_partial_local_raw_indicators_only;E6_5_partial_local_raw_indicators_only;E6_6_partial_local_raw_indicators_only
v5.4.8u,A0AAE7S353,A0AAE7S353__V52_B0_f9610b272d332c1d8ac9__compound5,V52_B0_f9610b272d332c1d8ac9,ordinary_candidate,not_forced,not_hard_coded,no_gold_standard_bonus,not_Q9T0Z9,0.334314,limited_evidence,1.000000,computed,0.647325,computed,0.475000,limited_evidence,0.976831,limited_evidence,1.000000,limited_evidence,computed,limited_evidence_handled,E6_1_ESM2_not_included_no_imputation;E6_1_physicochemical_neutral_missing_anchor_not_measured;E6_4_partial_local_raw_indicators_only;E6_5_partial_local_raw_indicators_only;E6_6_partial_local_raw_indicators_only
v5.4.8u,A0AAE7V5N4,A0AAE7V5N4__V52_B0_16f147005e1596182f59__compound5,V52_B0_16f147005e1596182f59,ordinary_candidate,not_forced,not_hard_coded,no_gold_standard_bonus,not_Q9T0Z9,0.484314,limited_evidence,1.000000,computed,0.775470,limited_evidence,0.750000,limited_evidence,0.894057,limited_evidence,1.000000,limited_evidence,computed,limited_evidence_handled,E6_1_ESM2_not_included_no_imputation;E6_1_physicochemical_neutral_missing_anchor_not_measured;E6_3_pose_contact_PASS_REVIEW_REQUIRED_multiplier_0_88;E6_4_partial_local_raw_indicators_only;E6_5_partial_local_raw_indicators_only;E6_6_partial_local_raw_indicators_only
v5.4.8u,A0AAE9FQ76,A0AAE9FQ76__V52_B0_4d659282a14eb1343085__compound5,V52_B0_4d659282a14eb1343085,ordinary_candidate,not_forced,not_hard_coded,no_gold_standard_bonus,not_Q9T0Z9,0.425490,limited_evidence,1.000000,computed,0.593538,limited_evidence,0.750000,limited_evidence,0.958224,limited_evidence,1.000000,limited_evidence,computed,limited_evidence_handled,E6_1_ESM2_not_included_no_imputation;E6_1_physicochemical_neutral_missing_anchor_not_measured;E6_3_pose_contact_PASS_REVIEW_REQUIRED_multiplier_0_88;E6_4_partial_local_raw_indicators_only;E6_5_partial_local_raw_indicators_only;E6_6_partial_local_raw_indicators_only
v5.4.8u,A0AAE9FSZ1,A0AAE9FSZ1__V52_B0_391873faf7cd0b211011__compound5,V52_B0_391873faf7cd0b211011,ordinary_candidate,not_forced,not_hard_coded,no_gold_standard_bonus,not_Q9T0Z9,0.425490,limited_evidence,1.000000,computed,0.733114,limited_evidence,0.800000,limited_evidence,0.912144,limited_evidence,1.000000,limited_evidence,computed,limited_evidence_handled,E6_1_ESM2_not_included_no_imputation;E6_1_physicochemical_neutral_missing_anchor_not_measured;E6_3_pose_contact_PASS_REVIEW_REQUIRED_multiplier_0_88;E6_4_partial_local_raw_indicators_only;E6_5_partial_local_raw_indicators_only;E6_6_partial_local_raw_indicators_only
v5.4.8u,A0AAE9FUR5,A0AAE9FUR5__V52_B0_3be894516b034d93ccea__compound5,V52_B0_3be894516b034d93ccea,ordinary_candidate,not_forced,not_hard_coded,no_gold_standard_bonus,not_Q9T0Z9,0.445098,limited_evidence,1.000000,computed,0.688530,limited_evidence,0.750000,limited_evidence,0.963495,limited_evidence,1.000000,limited_evidence,computed,limited_evidence_handled,E6_1_ESM2_not_included_no_imputation;E6_1_physicochemical_neutral_missing_anchor_not_measured;E6_3_pose_contact_PASS_REVIEW_REQUIRED_multiplier_0_88;E6_4_partial_local_raw_indicators_only;E6_5_partial_local_raw_indicators_only;E6_6_partial_local_raw_indicators_only
v5.4.8u,A0AAT9S6U3,A0AAT9S6U3__V52_B0_e8153b241c322ebe0ce2__compound5,V52_B0_e8153b241c322ebe0ce2,ordinary_candidate,not_forced,not_hard_coded,no_gold_standard_bonus,not_Q9T0Z9,0.393137,limited_evidence,1.000000,computed,0.694547,limited_evidence,0.475000,limited_evidence,0.972267,limited_evidence,1.000000,limited_evidence,computed,limited_evidence_handled,E6_1_ESM2_not_included_no_imputation;E6_1_physicochemical_neutral_missing_anchor_not_measured;E6_3_pose_contact_PASS_REVIEW_REQUIRED_multiplier_0_88;E6_4_partial_local_raw_indicators_only;E6_5_partial_local_raw_indicators_only;E6_6_partial_local_raw_indicators_only
v5.4.8u,A0AAX4Q2K6,A0AAX4Q2K6__V52_B0_e1888fad7884237478d2__compound5,V52_B0_e1888fad7884237478d2,ordinary_candidate,not_forced,not_hard_coded,no_gold_standard_bonus,not_Q9T0Z9,0.483333,limited_evidence,1.000000,computed,0.656130,computed,0.925000,limited_evidence,0.978261,limited_evidence,1.000000,limited_evidence,computed,limited_evidence_handled,E6_1_ESM2_not_included_no_imputation;E6_1_physicochemical_neutral_missing_anchor_not_measured;E6_4_partial_local_raw_indicators_only;E6_5_partial_local_raw_indicators_only;E6_6_partial_local_raw_indicators_only
v5.4.8u,Q9T0Z9,Q9T0Z9__V52_B0_4258e8231588fe960a0e__compound5,V52_B0_4258e8231588fe960a0e,ordinary_candidate,not_forced,not_hard_coded,no_gold_standard_bonus,provenance_only,0.393137,limited_evidence,1.000000,computed,0.558871,computed,0.575000,limited_evidence,0.978682,limited_evidence,1.000000,limited_evidence,computed,limited_evidence_handled,E6_1_ESM2_not_included_no_imputation;E6_1_physicochemical_neutral_missing_anchor_not_measured;E6_4_partial_local_raw_indicators_only;E6_5_partial_local_raw_indicators_only;E6_6_partial_local_raw_indicators_only
v5.4.8u,B3VCL5,B3VCL5__V52_B0_013acaaa5777bf04bd7f__compound5,V52_B0_013acaaa5777bf04bd7f,ordinary_candidate,not_forced,not_hard_coded,no_gold_standard_bonus,not_Q9T0Z9,0.451961,limited_evidence,1.000000,computed,0.760320,computed,0.475000,limited_evidence,0.945958,limited_evidence,1.000000,limited_evidence,computed,limited_evidence_handled,E6_1_ESM2_not_included_no_imputation;E6_1_physicochemical_neutral_missing_anchor_not_measured;E6_4_partial_local_raw_indicators_only;E6_5_partial_local_raw_indicators_only;E6_6_partial_local_raw_indicators_only
v5.4.8u,F4N2J8,F4N2J8__V52_B0_678901de5475dc45ea34__compound5,V52_B0_678901de5475dc45ea34,ordinary_candidate,not_forced,not_hard_coded,no_gold_standard_bonus,not_Q9T0Z9,0.502941,limited_evidence,1.000000,computed,0.566419,computed,0.975000,limited_evidence,0.790323,limited_evidence,1.000000,limited_evidence,computed,limited_evidence_handled,E6_1_ESM2_not_included_no_imputation;E6_1_physicochemical_neutral_missing_anchor_not_measured;E6_4_partial_local_raw_indicators_only;E6_5_partial_local_raw_indicators_only;E6_6_partial_local_raw_indicators_only
v5.4.8u,F4N729,F4N729__V52_B0_989606a9637da31f7cad__compound5,V52_B0_989606a9637da31f7cad,ordinary_candidate,not_forced,not_hard_coded,no_gold_standard_bonus,not_Q9T0Z9,0.522549,limited_evidence,1.000000,computed,0.451909,computed,0.925000,limited_evidence,0.975806,limited_evidence,1.000000,limited_evidence,computed,limited_evidence_handled,E6_1_ESM2_not_included_no_imputation;E6_1_physicochemical_neutral_missing_anchor_not_measured;E6_4_partial_local_raw_indicators_only;E6_5_partial_local_raw_indicators_only;E6_6_partial_local_raw_indicators_only
v5.4.8u,I6Q9A1,I6Q9A1__V52_B0_5226a1244fdf64614579__compound5,V52_B0_5226a1244fdf64614579,ordinary_candidate,not_forced,not_hard_coded,no_gold_standard_bonus,not_Q9T0Z9,0.412745,limited_evidence,1.000000,computed,0.615417,limited_evidence,0.475000,limited_evidence,0.970430,limited_evidence,1.000000,limited_evidence,computed,limited_evidence_handled,E6_1_ESM2_not_included_no_imputation;E6_1_physicochemical_neutral_missing_anchor_not_measured;E6_3_pose_contact_PASS_REVIEW_REQUIRED_multiplier_0_88;E6_4_partial_local_raw_indicators_only;E6_5_partial_local_raw_indicators_only;E6_6_partial_local_raw_indicators_only
v5.4.8u,I7K2S1,I7K2S1__V52_B0_a1449c6f756547d68d82__compound5,V52_B0_a1449c6f756547d68d82,ordinary_candidate,not_forced,not_hard_coded,no_gold_standard_bonus,not_Q9T0Z9,0.502941,limited_evidence,1.000000,computed,0.800510,computed,0.825000,limited_evidence,0.926911,limited_evidence,1.000000,limited_evidence,computed,limited_evidence_handled,E6_1_ESM2_not_included_no_imputation;E6_1_physicochemical_neutral_missing_anchor_not_measured;E6_4_partial_local_raw_indicators_only;E6_5_partial_local_raw_indicators_only;E6_6_partial_local_raw_indicators_only
v5.4.8u,I7K324,I7K324__V52_B0_32ddd655691f86d6b241__compound5,V52_B0_32ddd655691f86d6b241,ordinary_candidate,not_forced,not_hard_coded,no_gold_standard_bonus,not_Q9T0Z9,0.334314,limited_evidence,1.000000,computed,0.672626,limited_evidence,0.275000,limited_evidence,0.859787,limited_evidence,1.000000,limited_evidence,computed,limited_evidence_handled,E6_1_ESM2_not_included_no_imputation;E6_1_physicochemical_neutral_missing_anchor_not_measured;E6_3_pose_contact_PASS_REVIEW_REQUIRED_multiplier_0_88;E6_4_partial_local_raw_indicators_only;E6_5_partial_local_raw_indicators_only;E6_6_partial_local_raw_indicators_only
v5.4.8u,I7K3G3,I7K3G3__V52_B0_834319d12b31cd56a894__compound5,V52_B0_834319d12b31cd56a894,ordinary_candidate,not_forced,not_hard_coded,no_gold_standard_bonus,not_Q9T0Z9,0.295098,limited_evidence,1.000000,computed,0.658974,limited_evidence,0.425000,limited_evidence,0.922646,limited_evidence,1.000000,limited_evidence,computed,limited_evidence_handled,E6_1_ESM2_not_included_no_imputation;E6_1_physicochemical_neutral_missing_anchor_not_measured;E6_3_pose_contact_PASS_REVIEW_REQUIRED_multiplier_0_88;E6_4_partial_local_raw_indicators_only;E6_5_partial_local_raw_indicators_only;E6_6_partial_local_raw_indicators_only
v5.4.8u,I7LHJ5,I7LHJ5__V52_B0_88168e53e77c16b85858__compound5,V52_B0_88168e53e77c16b85858,ordinary_candidate,not_forced,not_hard_coded,no_gold_standard_bonus,not_Q9T0Z9,0.581373,limited_evidence,1.000000,computed,0.576792,limited_evidence,0.975000,limited_evidence,0.974886,limited_evidence,1.000000,limited_evidence,computed,limited_evidence_handled,E6_1_ESM2_not_included_no_imputation;E6_1_physicochemical_neutral_missing_anchor_not_measured;E6_3_pose_contact_PASS_REVIEW_REQUIRED_multiplier_0_88;E6_4_partial_local_raw_indicators_only;E6_5_partial_local_raw_indicators_only;E6_6_partial_local_raw_indicators_only
v5.4.8u,I7LHK5,I7LHK5__V52_B0_1da18deb4e2fe666e802__compound5,V52_B0_1da18deb4e2fe666e802,ordinary_candidate,not_forced,not_hard_coded,no_gold_standard_bonus,not_Q9T0Z9,0.523529,limited_evidence,1.000000,computed,0.620485,limited_evidence,0.700000,limited_evidence,0.959718,limited_evidence,1.000000,limited_evidence,computed,limited_evidence_handled,E6_1_ESM2_not_included_no_imputation;E6_1_physicochemical_neutral_missing_anchor_not_measured;E6_3_pose_contact_PASS_REVIEW_REQUIRED_multiplier_0_88;E6_4_partial_local_raw_indicators_only;E6_5_partial_local_raw_indicators_only;E6_6_partial_local_raw_indicators_only
v5.4.8u,Q858J8,Q858J8__V52_B0_d22506a9c7997355701e__compound5,V52_B0_d22506a9c7997355701e,ordinary_candidate,not_forced,not_hard_coded,no_gold_standard_bonus,not_Q9T0Z9,0.451961,limited_evidence,1.000000,computed,0.742452,limited_evidence,0.475000,limited_evidence,0.972670,limited_evidence,1.000000,limited_evidence,computed,limited_evidence_handled,E6_1_ESM2_not_included_no_imputation;E6_1_physicochemical_neutral_missing_anchor_not_measured;E6_3_pose_contact_PASS_REVIEW_REQUIRED_multiplier_0_88;E6_4_partial_local_raw_indicators_only;E6_5_partial_local_raw_indicators_only;E6_6_partial_local_raw_indicators_only
v5.4.8u,Q858U5,Q858U5__V52_B0_9752cc0190d82ba0542c__compound5,V52_B0_9752cc0190d82ba0542c,ordinary_candidate,not_forced,not_hard_coded,no_gold_standard_bonus,not_Q9T0Z9,0.464706,limited_evidence,1.000000,computed,0.662412,limited_evidence,0.750000,limited_evidence,0.897287,limited_evidence,1.000000,limited_evidence,computed,limited_evidence_handled,E6_1_ESM2_not_included_no_imputation;E6_1_physicochemical_neutral_missing_anchor_not_measured;E6_3_pose_contact_PASS_REVIEW_REQUIRED_multiplier_0_88;E6_4_partial_local_raw_indicators_only;E6_5_partial_local_raw_indicators_only;E6_6_partial_local_raw_indicators_only
v5.4.8u,S5M3B5,S5M3B5__V52_B0_4532ea7e5bed51960434__compound5,V52_B0_4532ea7e5bed51960434,ordinary_candidate,not_forced,not_hard_coded,no_gold_standard_bonus,not_Q9T0Z9,0.393137,limited_evidence,1.000000,computed,0.749761,limited_evidence,0.425000,limited_evidence,0.915086,limited_evidence,1.000000,limited_evidence,computed,limited_evidence_handled,E6_1_ESM2_not_included_no_imputation;E6_1_physicochemical_neutral_missing_anchor_not_measured;E6_3_pose_contact_PASS_REVIEW_REQUIRED_multiplier_0_88;E6_4_partial_local_raw_indicators_only;E6_5_partial_local_raw_indicators_only;E6_6_partial_local_raw_indicators_only
v5.4.8u,S5M9F2,S5M9F2__V52_B0_fd80d79069bc3204eb92__compound5,V52_B0_fd80d79069bc3204eb92,ordinary_candidate,not_forced,not_hard_coded,no_gold_standard_bonus,not_Q9T0Z9,0.523529,limited_evidence,1.000000,computed,0.572817,limited_evidence,0.700000,limited_evidence,0.958333,limited_evidence,1.000000,limited_evidence,computed,limited_evidence_handled,E6_1_ESM2_not_included_no_imputation;E6_1_physicochemical_neutral_missing_anchor_not_measured;E6_3_pose_contact_PASS_REVIEW_REQUIRED_multiplier_0_88;E6_4_partial_local_raw_indicators_only;E6_5_partial_local_raw_indicators_only;E6_6_partial_local_raw_indicators_only
v5.4.8u,S5ML14,S5ML14__V52_B0_cc5cd01b6a7cd059e685__compound5,V52_B0_cc5cd01b6a7cd059e685,ordinary_candidate,not_forced,not_hard_coded,no_gold_standard_bonus,not_Q9T0Z9,0.353922,limited_evidence,1.000000,computed,0.655128,limited_evidence,0.425000,limited_evidence,0.899621,limited_evidence,1.000000,limited_evidence,computed,limited_evidence_handled,E6_1_ESM2_not_included_no_imputation;E6_1_physicochemical_neutral_missing_anchor_not_measured;E6_3_pose_contact_PASS_REVIEW_REQUIRED_multiplier_0_88;E6_4_partial_local_raw_indicators_only;E6_5_partial_local_raw_indicators_only;E6_6_partial_local_raw_indicators_only
v5.4.8u,S5MLA1,S5MLA1__V52_B0_73247484443e8927b1d1__compound5,V52_B0_73247484443e8927b1d1,ordinary_candidate,not_forced,not_hard_coded,no_gold_standard_bonus,not_Q9T0Z9,0.522549,limited_evidence,1.000000,computed,0.800758,limited_evidence,0.775000,limited_evidence,0.865168,limited_evidence,1.000000,limited_evidence,computed,limited_evidence_handled,E6_1_ESM2_not_included_no_imputation;E6_1_physicochemical_neutral_missing_anchor_not_measured;E6_3_pose_contact_PASS_REVIEW_REQUIRED_multiplier_0_88;E6_4_partial_local_raw_indicators_only;E6_5_partial_local_raw_indicators_only;E6_6_partial_local_raw_indicators_only
v5.4.8u,S5MRA5,S5MRA5__V52_B0_1ad188626900ead62d59__compound5,V52_B0_1ad188626900ead62d59,ordinary_candidate,not_forced,not_hard_coded,no_gold_standard_bonus,not_Q9T0Z9,0.581373,limited_evidence,1.000000,computed,0.616534,limited_evidence,0.725000,limited_evidence,0.870510,limited_evidence,1.000000,limited_evidence,computed,limited_evidence_handled,E6_1_ESM2_not_included_no_imputation;E6_1_physicochemical_neutral_missing_anchor_not_measured;E6_3_pose_contact_PASS_REVIEW_REQUIRED_multiplier_0_88;E6_4_partial_local_raw_indicators_only;E6_5_partial_local_raw_indicators_only;E6_6_partial_local_raw_indicators_only
