G_pro1_rank,accession,G_pre1_rank,G_pre1_score,deployment_readiness_score,C_verified_status_score,domain_architecture_similarity,receptor_binding_region_similarity,structure_similarity,physicochemical_similarity,target_context_or_docking_similarity,C_verified_anchor_similarity_score,C_verified_score,G_pro1_score,wet_lab_status,evidence_registry_status,sequence_recovered,similarity_confidence,deployment_readiness_confidence,forced_rank_status,hard_coded_priority_status,manual_override_status,gold_standard_bonus_status,candidate_policy,source_pair_id,source_candidate_record_id,E6_4_constructability_expression_score,E6_5_solubility_aggregation_chaperone_score,E6_6_application_engineering_score,deployment_score_normalized_by_available_fields,score_normalized_by_available_fields,domain_component_status,receptor_binding_region_component_status,structure_component_status,physicochemical_component_status,target_context_or_docking_component_status,sequence_sha256,sequence_source_file
1,Q9T0Z9,1,0.856763,0.821473,1.000000,1.000000,1.000000,1.000000,1.000000,1.000000,1.000000,1.000000,0.896205,verified_positive,registered_7_C_verified_rows,true,high,medium,not_forced,not_hard_coded,none,no_gold_standard_bonus,ordinary_candidate,Q9T0Z9__V52_B0_4258e8231588fe960a0e__compound5,V52_B0_4258e8231588fe960a0e,0.575000,0.978682,1.000000,false,false,computed,computed_from_contact_profile,computed_from_E6_2_structure_reliability_score,computed_from_recovered_sequence,computed_from_target_context_docking_and_broad_vina,237c0c8d6d1fc671fe1d6b4fc132154cf7b8044ec87216cbfb35e32c9c2f3c0d,data/B0_standard_candidates/v5_2/B0_standard_candidate_records.csv
2,A0AAX4Q2K6,20,0.579390,0.961304,0.500000,,0.600664,1.000000,0.921571,0.770179,0.816539,0.594962,0.622253,not_tested,no_direct_wetlab_evidence_anchor_similarity_only,true,medium,medium,not_forced,not_hard_coded,none,no_gold_standard_bonus,ordinary_candidate,A0AAX4Q2K6__V52_B0_e1888fad7884237478d2__compound5,V52_B0_e1888fad7884237478d2,0.925000,0.978261,1.000000,false,true,missing,computed_from_contact_profile,computed_from_E6_2_structure_reliability_score,computed_from_recovered_sequence,computed_from_target_context_docking_and_broad_vina,5e8b50c56777c4991e12e0f2ded55a1099d85ddcbcd4393261c7a87becf9fc6d,data/B0_standard_candidates/v5_2/B0_standard_candidate_records.csv
3,A0A0P0LE96,12,0.589310,0.795244,0.500000,1.000000,0.570218,1.000000,0.995344,0.679521,0.849249,0.604775,0.614543,not_tested,no_direct_wetlab_evidence_anchor_similarity_only,true,high,medium,not_forced,not_hard_coded,none,no_gold_standard_bonus,ordinary_candidate,A0A0P0LE96__V52_B0_4789944fd54cabfb50cc__compound5,V52_B0_4789944fd54cabfb50cc,0.525000,0.963109,1.000000,false,false,computed,computed_from_contact_profile,computed_from_E6_2_structure_reliability_score,computed_from_recovered_sequence,computed_from_target_context_docking_and_broad_vina,e92abc0cdf34f2e59b61c8a28763e87d31c64cda99dc6bb5f7299896ad81d52f,data/B0_standard_candidates/v5_2/B0_standard_candidate_records.csv
4,A0A0U2DXE3,14,0.586512,0.816703,0.500000,1.000000,0.512581,1.000000,0.987377,0.713740,0.843371,0.603011,0.614481,not_tested,no_direct_wetlab_evidence_anchor_similarity_only,true,high,medium,not_forced,not_hard_coded,none,no_gold_standard_bonus,ordinary_candidate,A0A0U2DXE3__V52_B0_62a79aa83a1d1500ad93__compound5,V52_B0_62a79aa83a1d1500ad93,0.575000,0.966758,1.000000,false,false,computed,computed_from_contact_profile,computed_from_E6_2_structure_reliability_score,computed_from_recovered_sequence,computed_from_target_context_docking_and_broad_vina,6c8c50932ac02f35aaef97a084d9d364f171171b08a5f71d29587014136b1faa,data/B0_standard_candidates/v5_2/B0_standard_candidate_records.csv
5,A0AAD2UYA7,5,0.594850,0.939784,0.500000,0.000000,0.444430,1.000000,0.923034,0.761422,0.579625,0.523888,0.608055,not_tested,no_direct_wetlab_evidence_anchor_similarity_only,true,high,medium,not_forced,not_hard_coded,none,no_gold_standard_bonus,ordinary_candidate,A0AAD2UYA7__V52_B0_992f5c237d53c9817f63__compound5,V52_B0_992f5c237d53c9817f63,0.925000,0.924460,1.000000,false,false,computed,computed_from_contact_profile,computed_from_E6_2_structure_reliability_score,computed_from_recovered_sequence,computed_from_target_context_docking_and_broad_vina,4162ecdd071e275c3f9f01dc72a0b5175b5a1e0394dbd5a1cb3340d7fb46b9bc,data/B0_standard_candidates/v5_2/B0_standard_candidate_records.csv
6,A0AAT9S6U3,19,0.582123,0.778907,0.500000,1.000000,0.520255,1.000000,0.989496,0.678179,0.838111,0.601433,0.607594,not_tested,no_direct_wetlab_evidence_anchor_similarity_only,true,high,medium,not_forced,not_hard_coded,none,no_gold_standard_bonus,ordinary_candidate,A0AAT9S6U3__V52_B0_e8153b241c322ebe0ce2__compound5,V52_B0_e8153b241c322ebe0ce2,0.475000,0.972267,1.000000,false,false,computed,computed_from_contact_profile,computed_from_E6_2_structure_reliability_score,computed_from_recovered_sequence,computed_from_target_context_docking_and_broad_vina,efe60e0c4edc1bce817107f1e953ab39400334b5852696582c6a4c5d8e6cdade,data/B0_standard_candidates/v5_2/B0_standard_candidate_records.csv
7,I7K2S1,3,0.602209,0.900764,0.500000,0.000000,0.469937,1.000000,0.935142,0.607234,0.555705,0.516712,0.606415,not_tested,no_direct_wetlab_evidence_anchor_similarity_only,true,high,medium,not_forced,not_hard_coded,none,no_gold_standard_bonus,ordinary_candidate,I7K2S1__V52_B0_a1449c6f756547d68d82__compound5,V52_B0_a1449c6f756547d68d82,0.825000,0.926911,1.000000,false,false,computed,computed_from_contact_profile,computed_from_E6_2_structure_reliability_score,computed_from_recovered_sequence,computed_from_target_context_docking_and_broad_vina,31af91cfbc9aa9e674fab1a2bd2b1581405808214a027ab656f63716f9b8f75a,data/B0_standard_candidates/v5_2/B0_standard_candidate_records.csv
8,A0A7U4GHF9,2,0.607981,0.851574,0.500000,0.000000,0.398404,1.000000,0.956760,0.673336,0.557862,0.517359,0.605154,not_tested,no_direct_wetlab_evidence_anchor_similarity_only,true,high,medium,not_forced,not_hard_coded,none,no_gold_standard_bonus,ordinary_candidate,A0A7U4GHF9__V52_B0_fbf3d9e4a576d70660eb__compound5,V52_B0_fbf3d9e4a576d70660eb,0.700000,0.928934,1.000000,false,false,computed,computed_from_contact_profile,computed_from_E6_2_structure_reliability_score,computed_from_recovered_sequence,computed_from_target_context_docking_and_broad_vina,3d638b35b546184ac847c1288314396dd0dfb7da01d79fcb31a8d5759bb74eb7,data/B0_standard_candidates/v5_2/B0_standard_candidate_records.csv
9,A0A7D3UKK9,32,0.565495,0.858915,0.500000,,0.673117,1.000000,0.949777,0.717465,0.827444,0.598233,0.604658,not_tested,no_direct_wetlab_evidence_anchor_similarity_only,true,medium,medium,not_forced,not_hard_coded,none,no_gold_standard_bonus,ordinary_candidate,A0A7D3UKK9__V52_B0_fe003843f725cc65d2de__compound5,V52_B0_fe003843f725cc65d2de,0.750000,0.897287,1.000000,false,true,missing,computed_from_contact_profile,computed_from_E6_2_structure_reliability_score,computed_from_recovered_sequence,computed_from_target_context_docking_and_broad_vina,248fe57028a83e391ef05d43c707513edde6079c1819688a95ad6d8b328826f3,data/B0_standard_candidates/v5_2/B0_standard_candidate_records.csv
10,A0A0H3NKM1,13,0.588103,0.884858,0.500000,0.000000,0.726958,1.000000,0.957234,0.697853,0.628547,0.538564,0.602917,not_tested,no_direct_wetlab_evidence_anchor_similarity_only,true,high,medium,not_forced,not_hard_coded,none,no_gold_standard_bonus,ordinary_candidate,A0A0H3NKM1__V52_B0_402c2ed5738bec275248__compound5,V52_B0_402c2ed5738bec275248,0.800000,0.912144,1.000000,false,false,computed,computed_from_contact_profile,computed_from_E6_2_structure_reliability_score,computed_from_recovered_sequence,computed_from_target_context_docking_and_broad_vina,f3019dacd9c075b4e0f69b495d859ded7f5894231b202e2fba138c1ce9f6f2a5,data/B0_standard_candidates/v5_2/B0_standard_candidate_records.csv
11,A0A7U4GE98,16,0.585492,0.911519,0.500000,0.000000,0.533725,1.000000,0.912669,0.792678,0.602181,0.530654,0.601643,not_tested,no_direct_wetlab_evidence_anchor_similarity_only,true,high,medium,not_forced,not_hard_coded,none,no_gold_standard_bonus,ordinary_candidate,A0A7U4GE98__V52_B0_eeff15dfb7ab2760e3db__compound5,V52_B0_eeff15dfb7ab2760e3db,0.975000,0.803798,1.000000,false,false,computed,computed_from_contact_profile,computed_from_E6_2_structure_reliability_score,computed_from_recovered_sequence,computed_from_target_context_docking_and_broad_vina,050f48d6bbb1c2af986a6d09cd5207f83b8c12dd65fd07606b21eef83a04f0c2,data/B0_standard_candidates/v5_2/B0_standard_candidate_records.csv
12,A0A0G2PMU5,7,0.593066,0.855574,0.500000,0.000000,0.568847,1.000000,0.964863,0.711296,0.600758,0.530227,0.600465,not_tested,no_direct_wetlab_evidence_anchor_similarity_only,true,high,medium,not_forced,not_hard_coded,none,no_gold_standard_bonus,ordinary_candidate,A0A0G2PMU5__V52_B0_7a865e2670aac9d91e66__compound5,V52_B0_7a865e2670aac9d91e66,0.700000,0.938936,1.000000,false,false,computed,computed_from_contact_profile,computed_from_E6_2_structure_reliability_score,computed_from_recovered_sequence,computed_from_target_context_docking_and_broad_vina,699ab633ea6a90a81465b27e99819190b56e586bc629039b6d35f0e2423c6504,data/B0_standard_candidates/v5_2/B0_standard_candidate_records.csv
13,A0A1V0DXW2,4,0.599320,0.857148,0.500000,0.000000,0.494339,1.000000,0.918335,0.592046,0.555027,0.516508,0.600259,not_tested,no_direct_wetlab_evidence_anchor_similarity_only,true,high,medium,not_forced,not_hard_coded,none,no_gold_standard_bonus,ordinary_candidate,A0A1V0DXW2__V52_B0_edf056290b2bd93ce630__compound5,V52_B0_edf056290b2bd93ce630,0.675000,0.967871,1.000000,false,false,computed,computed_from_contact_profile,computed_from_E6_2_structure_reliability_score,computed_from_recovered_sequence,computed_from_target_context_docking_and_broad_vina,d79cea01584a0b61d00656930b19cef1b4a366133d8e8ca7ed6c0f9775600097,data/B0_standard_candidates/v5_2/B0_standard_candidate_records.csv
14,A0A6M3G9R6,11,0.590372,0.871124,0.500000,0.000000,0.643272,1.000000,0.911648,0.617578,0.588917,0.526675,0.599338,not_tested,no_direct_wetlab_evidence_anchor_similarity_only,true,high,medium,not_forced,not_hard_coded,none,no_gold_standard_bonus,ordinary_candidate,A0A6M3G9R6__V52_B0_47ae88a6e130d5fe507c__compound5,V52_B0_47ae88a6e130d5fe507c,0.725000,0.952811,1.000000,false,false,computed,computed_from_contact_profile,computed_from_E6_2_structure_reliability_score,computed_from_recovered_sequence,computed_from_target_context_docking_and_broad_vina,37276c3a50e79940a814c237c70db0dbb257dbdba752b9d03f0ef451023bf234,data/B0_standard_candidates/v5_2/B0_standard_candidate_records.csv
15,I7LHJ5,38,0.563662,0.979954,0.500000,0.000000,0.641426,1.000000,0.939402,0.805896,0.630375,0.539112,0.597926,not_tested,no_direct_wetlab_evidence_anchor_similarity_only,true,high,medium,not_forced,not_hard_coded,none,no_gold_standard_bonus,ordinary_candidate,I7LHJ5__V52_B0_88168e53e77c16b85858__compound5,V52_B0_88168e53e77c16b85858,0.975000,0.974886,1.000000,false,false,computed,computed_from_contact_profile,computed_from_E6_2_structure_reliability_score,computed_from_recovered_sequence,computed_from_target_context_docking_and_broad_vina,4e6298264c5c9d8277fc76adabec82cca067fc5e5dad4c5bff54a37d0dd7dc9c,data/B0_standard_candidates/v5_2/B0_standard_candidate_records.csv
16,A0A7U4JZS3,25,0.568445,0.956666,0.500000,0.000000,0.587533,1.000000,0.932390,0.808515,0.619068,0.535720,0.597450,not_tested,no_direct_wetlab_evidence_anchor_similarity_only,true,high,medium,not_forced,not_hard_coded,none,no_gold_standard_bonus,ordinary_candidate,A0A7U4JZS3__V52_B0_213ae9594ccd596735cc__compound5,V52_B0_213ae9594ccd596735cc,0.975000,0.916666,1.000000,false,false,computed,computed_from_contact_profile,computed_from_E6_2_structure_reliability_score,computed_from_recovered_sequence,computed_from_target_context_docking_and_broad_vina,2cac81f244e27885be637b43068da76fff60c1cab369ba5833ba5674a22b36ce,data/B0_standard_candidates/v5_2/B0_standard_candidate_records.csv
17,B3VCL5,8,0.592939,0.768383,0.500000,0.333333,0.499835,1.000000,0.983388,0.666584,0.664125,0.549238,0.597373,not_tested,no_direct_wetlab_evidence_anchor_similarity_only,true,high,medium,not_forced,not_hard_coded,none,no_gold_standard_bonus,ordinary_candidate,B3VCL5__V52_B0_013acaaa5777bf04bd7f__compound5,V52_B0_013acaaa5777bf04bd7f,0.475000,0.945958,1.000000,false,false,computed,computed_from_contact_profile,computed_from_E6_2_structure_reliability_score,computed_from_recovered_sequence,computed_from_target_context_docking_and_broad_vina,f48fac3ae786f3fb38b3fee0e1ac105ab43dc6a80cd288c0463e3d4deed67f40,data/B0_standard_candidates/v5_2/B0_standard_candidate_records.csv
18,A0A088F649,44,0.558317,0.797500,0.500000,1.000000,0.435355,1.000000,0.997582,0.810383,0.848785,0.604635,0.596131,not_tested,no_direct_wetlab_evidence_anchor_similarity_only,true,high,medium,not_forced,not_hard_coded,none,no_gold_standard_bonus,ordinary_candidate,A0A088F649__V52_B0_e0dac016b3932c71cc57__compound5,V52_B0_e0dac016b3932c71cc57,0.525000,0.968750,1.000000,false,false,computed,computed_from_contact_profile,computed_from_E6_2_structure_reliability_score,computed_from_recovered_sequence,computed_from_target_context_docking_and_broad_vina,d04c570455dadb2885ec7beccd299a76d7320d05ac41aa68161a025d3151a77a,data/B0_standard_candidates/v5_2/B0_standard_candidate_records.csv
19,F4N729,36,0.564356,0.960322,0.500000,0.000000,0.744982,1.000000,0.911769,0.698987,0.625559,0.537668,0.595946,not_tested,no_direct_wetlab_evidence_anchor_similarity_only,true,high,medium,not_forced,not_hard_coded,none,no_gold_standard_bonus,ordinary_candidate,F4N729__V52_B0_989606a9637da31f7cad__compound5,V52_B0_989606a9637da31f7cad,0.925000,0.975806,1.000000,false,false,computed,computed_from_contact_profile,computed_from_E6_2_structure_reliability_score,computed_from_recovered_sequence,computed_from_target_context_docking_and_broad_vina,cd565017b4e6079c3c291738af8dbf2470f107cc115a7a8b4567e32bbe435367,data/B0_standard_candidates/v5_2/B0_standard_candidate_records.csv
20,A0AAE9FSZ1,17,0.585420,0.884858,0.500000,0.000000,0.457283,1.000000,0.957017,0.638572,0.562724,0.518817,0.595383,not_tested,no_direct_wetlab_evidence_anchor_similarity_only,true,high,medium,not_forced,not_hard_coded,none,no_gold_standard_bonus,ordinary_candidate,A0AAE9FSZ1__V52_B0_391873faf7cd0b211011__compound5,V52_B0_391873faf7cd0b211011,0.800000,0.912144,1.000000,false,false,computed,computed_from_contact_profile,computed_from_E6_2_structure_reliability_score,computed_from_recovered_sequence,computed_from_target_context_docking_and_broad_vina,1c0cffb89096a4367505ba7d2a130c45a67699827289cac5a4168744a1456253,data/B0_standard_candidates/v5_2/B0_standard_candidate_records.csv
21,A0AAE9FUR5,18,0.582468,0.885398,0.500000,0.000000,0.463168,1.000000,0.967444,0.683231,0.574396,0.522319,0.594716,not_tested,no_direct_wetlab_evidence_anchor_similarity_only,true,high,medium,not_forced,not_hard_coded,none,no_gold_standard_bonus,ordinary_candidate,A0AAE9FUR5__V52_B0_3be894516b034d93ccea__compound5,V52_B0_3be894516b034d93ccea,0.750000,0.963495,1.000000,false,false,computed,computed_from_contact_profile,computed_from_E6_2_structure_reliability_score,computed_from_recovered_sequence,computed_from_target_context_docking_and_broad_vina,0b0a5d194507b490da99957bc67691e4831ffc6f90bf0a31ab40a0970f3b21a5,data/B0_standard_candidates/v5_2/B0_standard_candidate_records.csv
22,F4N2J8,34,0.564662,0.906129,0.500000,0.000000,0.823621,1.000000,0.907361,0.845090,0.669846,0.550954,0.594696,not_tested,no_direct_wetlab_evidence_anchor_similarity_only,true,high,medium,not_forced,not_hard_coded,none,no_gold_standard_bonus,ordinary_candidate,F4N2J8__V52_B0_678901de5475dc45ea34__compound5,V52_B0_678901de5475dc45ea34,0.975000,0.790323,1.000000,false,false,computed,computed_from_contact_profile,computed_from_E6_2_structure_reliability_score,computed_from_recovered_sequence,computed_from_target_context_docking_and_broad_vina,29627bbbe8ea7dfe2e35208c062a4d62f00d351d957679077a1167c0ec281378,data/B0_standard_candidates/v5_2/B0_standard_candidate_records.csv
23,S5MLA1,6,0.594084,0.856067,0.500000,0.000000,0.304403,1.000000,0.904386,0.572454,0.511029,0.503309,0.593050,not_tested,no_direct_wetlab_evidence_anchor_similarity_only,true,high,medium,not_forced,not_hard_coded,none,no_gold_standard_bonus,ordinary_candidate,S5MLA1__V52_B0_73247484443e8927b1d1__compound5,V52_B0_73247484443e8927b1d1,0.775000,0.865168,1.000000,false,false,computed,computed_from_contact_profile,computed_from_E6_2_structure_reliability_score,computed_from_recovered_sequence,computed_from_target_context_docking_and_broad_vina,5f5f9211ef028b655d15e9047abd7cb1c6e487af81719a9daa092beac5738a0a,data/B0_standard_candidates/v5_2/B0_standard_candidate_records.csv
24,A0AAE7V5N4,10,0.591996,0.857623,0.500000,0.000000,0.306653,1.000000,0.949738,0.596510,0.523093,0.506928,0.593038,not_tested,no_direct_wetlab_evidence_anchor_similarity_only,true,high,medium,not_forced,not_hard_coded,none,no_gold_standard_bonus,ordinary_candidate,A0AAE7V5N4__V52_B0_16f147005e1596182f59__compound5,V52_B0_16f147005e1596182f59,0.750000,0.894057,1.000000,false,false,computed,computed_from_contact_profile,computed_from_E6_2_structure_reliability_score,computed_from_recovered_sequence,computed_from_target_context_docking_and_broad_vina,671b0a26d696e9d51ee6847d290c5472f9fabb476cf9b9ed0a08d2e284251307,data/B0_standard_candidates/v5_2/B0_standard_candidate_records.csv
25,A0A449C5Z2,35,0.564507,0.912292,0.500000,0.000000,0.688712,1.000000,0.942005,0.814764,0.641996,0.542599,0.592713,not_tested,no_direct_wetlab_evidence_anchor_similarity_only,true,high,medium,not_forced,not_hard_coded,none,no_gold_standard_bonus,ordinary_candidate,A0A449C5Z2__V52_B0_814e6a30a8cec12fad65__compound5,V52_B0_814e6a30a8cec12fad65,0.825000,0.955729,1.000000,false,false,computed,computed_from_contact_profile,computed_from_E6_2_structure_reliability_score,computed_from_recovered_sequence,computed_from_target_context_docking_and_broad_vina,1dd7cfdf14ac10499a242a2a50492f988b9e12532004ff5282369331d697e3ae,data/B0_standard_candidates/v5_2/B0_standard_candidate_records.csv
26,Q858J8,9,0.592645,0.779068,0.500000,0.142857,0.399148,1.000000,0.983984,0.614800,0.586101,0.525830,0.591243,not_tested,no_direct_wetlab_evidence_anchor_similarity_only,true,high,medium,not_forced,not_hard_coded,none,no_gold_standard_bonus,ordinary_candidate,Q858J8__V52_B0_d22506a9c7997355701e__compound5,V52_B0_d22506a9c7997355701e,0.475000,0.972670,1.000000,false,false,computed,computed_from_contact_profile,computed_from_E6_2_structure_reliability_score,computed_from_recovered_sequence,computed_from_target_context_docking_and_broad_vina,b52688302df2559fdf274b7d94dc047f197964ad1e9e2f0a9cfa4c768bc7f388,data/B0_standard_candidates/v5_2/B0_standard_candidate_records.csv
27,A0A449C440,33,0.565236,0.915764,0.500000,0.000000,0.569628,1.000000,0.942077,0.804785,0.616194,0.534858,0.591175,not_tested,no_direct_wetlab_evidence_anchor_similarity_only,true,high,medium,not_forced,not_hard_coded,none,no_gold_standard_bonus,ordinary_candidate,A0A449C440__V52_B0_ed3d540e9b281f6de46c__compound5,V52_B0_ed3d540e9b281f6de46c,0.825000,0.964410,1.000000,false,false,computed,computed_from_contact_profile,computed_from_E6_2_structure_reliability_score,computed_from_recovered_sequence,computed_from_target_context_docking_and_broad_vina,76db5d59aa15d8db44a6c9f68dc6368e96ba22dd46797eea03aa47c29fcfb11a,data/B0_standard_candidates/v5_2/B0_standard_candidate_records.csv
28,A0AAE7CTI2,46,0.557703,0.941429,0.500000,0.000000,0.636241,1.000000,0.926651,0.792353,0.624717,0.537415,0.589989,not_tested,no_direct_wetlab_evidence_anchor_similarity_only,true,high,medium,not_forced,not_hard_coded,none,no_gold_standard_bonus,ordinary_candidate,A0AAE7CTI2__V52_B0_89ea6bfef82cd651d3d4__compound5,V52_B0_89ea6bfef82cd651d3d4,0.975000,0.878572,1.000000,false,false,computed,computed_from_contact_profile,computed_from_E6_2_structure_reliability_score,computed_from_recovered_sequence,computed_from_target_context_docking_and_broad_vina,81f52f281797e2a3702f544a73dc81aacaf4a9638add7bc3e6f56900d19e1735,data/B0_standard_candidates/v5_2/B0_standard_candidate_records.csv
29,A0A0H3NZ47,27,0.567341,0.885464,0.500000,0.000000,0.524326,1.000000,0.956065,0.835207,0.615316,0.534595,0.589329,not_tested,no_direct_wetlab_evidence_anchor_similarity_only,true,high,medium,not_forced,not_hard_coded,none,no_gold_standard_bonus,ordinary_candidate,A0A0H3NZ47__V52_B0_3eceb6098cd2f789468c__compound5,V52_B0_3eceb6098cd2f789468c,0.800000,0.913660,1.000000,false,false,computed,computed_from_contact_profile,computed_from_E6_2_structure_reliability_score,computed_from_recovered_sequence,computed_from_target_context_docking_and_broad_vina,d80697b26d5ffe3b4736b6527e486ccd8cf2312ac98625679b5f5030f7c5bb83,data/B0_standard_candidates/v5_2/B0_standard_candidate_records.csv
30,A0A449C3Z7,28,0.567132,0.929388,0.500000,0.000000,0.309065,1.000000,0.937158,0.762281,0.554843,0.516453,0.588154,not_tested,no_direct_wetlab_evidence_anchor_similarity_only,true,high,medium,not_forced,not_hard_coded,none,no_gold_standard_bonus,ordinary_candidate,A0A449C3Z7__V52_B0_e0491d4f3d7d3df7cc92__compound5,V52_B0_e0491d4f3d7d3df7cc92,0.925000,0.898471,1.000000,false,false,computed,computed_from_contact_profile,computed_from_E6_2_structure_reliability_score,computed_from_recovered_sequence,computed_from_target_context_docking_and_broad_vina,43673ebc598b71fc36926840a497682eff2af35975666ab1aed35ce712cd2865,data/B0_standard_candidates/v5_2/B0_standard_candidate_records.csv
31,A0A449C555,39,0.563009,0.879156,0.500000,0.000000,0.638361,1.000000,0.913072,0.819368,0.628507,0.538552,0.587287,not_tested,no_direct_wetlab_evidence_anchor_similarity_only,true,high,medium,not_forced,not_hard_coded,none,no_gold_standard_bonus,ordinary_candidate,A0A449C555__V52_B0_5ab0ec1ff4be719d99fd__compound5,V52_B0_5ab0ec1ff4be719d99fd,0.725000,0.972891,1.000000,false,false,computed,computed_from_contact_profile,computed_from_E6_2_structure_reliability_score,computed_from_recovered_sequence,computed_from_target_context_docking_and_broad_vina,d4fca03c0ade8d07aecf959b3e1f22413af38e6613ae461a59c17e209607554e,data/B0_standard_candidates/v5_2/B0_standard_candidate_records.csv
32,A0A0G2PMY8,43,0.560227,0.873510,0.500000,0.000000,0.719379,1.000000,0.926049,0.794106,0.641604,0.542481,0.586232,not_tested,no_direct_wetlab_evidence_anchor_similarity_only,true,high,medium,not_forced,not_hard_coded,none,no_gold_standard_bonus,ordinary_candidate,A0A0G2PMY8__V52_B0_a1cd974de2f5316f4c94__compound5,V52_B0_a1cd974de2f5316f4c94,0.875000,0.808775,1.000000,false,false,computed,computed_from_contact_profile,computed_from_E6_2_structure_reliability_score,computed_from_recovered_sequence,computed_from_target_context_docking_and_broad_vina,725a0d6fec836debf2a97c3bc879782b127ba0b7d0db368c536fa10e0f2bc334,data/B0_standard_candidates/v5_2/B0_standard_candidate_records.csv
33,A0AAE9FQ76,40,0.561838,0.883290,0.500000,0.000000,0.584336,1.000000,0.959720,0.767868,0.614399,0.534320,0.585728,not_tested,no_direct_wetlab_evidence_anchor_similarity_only,true,high,medium,not_forced,not_hard_coded,none,no_gold_standard_bonus,ordinary_candidate,A0AAE9FQ76__V52_B0_4d659282a14eb1343085__compound5,V52_B0_4d659282a14eb1343085,0.750000,0.958224,1.000000,false,false,computed,computed_from_contact_profile,computed_from_E6_2_structure_reliability_score,computed_from_recovered_sequence,computed_from_target_context_docking_and_broad_vina,6d9f69b6a2a2d5b21dd2584529617d084247e0a796e02e2a82dca4480ee65042,data/B0_standard_candidates/v5_2/B0_standard_candidate_records.csv
34,I7LHK5,26,0.568044,0.863887,0.500000,0.000000,0.398541,1.000000,0.954957,0.772923,0.577537,0.523261,0.584193,not_tested,no_direct_wetlab_evidence_anchor_similarity_only,true,high,medium,not_forced,not_hard_coded,none,no_gold_standard_bonus,ordinary_candidate,I7LHK5__V52_B0_1da18deb4e2fe666e802__compound5,V52_B0_1da18deb4e2fe666e802,0.700000,0.959718,1.000000,false,false,computed,computed_from_contact_profile,computed_from_E6_2_structure_reliability_score,computed_from_recovered_sequence,computed_from_target_context_docking_and_broad_vina,a19d5b056f427239366299a89fa3bed3f09f4a6ce19dbbc486db245683ff9805,data/B0_standard_candidates/v5_2/B0_standard_candidate_records.csv
35,Q858U5,24,0.568694,0.858915,0.500000,0.000000,0.446340,1.000000,0.950829,0.723721,0.576636,0.522991,0.584005,not_tested,no_direct_wetlab_evidence_anchor_similarity_only,true,high,medium,not_forced,not_hard_coded,none,no_gold_standard_bonus,ordinary_candidate,Q858U5__V52_B0_9752cc0190d82ba0542c__compound5,V52_B0_9752cc0190d82ba0542c,0.750000,0.897287,1.000000,false,false,computed,computed_from_contact_profile,computed_from_E6_2_structure_reliability_score,computed_from_recovered_sequence,computed_from_target_context_docking_and_broad_vina,b01cd292eb360577ff4b8238e56e8bb274479e8bdbe6c7f38f2952522f54a612,data/B0_standard_candidates/v5_2/B0_standard_candidate_records.csv
36,A0AAE7S353,22,0.572380,0.780732,0.500000,0.000000,0.628620,1.000000,0.990591,0.796423,0.633597,0.540079,0.583525,not_tested,no_direct_wetlab_evidence_anchor_similarity_only,true,high,medium,not_forced,not_hard_coded,none,no_gold_standard_bonus,ordinary_candidate,A0AAE7S353__V52_B0_f9610b272d332c1d8ac9__compound5,V52_B0_f9610b272d332c1d8ac9,0.475000,0.976831,1.000000,false,false,computed,computed_from_contact_profile,computed_from_E6_2_structure_reliability_score,computed_from_recovered_sequence,computed_from_target_context_docking_and_broad_vina,af70e7c90ab2426588f1267b520d5833a38dc7838ea79ad6b2b98908339c5dee,data/B0_standard_candidates/v5_2/B0_standard_candidate_records.csv
37,A0A449C5Q6,30,0.566082,0.863846,0.500000,0.000000,0.506968,1.000000,0.903164,0.723885,0.581645,0.524494,0.583382,not_tested,no_direct_wetlab_evidence_anchor_similarity_only,true,high,medium,not_forced,not_hard_coded,none,no_gold_standard_bonus,ordinary_candidate,A0A449C5Q6__V52_B0_50c85654008871c8b9cf__compound5,V52_B0_50c85654008871c8b9cf,0.775000,0.884615,1.000000,false,false,computed,computed_from_contact_profile,computed_from_E6_2_structure_reliability_score,computed_from_recovered_sequence,computed_from_target_context_docking_and_broad_vina,04ac1b6e91280345743e73baf98a13155d5aa5ffce3f68edca46fc3bf7579fe0,data/B0_standard_candidates/v5_2/B0_standard_candidate_records.csv
38,I7K3G3,29,0.567110,0.739058,0.500000,0.333333,0.619864,1.000000,0.982388,0.738375,0.702339,0.560702,0.582382,not_tested,no_direct_wetlab_evidence_anchor_similarity_only,true,high,medium,not_forced,not_hard_coded,none,no_gold_standard_bonus,ordinary_candidate,I7K3G3__V52_B0_834319d12b31cd56a894__compound5,V52_B0_834319d12b31cd56a894,0.425000,0.922646,1.000000,false,false,computed,computed_from_contact_profile,computed_from_E6_2_structure_reliability_score,computed_from_recovered_sequence,computed_from_target_context_docking_and_broad_vina,0d19a5553db33839e3e9d7f1ca2514c718c0e489dff7097164eecfa3420186d8,data/B0_standard_candidates/v5_2/B0_standard_candidate_records.csv
39,A0A9P1PWH0,23,0.570609,0.893442,0.500000,0.000000,0.335890,1.000000,0.955161,0.481499,0.506752,0.502026,0.582317,not_tested,no_direct_wetlab_evidence_anchor_similarity_only,true,high,medium,not_forced,not_hard_coded,none,no_gold_standard_bonus,ordinary_candidate,A0A9P1PWH0__V52_B0_06498fa95a8529a6e827__compound5,V52_B0_06498fa95a8529a6e827,0.800000,0.933604,1.000000,false,false,computed,computed_from_contact_profile,computed_from_E6_2_structure_reliability_score,computed_from_recovered_sequence,computed_from_target_context_docking_and_broad_vina,7e60bd943abfc9e1cb1b7e4fae29212ad5b208240d2d771505110ca0ca645295,data/B0_standard_candidates/v5_2/B0_standard_candidate_records.csv
40,S5M9F2,45,0.557936,0.863333,0.500000,0.000000,0.532680,1.000000,0.954720,0.814770,0.612698,0.533809,0.581238,not_tested,no_direct_wetlab_evidence_anchor_similarity_only,true,high,medium,not_forced,not_hard_coded,none,no_gold_standard_bonus,ordinary_candidate,S5M9F2__V52_B0_fd80d79069bc3204eb92__compound5,V52_B0_fd80d79069bc3204eb92,0.700000,0.958333,1.000000,false,false,computed,computed_from_contact_profile,computed_from_E6_2_structure_reliability_score,computed_from_recovered_sequence,computed_from_target_context_docking_and_broad_vina,1b77bafe97676059c7945334f5b2df29004279673d1af9686ce84ae0000d71f3,data/B0_standard_candidates/v5_2/B0_standard_candidate_records.csv
41,I6Q9A1,31,0.565565,0.778172,0.500000,0.142857,0.564653,1.000000,0.983604,0.791961,0.654578,0.546373,0.581068,not_tested,no_direct_wetlab_evidence_anchor_similarity_only,true,high,medium,not_forced,not_hard_coded,none,no_gold_standard_bonus,ordinary_candidate,I6Q9A1__V52_B0_5226a1244fdf64614579__compound5,V52_B0_5226a1244fdf64614579,0.475000,0.970430,1.000000,false,false,computed,computed_from_contact_profile,computed_from_E6_2_structure_reliability_score,computed_from_recovered_sequence,computed_from_target_context_docking_and_broad_vina,d80b009022fb672290626551547c1c9dd640ed8b2ce166890938dce88ce4687d,data/B0_standard_candidates/v5_2/B0_standard_candidate_records.csv
42,A0A0B5A4Q9,50,0.555314,0.901428,0.500000,0.000000,0.407602,1.000000,0.912686,0.805107,0.579445,0.523833,0.580481,not_tested,no_direct_wetlab_evidence_anchor_similarity_only,true,high,medium,not_forced,not_hard_coded,none,no_gold_standard_bonus,ordinary_candidate,A0A0B5A4Q9__V52_B0_e182309b668540adee8d__compound5,V52_B0_e182309b668540adee8d,0.825000,0.928571,1.000000,false,false,computed,computed_from_contact_profile,computed_from_E6_2_structure_reliability_score,computed_from_recovered_sequence,computed_from_target_context_docking_and_broad_vina,cfb1b0edf5a228825f7dfae24d63985f58af86415032b76c5abcc0525b434e54,data/B0_standard_candidates/v5_2/B0_standard_candidate_records.csv
43,S5MRA5,49,0.556463,0.838204,0.500000,0.000000,0.626668,1.000000,0.931392,0.750667,0.615176,0.534553,0.578064,not_tested,no_direct_wetlab_evidence_anchor_similarity_only,true,high,medium,not_forced,not_hard_coded,none,no_gold_standard_bonus,ordinary_candidate,S5MRA5__V52_B0_1ad188626900ead62d59__compound5,V52_B0_1ad188626900ead62d59,0.725000,0.870510,1.000000,false,false,computed,computed_from_contact_profile,computed_from_E6_2_structure_reliability_score,computed_from_recovered_sequence,computed_from_target_context_docking_and_broad_vina,c60d3696ead8f7842f23b321a2e85f8ae3f9104b6bf012aa89e9c5f9b9c29e51,data/B0_standard_candidates/v5_2/B0_standard_candidate_records.csv
44,S5M3B5,15,0.585871,0.736034,0.500000,0.000000,0.250985,1.000000,0.971275,0.639512,0.523791,0.507137,0.577267,not_tested,no_direct_wetlab_evidence_anchor_similarity_only,true,high,medium,not_forced,not_hard_coded,none,no_gold_standard_bonus,ordinary_candidate,S5M3B5__V52_B0_4532ea7e5bed51960434__compound5,V52_B0_4532ea7e5bed51960434,0.425000,0.915086,1.000000,false,false,computed,computed_from_contact_profile,computed_from_E6_2_structure_reliability_score,computed_from_recovered_sequence,computed_from_target_context_docking_and_broad_vina,89e47e574cb0175826eedd63e6981c304334ccda689d988569ca9c40bbb0a060,data/B0_standard_candidates/v5_2/B0_standard_candidate_records.csv
45,A0A449C531,21,0.574831,0.728334,0.500000,0.000000,0.498547,1.000000,0.980318,0.665414,0.579840,0.523952,0.574918,not_tested,no_direct_wetlab_evidence_anchor_similarity_only,true,high,medium,not_forced,not_hard_coded,none,no_gold_standard_bonus,ordinary_candidate,A0A449C531__V52_B0_a473da7455605014f629__compound5,V52_B0_a473da7455605014f629,0.425000,0.895834,1.000000,false,false,computed,computed_from_contact_profile,computed_from_E6_2_structure_reliability_score,computed_from_recovered_sequence,computed_from_target_context_docking_and_broad_vina,2f706398545e9484cf3ab23de0e4d902e5f2983144699b324256cbe738e03593,data/B0_standard_candidates/v5_2/B0_standard_candidate_records.csv
46,A0A0H3NZ57,48,0.557146,0.745116,0.500000,0.000000,0.625914,1.000000,0.953381,0.839274,0.636045,0.540813,0.571043,not_tested,no_direct_wetlab_evidence_anchor_similarity_only,true,high,medium,not_forced,not_hard_coded,none,no_gold_standard_bonus,ordinary_candidate,A0A0H3NZ57__V52_B0_01c8e8853dc65d3bd72b__compound5,V52_B0_01c8e8853dc65d3bd72b,0.450000,0.912791,1.000000,false,false,computed,computed_from_contact_profile,computed_from_E6_2_structure_reliability_score,computed_from_recovered_sequence,computed_from_target_context_docking_and_broad_vina,743e21f9b05dae4a29b622853aea9b32658cf3fdfe77ccae6a2d0c884fee96dc,data/B0_standard_candidates/v5_2/B0_standard_candidate_records.csv
47,A0A1V0DXT2,41,0.561406,0.732308,0.500000,0.000000,0.508398,1.000000,0.979156,0.715090,0.591571,0.527471,0.568316,not_tested,no_direct_wetlab_evidence_anchor_similarity_only,true,high,medium,not_forced,not_hard_coded,none,no_gold_standard_bonus,ordinary_candidate,A0A1V0DXT2__V52_B0_e17adc42c5374f6446a4__compound5,V52_B0_e17adc42c5374f6446a4,0.475000,0.855769,1.000000,false,false,computed,computed_from_contact_profile,computed_from_E6_2_structure_reliability_score,computed_from_recovered_sequence,computed_from_target_context_docking_and_broad_vina,4cf9be016acb222c9dd82907ec96196678519449cf00555117b10875c818a327,data/B0_standard_candidates/v5_2/B0_standard_candidate_records.csv
48,S5ML14,37,0.563844,0.729848,0.500000,0.000000,0.392728,1.000000,0.980710,0.720984,0.569849,0.520955,0.567578,not_tested,no_direct_wetlab_evidence_anchor_similarity_only,true,high,medium,not_forced,not_hard_coded,none,no_gold_standard_bonus,ordinary_candidate,S5ML14__V52_B0_cc5cd01b6a7cd059e685__compound5,V52_B0_cc5cd01b6a7cd059e685,0.425000,0.899621,1.000000,false,false,computed,computed_from_contact_profile,computed_from_E6_2_structure_reliability_score,computed_from_recovered_sequence,computed_from_target_context_docking_and_broad_vina,607ce748a4e1fab093556e28c0e0c90fdef605cf8172eaf0be544952202a513a,data/B0_standard_candidates/v5_2/B0_standard_candidate_records.csv
49,A0A0B4ZXE3,47,0.557289,0.653915,0.500000,0.000000,0.808078,1.000000,0.973292,0.721428,0.651895,0.545568,0.563435,not_tested,no_direct_wetlab_evidence_anchor_similarity_only,true,high,medium,not_forced,not_hard_coded,none,no_gold_standard_bonus,ordinary_candidate,A0A0B4ZXE3__V52_B0_560a733be97173df0a7f__compound5,V52_B0_560a733be97173df0a7f,0.275000,0.859787,1.000000,false,false,computed,computed_from_contact_profile,computed_from_E6_2_structure_reliability_score,computed_from_recovered_sequence,computed_from_target_context_docking_and_broad_vina,3124183e9821df432db7ac3c768868a86e973dbef06e467487b2cb79b378a225,data/B0_standard_candidates/v5_2/B0_standard_candidate_records.csv
50,I7K324,42,0.560964,0.653915,0.500000,0.000000,0.415843,1.000000,0.973416,0.701113,0.569404,0.520821,0.558216,not_tested,no_direct_wetlab_evidence_anchor_similarity_only,true,high,medium,not_forced,not_hard_coded,none,no_gold_standard_bonus,ordinary_candidate,I7K324__V52_B0_32ddd655691f86d6b241__compound5,V52_B0_32ddd655691f86d6b241,0.275000,0.859787,1.000000,false,false,computed,computed_from_contact_profile,computed_from_E6_2_structure_reliability_score,computed_from_recovered_sequence,computed_from_target_context_docking_and_broad_vina,628e0cfdf66a9ac8811855af973f3e5a7faeaeda92f37c3b328834a7ec1497ca,data/B0_standard_candidates/v5_2/B0_standard_candidate_records.csv
