rank_version,source_accession,pair_id,candidate_record_id,ordinary_candidate_policy,forced_rank_status,hard_coded_priority_status,manual_override_status,gold_standard_bonus_status,Q9T0Z9_prior_E6_evidence_status,G_pre1_target_engineering_composite_rank,G_pre1_target_engineering_composite_score,target_context_score,target_organism_score,target_organism_class,phage_origin_score,phage_origin_class,target_origin_manual_review_required,docking_support_score,solubility_no_chaperone_score,E6_5_solubility_aggregation_chaperone_score,curated_no_external_chaperone_required_strength,curated_soluble_expression_strength,global_engineering_residual_score,E7_unlocked_score,E7_unlocked_rank,E6_total_score,source_organism,target_organism,phage_host,product_annotation,ranking_status,old_G_pre1_status,G_pre2_status,E6_status,E7_status,tie_breaker_order
v5.4.8z2,Q9T0Z9,Q9T0Z9__V52_B0_4258e8231588fe960a0e__compound5,V52_B0_4258e8231588fe960a0e,ordinary_candidate,not_forced,not_hard_coded,none,no_gold_standard_bonus,provenance_only,1,0.856763,1.000000,1.000000,Yersinia_enterocolitica_O3_or_YeO3,1.000000,Yersinia_enterocolitica_O3_phage_or_phiYeO3_12_like,false,0.558871,0.787209,0.978682,0.500000,0.500000,0.750948,0.750948,679,0.750948,Yersinia phage phiYeO3-12,Yersinia,Yersinia,,G_pre1_TARGET_ENGINEERING_COMPOSITE_GENERATED,read_only_unmodified,read_only_unmodified,read_only_unmodified,read_only_unmodified,composite_desc;target_context_desc;target_organism_desc;phage_origin_desc;docking_desc;solubility_no_chaperone_desc;E7_score_desc;source_accession_asc
v5.4.8z2,A0A7U4GHF9,A0A7U4GHF9__V52_B0_fbf3d9e4a576d70660eb__compound5,V52_B0_fbf3d9e4a576d70660eb,ordinary_candidate,not_forced,not_hard_coded,none,no_gold_standard_bonus,not_Q9T0Z9,2,0.607981,0.575000,0.750000,Yersinia_enterocolitica_non_O3_or_unknown_serotype,0.400000,Yersinia_enterocolitica_bacterial_genome_phage_like,true,0.703851,0.557360,0.928934,0.000000,0.000000,0.789778,0.789778,361,0.789778,Yersinia enterocolitica LC20,Yersinia,Yersinia,Baseplate protein J-like barrel domain-containing protein,G_pre1_TARGET_ENGINEERING_COMPOSITE_GENERATED,read_only_unmodified,read_only_unmodified,read_only_unmodified,read_only_unmodified,composite_desc;target_context_desc;target_organism_desc;phage_origin_desc;docking_desc;solubility_no_chaperone_desc;E7_score_desc;source_accession_asc
v5.4.8z2,I7K2S1,I7K2S1__V52_B0_a1449c6f756547d68d82__compound5,V52_B0_a1449c6f756547d68d82,ordinary_candidate,not_forced,not_hard_coded,none,no_gold_standard_bonus,not_Q9T0Z9,3,0.602209,0.525000,0.400000,other_or_genus_only_Yersinia,0.650000,Yersinia_phage_non_enterocolitica_or_unknown_host,true,0.800510,0.556147,0.926911,0.000000,0.000000,0.842560,0.842560,10,0.842560,Yersinia phage phiR2-01,Yersinia,Yersinia,,G_pre1_TARGET_ENGINEERING_COMPOSITE_GENERATED,read_only_unmodified,read_only_unmodified,read_only_unmodified,read_only_unmodified,composite_desc;target_context_desc;target_organism_desc;phage_origin_desc;docking_desc;solubility_no_chaperone_desc;E7_score_desc;source_accession_asc
v5.4.8z2,A0A1V0DXW2,A0A1V0DXW2__V52_B0_edf056290b2bd93ce630__compound5,V52_B0_edf056290b2bd93ce630,ordinary_candidate,not_forced,not_hard_coded,none,no_gold_standard_bonus,not_Q9T0Z9,4,0.599320,0.525000,0.400000,other_or_genus_only_Yersinia,0.650000,Yersinia_phage_non_enterocolitica_or_unknown_host,true,0.767408,0.580723,0.967871,0.000000,0.000000,0.818870,0.818870,87,0.818870,Yersinia phage fHe-Yen9-01,Yersinia,Yersinia,Baseplate hub assembly protein,G_pre1_TARGET_ENGINEERING_COMPOSITE_GENERATED,read_only_unmodified,read_only_unmodified,read_only_unmodified,read_only_unmodified,composite_desc;target_context_desc;target_organism_desc;phage_origin_desc;docking_desc;solubility_no_chaperone_desc;E7_score_desc;source_accession_asc
v5.4.8z2,A0AAD2UYA7,A0AAD2UYA7__V52_B0_992f5c237d53c9817f63__compound5,V52_B0_992f5c237d53c9817f63,ordinary_candidate,not_forced,not_hard_coded,none,no_gold_standard_bonus,not_Q9T0Z9,5,0.594850,0.575000,0.750000,Yersinia_enterocolitica_non_O3_or_unknown_serotype,0.400000,Yersinia_enterocolitica_bacterial_genome_phage_like,true,0.630693,0.554676,0.924460,0.000000,0.000000,0.830516,0.830516,36,0.830516,Yersinia enterocolitica,Yersinia,Yersinia,Tail fiber assembly protein,G_pre1_TARGET_ENGINEERING_COMPOSITE_GENERATED,read_only_unmodified,read_only_unmodified,read_only_unmodified,read_only_unmodified,composite_desc;target_context_desc;target_organism_desc;phage_origin_desc;docking_desc;solubility_no_chaperone_desc;E7_score_desc;source_accession_asc
v5.4.8z2,S5MLA1,S5MLA1__V52_B0_73247484443e8927b1d1__compound5,V52_B0_73247484443e8927b1d1,ordinary_candidate,not_forced,not_hard_coded,none,no_gold_standard_bonus,not_Q9T0Z9,6,0.594084,0.525000,0.400000,other_or_genus_only_Yersinia,0.650000,Yersinia_phage_non_enterocolitica_or_unknown_host,true,0.800758,0.519101,0.865168,0.000000,0.000000,0.827246,0.827246,48,0.827246,Yersinia phage PST,Yersinia,Yersinia,Receptor-recognizing protein gp38,G_pre1_TARGET_ENGINEERING_COMPOSITE_GENERATED,read_only_unmodified,read_only_unmodified,read_only_unmodified,read_only_unmodified,composite_desc;target_context_desc;target_organism_desc;phage_origin_desc;docking_desc;solubility_no_chaperone_desc;E7_score_desc;source_accession_asc
v5.4.8z2,A0A0G2PMU5,A0A0G2PMU5__V52_B0_7a865e2670aac9d91e66__compound5,V52_B0_7a865e2670aac9d91e66,ordinary_candidate,not_forced,not_hard_coded,none,no_gold_standard_bonus,not_Q9T0Z9,7,0.593066,0.550000,1.000000,Yersinia_enterocolitica_O3_or_YeO3,0.100000,other_unknown_non_phage_or_missing_origin,true,0.691313,0.563362,0.938936,0.000000,0.000000,0.792623,0.792623,331,0.792623,Yersinia enterocolitica subsp. palearctica serotype O:3 (strain DSM 13030 / CIP 106945 / Y11),Yersinia,Yersinia,,G_pre1_TARGET_ENGINEERING_COMPOSITE_GENERATED,read_only_unmodified,read_only_unmodified,read_only_unmodified,read_only_unmodified,composite_desc;target_context_desc;target_organism_desc;phage_origin_desc;docking_desc;solubility_no_chaperone_desc;E7_score_desc;source_accession_asc
v5.4.8z2,B3VCL5,B3VCL5__V52_B0_013acaaa5777bf04bd7f__compound5,V52_B0_013acaaa5777bf04bd7f,ordinary_candidate,not_forced,not_hard_coded,none,no_gold_standard_bonus,not_Q9T0Z9,8,0.592939,0.525000,0.400000,other_or_genus_only_Yersinia,0.650000,Yersinia_phage_non_enterocolitica_or_unknown_host,true,0.760320,0.567575,0.945958,0.000000,0.000000,0.772207,0.772207,527,0.772207,Yersinia phage Yepe2,Yersinia,Yersinia,,G_pre1_TARGET_ENGINEERING_COMPOSITE_GENERATED,read_only_unmodified,read_only_unmodified,read_only_unmodified,read_only_unmodified,composite_desc;target_context_desc;target_organism_desc;phage_origin_desc;docking_desc;solubility_no_chaperone_desc;E7_score_desc;source_accession_asc
v5.4.8z2,Q858J8,Q858J8__V52_B0_d22506a9c7997355701e__compound5,V52_B0_d22506a9c7997355701e,ordinary_candidate,not_forced,not_hard_coded,none,no_gold_standard_bonus,not_Q9T0Z9,9,0.592645,0.525000,0.400000,other_or_genus_only_Yersinia,0.650000,Yersinia_phage_non_enterocolitica_or_unknown_host,true,0.742452,0.583602,0.972670,0.000000,0.000000,0.773681,0.773681,516,0.773681,Yersinia phage phiA1122,Yersinia,Yersinia,,G_pre1_TARGET_ENGINEERING_COMPOSITE_GENERATED,read_only_unmodified,read_only_unmodified,read_only_unmodified,read_only_unmodified,composite_desc;target_context_desc;target_organism_desc;phage_origin_desc;docking_desc;solubility_no_chaperone_desc;E7_score_desc;source_accession_asc
v5.4.8z2,A0AAE7V5N4,A0AAE7V5N4__V52_B0_16f147005e1596182f59__compound5,V52_B0_16f147005e1596182f59,ordinary_candidate,not_forced,not_hard_coded,none,no_gold_standard_bonus,not_Q9T0Z9,10,0.591996,0.525000,0.400000,other_or_genus_only_Yersinia,0.650000,Yersinia_phage_non_enterocolitica_or_unknown_host,true,0.775470,0.536434,0.894057,0.000000,0.000000,0.817307,0.817307,96,0.817307,Yersinia phage HQ103,Yersinia,Yersinia,,G_pre1_TARGET_ENGINEERING_COMPOSITE_GENERATED,read_only_unmodified,read_only_unmodified,read_only_unmodified,read_only_unmodified,composite_desc;target_context_desc;target_organism_desc;phage_origin_desc;docking_desc;solubility_no_chaperone_desc;E7_score_desc;source_accession_asc
v5.4.8z2,A0A6M3G9R6,A0A6M3G9R6__V52_B0_47ae88a6e130d5fe507c__compound5,V52_B0_47ae88a6e130d5fe507c,ordinary_candidate,not_forced,not_hard_coded,none,no_gold_standard_bonus,not_Q9T0Z9,11,0.590372,0.525000,0.400000,other_or_genus_only_Yersinia,0.650000,Yersinia_phage_non_enterocolitica_or_unknown_host,true,0.731735,0.571687,0.952811,0.000000,0.000000,0.818748,0.818748,89,0.818748,Yersinia phage vB_YepM_ZN18,Yersinia,Yersinia,,G_pre1_TARGET_ENGINEERING_COMPOSITE_GENERATED,read_only_unmodified,read_only_unmodified,read_only_unmodified,read_only_unmodified,composite_desc;target_context_desc;target_organism_desc;phage_origin_desc;docking_desc;solubility_no_chaperone_desc;E7_score_desc;source_accession_asc
v5.4.8z2,A0A0P0LE96,A0A0P0LE96__V52_B0_4789944fd54cabfb50cc__compound5,V52_B0_4789944fd54cabfb50cc,ordinary_candidate,not_forced,not_hard_coded,none,no_gold_standard_bonus,not_Q9T0Z9,12,0.589310,0.525000,0.400000,other_or_genus_only_Yersinia,0.650000,Yersinia_phage_non_enterocolitica_or_unknown_host,true,0.736607,0.577865,0.963109,0.000000,0.000000,0.753302,0.753302,665,0.753302,Yersinia phage vB_YenP_AP10,Yersinia,Yersinia,,G_pre1_TARGET_ENGINEERING_COMPOSITE_GENERATED,read_only_unmodified,read_only_unmodified,read_only_unmodified,read_only_unmodified,composite_desc;target_context_desc;target_organism_desc;phage_origin_desc;docking_desc;solubility_no_chaperone_desc;E7_score_desc;source_accession_asc
v5.4.8z2,A0A0H3NKM1,A0A0H3NKM1__V52_B0_402c2ed5738bec275248__compound5,V52_B0_402c2ed5738bec275248,ordinary_candidate,not_forced,not_hard_coded,none,no_gold_standard_bonus,not_Q9T0Z9,13,0.588103,0.550000,1.000000,Yersinia_enterocolitica_O3_or_YeO3,0.100000,other_unknown_non_phage_or_missing_origin,true,0.679993,0.547286,0.912144,0.000000,0.000000,0.802938,0.802938,209,0.802938,Yersinia enterocolitica subsp. palearctica serotype O:3 (strain DSM 13030 / CIP 106945 / Y11),Yersinia,Yersinia,,G_pre1_TARGET_ENGINEERING_COMPOSITE_GENERATED,read_only_unmodified,read_only_unmodified,read_only_unmodified,read_only_unmodified,composite_desc;target_context_desc;target_organism_desc;phage_origin_desc;docking_desc;solubility_no_chaperone_desc;E7_score_desc;source_accession_asc
v5.4.8z2,A0A0U2DXE3,A0A0U2DXE3__V52_B0_62a79aa83a1d1500ad93__compound5,V52_B0_62a79aa83a1d1500ad93,ordinary_candidate,not_forced,not_hard_coded,none,no_gold_standard_bonus,not_Q9T0Z9,14,0.586512,0.525000,0.400000,other_or_genus_only_Yersinia,0.650000,Yersinia_phage_non_enterocolitica_or_unknown_host,true,0.715794,0.580055,0.966758,0.000000,0.000000,0.771847,0.771847,533,0.771847,Yersinia phage phiYe-F10,Yersinia,Yersinia,,G_pre1_TARGET_ENGINEERING_COMPOSITE_GENERATED,read_only_unmodified,read_only_unmodified,read_only_unmodified,read_only_unmodified,composite_desc;target_context_desc;target_organism_desc;phage_origin_desc;docking_desc;solubility_no_chaperone_desc;E7_score_desc;source_accession_asc
v5.4.8z2,S5M3B5,S5M3B5__V52_B0_4532ea7e5bed51960434__compound5,V52_B0_4532ea7e5bed51960434,ordinary_candidate,not_forced,not_hard_coded,none,no_gold_standard_bonus,not_Q9T0Z9,15,0.585871,0.525000,0.400000,other_or_genus_only_Yersinia,0.650000,Yersinia_phage_non_enterocolitica_or_unknown_host,true,0.749761,0.549052,0.915086,0.000000,0.000000,0.747164,0.747164,704,0.747164,Yersinia phage PST,Yersinia,Yersinia,,G_pre1_TARGET_ENGINEERING_COMPOSITE_GENERATED,read_only_unmodified,read_only_unmodified,read_only_unmodified,read_only_unmodified,composite_desc;target_context_desc;target_organism_desc;phage_origin_desc;docking_desc;solubility_no_chaperone_desc;E7_score_desc;source_accession_asc
v5.4.8z2,A0A7U4GE98,A0A7U4GE98__V52_B0_eeff15dfb7ab2760e3db__compound5,V52_B0_eeff15dfb7ab2760e3db,ordinary_candidate,not_forced,not_hard_coded,none,no_gold_standard_bonus,not_Q9T0Z9,16,0.585492,0.575000,0.750000,Yersinia_enterocolitica_non_O3_or_unknown_serotype,0.400000,Yersinia_enterocolitica_bacterial_genome_phage_like,true,0.658104,0.482279,0.803798,0.000000,0.000000,0.823307,0.823307,59,0.823307,Yersinia enterocolitica LC20,Yersinia,Yersinia,Tail fiber assembly protein,G_pre1_TARGET_ENGINEERING_COMPOSITE_GENERATED,read_only_unmodified,read_only_unmodified,read_only_unmodified,read_only_unmodified,composite_desc;target_context_desc;target_organism_desc;phage_origin_desc;docking_desc;solubility_no_chaperone_desc;E7_score_desc;source_accession_asc
v5.4.8z2,A0AAE9FSZ1,A0AAE9FSZ1__V52_B0_391873faf7cd0b211011__compound5,V52_B0_391873faf7cd0b211011,ordinary_candidate,not_forced,not_hard_coded,none,no_gold_standard_bonus,not_Q9T0Z9,17,0.585420,0.525000,0.400000,other_or_genus_only_Yersinia,0.650000,Yersinia_phage_non_enterocolitica_or_unknown_host,true,0.733114,0.547286,0.912144,0.000000,0.000000,0.811791,0.811791,126,0.811791,Yersinia phage vB_YenM_56.17,Yersinia,Yersinia,,G_pre1_TARGET_ENGINEERING_COMPOSITE_GENERATED,read_only_unmodified,read_only_unmodified,read_only_unmodified,read_only_unmodified,composite_desc;target_context_desc;target_organism_desc;phage_origin_desc;docking_desc;solubility_no_chaperone_desc;E7_score_desc;source_accession_asc
v5.4.8z2,A0AAE9FUR5,A0AAE9FUR5__V52_B0_3be894516b034d93ccea__compound5,V52_B0_3be894516b034d93ccea,ordinary_candidate,not_forced,not_hard_coded,none,no_gold_standard_bonus,not_Q9T0Z9,18,0.582468,0.525000,0.400000,other_or_genus_only_Yersinia,0.650000,Yersinia_phage_non_enterocolitica_or_unknown_host,true,0.688530,0.578097,0.963495,0.000000,0.000000,0.807854,0.807854,158,0.807854,Yersinia phage vB_YenM_42.18,Yersinia,Yersinia,,G_pre1_TARGET_ENGINEERING_COMPOSITE_GENERATED,read_only_unmodified,read_only_unmodified,read_only_unmodified,read_only_unmodified,composite_desc;target_context_desc;target_organism_desc;phage_origin_desc;docking_desc;solubility_no_chaperone_desc;E7_score_desc;source_accession_asc
v5.4.8z2,A0AAT9S6U3,A0AAT9S6U3__V52_B0_e8153b241c322ebe0ce2__compound5,V52_B0_e8153b241c322ebe0ce2,ordinary_candidate,not_forced,not_hard_coded,none,no_gold_standard_bonus,not_Q9T0Z9,19,0.582123,0.525000,0.400000,other_or_genus_only_Yersinia,0.650000,Yersinia_phage_non_enterocolitica_or_unknown_host,true,0.694547,0.583360,0.972267,0.000000,0.000000,0.755825,0.755825,648,0.755825,Yersinia phage vB_YenP_WW1,Yersinia,Yersinia,,G_pre1_TARGET_ENGINEERING_COMPOSITE_GENERATED,read_only_unmodified,read_only_unmodified,read_only_unmodified,read_only_unmodified,composite_desc;target_context_desc;target_organism_desc;phage_origin_desc;docking_desc;solubility_no_chaperone_desc;E7_score_desc;source_accession_asc
v5.4.8z2,A0AAX4Q2K6,A0AAX4Q2K6__V52_B0_e1888fad7884237478d2__compound5,V52_B0_e1888fad7884237478d2,ordinary_candidate,not_forced,not_hard_coded,none,no_gold_standard_bonus,not_Q9T0Z9,20,0.579390,0.525000,0.400000,other_or_genus_only_Yersinia,0.650000,Yersinia_phage_non_enterocolitica_or_unknown_host,true,0.656130,0.586957,0.978261,0.000000,0.000000,0.840454,0.840454,13,0.840454,Yersinia phage vB_YpM_MHG39,Yersinia,Yersinia,,G_pre1_TARGET_ENGINEERING_COMPOSITE_GENERATED,read_only_unmodified,read_only_unmodified,read_only_unmodified,read_only_unmodified,composite_desc;target_context_desc;target_organism_desc;phage_origin_desc;docking_desc;solubility_no_chaperone_desc;E7_score_desc;source_accession_asc
v5.4.8z2,A0A449C531,A0A449C531__V52_B0_a473da7455605014f629__compound5,V52_B0_a473da7455605014f629,ordinary_candidate,not_forced,not_hard_coded,none,no_gold_standard_bonus,not_Q9T0Z9,21,0.574831,0.525000,0.400000,other_or_genus_only_Yersinia,0.650000,Yersinia_phage_non_enterocolitica_or_unknown_host,true,0.710196,0.537500,0.895834,0.000000,0.000000,0.730825,0.730825,763,0.730825,Yersinia phage fPS-65,Yersinia,Yersinia,Baseplate wedge protein gp6,G_pre1_TARGET_ENGINEERING_COMPOSITE_GENERATED,read_only_unmodified,read_only_unmodified,read_only_unmodified,read_only_unmodified,composite_desc;target_context_desc;target_organism_desc;phage_origin_desc;docking_desc;solubility_no_chaperone_desc;E7_score_desc;source_accession_asc
v5.4.8z2,A0AAE7S353,A0AAE7S353__V52_B0_f9610b272d332c1d8ac9__compound5,V52_B0_f9610b272d332c1d8ac9,ordinary_candidate,not_forced,not_hard_coded,none,no_gold_standard_bonus,not_Q9T0Z9,22,0.572380,0.525000,0.400000,other_or_genus_only_Yersinia,0.650000,Yersinia_phage_non_enterocolitica_or_unknown_host,true,0.647325,0.586099,0.976831,0.000000,0.000000,0.738912,0.738912,742,0.738912,Yersinia phage HQ103,Yersinia,Yersinia,,G_pre1_TARGET_ENGINEERING_COMPOSITE_GENERATED,read_only_unmodified,read_only_unmodified,read_only_unmodified,read_only_unmodified,composite_desc;target_context_desc;target_organism_desc;phage_origin_desc;docking_desc;solubility_no_chaperone_desc;E7_score_desc;source_accession_asc
v5.4.8z2,A0A9P1PWH0,A0A9P1PWH0__V52_B0_06498fa95a8529a6e827__compound5,V52_B0_06498fa95a8529a6e827,ordinary_candidate,not_forced,not_hard_coded,none,no_gold_standard_bonus,not_Q9T0Z9,23,0.570609,0.425000,0.750000,Yersinia_enterocolitica_non_O3_or_unknown_serotype,0.100000,other_unknown_non_phage_or_missing_origin,true,0.910451,0.560162,0.933604,0.000000,0.000000,0.854728,0.854728,2,0.854728,Yersinia enterocolitica,Yersinia,Yersinia,,G_pre1_TARGET_ENGINEERING_COMPOSITE_GENERATED,read_only_unmodified,read_only_unmodified,read_only_unmodified,read_only_unmodified,composite_desc;target_context_desc;target_organism_desc;phage_origin_desc;docking_desc;solubility_no_chaperone_desc;E7_score_desc;source_accession_asc
v5.4.8z2,Q858U5,Q858U5__V52_B0_9752cc0190d82ba0542c__compound5,V52_B0_9752cc0190d82ba0542c,ordinary_candidate,not_forced,not_hard_coded,none,no_gold_standard_bonus,not_Q9T0Z9,24,0.568694,0.525000,0.400000,other_or_genus_only_Yersinia,0.650000,Yersinia_phage_non_enterocolitica_or_unknown_host,true,0.662412,0.538372,0.897287,0.000000,0.000000,0.795734,0.795734,292,0.795734,Yersinia phage L-413C,Yersinia,Yersinia,,G_pre1_TARGET_ENGINEERING_COMPOSITE_GENERATED,read_only_unmodified,read_only_unmodified,read_only_unmodified,read_only_unmodified,composite_desc;target_context_desc;target_organism_desc;phage_origin_desc;docking_desc;solubility_no_chaperone_desc;E7_score_desc;source_accession_asc
v5.4.8z2,A0A7U4JZS3,A0A7U4JZS3__V52_B0_213ae9594ccd596735cc__compound5,V52_B0_213ae9594ccd596735cc,ordinary_candidate,not_forced,not_hard_coded,none,no_gold_standard_bonus,not_Q9T0Z9,25,0.568445,0.575000,0.750000,Yersinia_enterocolitica_non_O3_or_unknown_serotype,0.400000,Yersinia_enterocolitica_bacterial_genome_phage_like,true,0.506754,0.550000,0.916666,0.000000,0.000000,0.816894,0.816894,99,0.816894,Yersinia enterocolitica LC20,Yersinia,Yersinia,Tail fiber assembly protein,G_pre1_TARGET_ENGINEERING_COMPOSITE_GENERATED,read_only_unmodified,read_only_unmodified,read_only_unmodified,read_only_unmodified,composite_desc;target_context_desc;target_organism_desc;phage_origin_desc;docking_desc;solubility_no_chaperone_desc;E7_score_desc;source_accession_asc
v5.4.8z2,I7LHK5,I7LHK5__V52_B0_1da18deb4e2fe666e802__compound5,V52_B0_1da18deb4e2fe666e802,ordinary_candidate,not_forced,not_hard_coded,none,no_gold_standard_bonus,not_Q9T0Z9,26,0.568044,0.525000,0.400000,other_or_genus_only_Yersinia,0.650000,Yersinia_phage_non_enterocolitica_or_unknown_host,true,0.620485,0.575831,0.959718,0.000000,0.000000,0.800622,0.800622,232,0.800622,Yersinia phage phiD1,Yersinia,Yersinia,,G_pre1_TARGET_ENGINEERING_COMPOSITE_GENERATED,read_only_unmodified,read_only_unmodified,read_only_unmodified,read_only_unmodified,composite_desc;target_context_desc;target_organism_desc;phage_origin_desc;docking_desc;solubility_no_chaperone_desc;E7_score_desc;source_accession_asc
v5.4.8z2,A0A0H3NZ47,A0A0H3NZ47__V52_B0_3eceb6098cd2f789468c__compound5,V52_B0_3eceb6098cd2f789468c,ordinary_candidate,not_forced,not_hard_coded,none,no_gold_standard_bonus,not_Q9T0Z9,27,0.567341,0.550000,1.000000,Yersinia_enterocolitica_O3_or_YeO3,0.100000,other_unknown_non_phage_or_missing_origin,true,0.578618,0.548196,0.913660,0.000000,0.000000,0.789563,0.789563,365,0.789563,Yersinia enterocolitica subsp. palearctica serotype O:3 (strain DSM 13030 / CIP 106945 / Y11),Yersinia,Yersinia,,G_pre1_TARGET_ENGINEERING_COMPOSITE_GENERATED,read_only_unmodified,read_only_unmodified,read_only_unmodified,read_only_unmodified,composite_desc;target_context_desc;target_organism_desc;phage_origin_desc;docking_desc;solubility_no_chaperone_desc;E7_score_desc;source_accession_asc
v5.4.8z2,A0A449C3Z7,A0A449C3Z7__V52_B0_e0491d4f3d7d3df7cc92__compound5,V52_B0_e0491d4f3d7d3df7cc92,ordinary_candidate,not_forced,not_hard_coded,none,no_gold_standard_bonus,not_Q9T0Z9,28,0.567132,0.525000,0.400000,other_or_genus_only_Yersinia,0.650000,Yersinia_phage_non_enterocolitica_or_unknown_host,true,0.645659,0.539083,0.898471,0.000000,0.000000,0.828679,0.828679,43,0.828679,Yersinia phage fPS-90,Yersinia,Yersinia,,G_pre1_TARGET_ENGINEERING_COMPOSITE_GENERATED,read_only_unmodified,read_only_unmodified,read_only_unmodified,read_only_unmodified,composite_desc;target_context_desc;target_organism_desc;phage_origin_desc;docking_desc;solubility_no_chaperone_desc;E7_score_desc;source_accession_asc
v5.4.8z2,I7K3G3,I7K3G3__V52_B0_834319d12b31cd56a894__compound5,V52_B0_834319d12b31cd56a894,ordinary_candidate,not_forced,not_hard_coded,none,no_gold_standard_bonus,not_Q9T0Z9,29,0.567110,0.525000,0.400000,other_or_genus_only_Yersinia,0.650000,Yersinia_phage_non_enterocolitica_or_unknown_host,true,0.658974,0.553588,0.922646,0.000000,0.000000,0.716953,0.716953,787,0.716953,Yersinia phage phi80-18,Yersinia,Yersinia,,G_pre1_TARGET_ENGINEERING_COMPOSITE_GENERATED,read_only_unmodified,read_only_unmodified,read_only_unmodified,read_only_unmodified,composite_desc;target_context_desc;target_organism_desc;phage_origin_desc;docking_desc;solubility_no_chaperone_desc;E7_score_desc;source_accession_asc
v5.4.8z2,A0A449C5Q6,A0A449C5Q6__V52_B0_50c85654008871c8b9cf__compound5,V52_B0_50c85654008871c8b9cf,ordinary_candidate,not_forced,not_hard_coded,none,no_gold_standard_bonus,not_Q9T0Z9,30,0.566082,0.525000,0.400000,other_or_genus_only_Yersinia,0.650000,Yersinia_phage_non_enterocolitica_or_unknown_host,true,0.654370,0.530769,0.884615,0.000000,0.000000,0.806089,0.806089,175,0.806089,Yersinia phage fPS-65,Yersinia,Yersinia,Receptor-recognizing protein gp38,G_pre1_TARGET_ENGINEERING_COMPOSITE_GENERATED,read_only_unmodified,read_only_unmodified,read_only_unmodified,read_only_unmodified,composite_desc;target_context_desc;target_organism_desc;phage_origin_desc;docking_desc;solubility_no_chaperone_desc;E7_score_desc;source_accession_asc
v5.4.8z2,I6Q9A1,I6Q9A1__V52_B0_5226a1244fdf64614579__compound5,V52_B0_5226a1244fdf64614579,ordinary_candidate,not_forced,not_hard_coded,none,no_gold_standard_bonus,not_Q9T0Z9,31,0.565565,0.525000,0.400000,other_or_genus_only_Yersinia,0.650000,Yersinia_phage_non_enterocolitica_or_unknown_host,true,0.615417,0.582258,0.970430,0.000000,0.000000,0.745599,0.745599,713,0.745599,Yersinia phage YpP-R,Yersinia,Yersinia,,G_pre1_TARGET_ENGINEERING_COMPOSITE_GENERATED,read_only_unmodified,read_only_unmodified,read_only_unmodified,read_only_unmodified,composite_desc;target_context_desc;target_organism_desc;phage_origin_desc;docking_desc;solubility_no_chaperone_desc;E7_score_desc;source_accession_asc
v5.4.8z2,A0A7D3UKK9,A0A7D3UKK9__V52_B0_fe003843f725cc65d2de__compound5,V52_B0_fe003843f725cc65d2de,ordinary_candidate,not_forced,not_hard_coded,none,no_gold_standard_bonus,not_Q9T0Z9,32,0.565495,0.525000,0.400000,other_or_genus_only_Yersinia,0.650000,Yersinia_phage_non_enterocolitica_or_unknown_host,true,0.650983,0.538372,0.897287,0.000000,0.000000,0.777489,0.777489,492,0.777489,Yersinia phage vB_YpM_50,Yersinia,Yersinia,Phage late control D family protein,G_pre1_TARGET_ENGINEERING_COMPOSITE_GENERATED,read_only_unmodified,read_only_unmodified,read_only_unmodified,read_only_unmodified,composite_desc;target_context_desc;target_organism_desc;phage_origin_desc;docking_desc;solubility_no_chaperone_desc;E7_score_desc;source_accession_asc
v5.4.8z2,A0A449C440,A0A449C440__V52_B0_ed3d540e9b281f6de46c__compound5,V52_B0_ed3d540e9b281f6de46c,ordinary_candidate,not_forced,not_hard_coded,none,no_gold_standard_bonus,not_Q9T0Z9,33,0.565236,0.525000,0.400000,other_or_genus_only_Yersinia,0.650000,Yersinia_phage_non_enterocolitica_or_unknown_host,true,0.596016,0.578646,0.964410,0.000000,0.000000,0.831068,0.831068,33,0.831068,Yersinia phage fPS-90,Yersinia,Yersinia,,G_pre1_TARGET_ENGINEERING_COMPOSITE_GENERATED,read_only_unmodified,read_only_unmodified,read_only_unmodified,read_only_unmodified,composite_desc;target_context_desc;target_organism_desc;phage_origin_desc;docking_desc;solubility_no_chaperone_desc;E7_score_desc;source_accession_asc
v5.4.8z2,F4N2J8,F4N2J8__V52_B0_678901de5475dc45ea34__compound5,V52_B0_678901de5475dc45ea34,ordinary_candidate,not_forced,not_hard_coded,none,no_gold_standard_bonus,not_Q9T0Z9,34,0.564662,0.575000,0.750000,Yersinia_enterocolitica_non_O3_or_unknown_serotype,0.400000,Yersinia_enterocolitica_bacterial_genome_phage_like,true,0.566419,0.474194,0.790323,0.000000,0.000000,0.805781,0.805781,181,0.805781,Yersinia enterocolitica W22703,Yersinia,Yersinia,Tail fiber assembly protein,G_pre1_TARGET_ENGINEERING_COMPOSITE_GENERATED,read_only_unmodified,read_only_unmodified,read_only_unmodified,read_only_unmodified,composite_desc;target_context_desc;target_organism_desc;phage_origin_desc;docking_desc;solubility_no_chaperone_desc;E7_score_desc;source_accession_asc
v5.4.8z2,A0A449C5Z2,A0A449C5Z2__V52_B0_814e6a30a8cec12fad65__compound5,V52_B0_814e6a30a8cec12fad65,ordinary_candidate,not_forced,not_hard_coded,none,no_gold_standard_bonus,not_Q9T0Z9,35,0.564507,0.525000,0.400000,other_or_genus_only_Yersinia,0.650000,Yersinia_phage_non_enterocolitica_or_unknown_host,true,0.597864,0.573437,0.955729,0.000000,0.000000,0.829929,0.829929,38,0.829929,Yersinia phage fPS-2,Yersinia,Yersinia,,G_pre1_TARGET_ENGINEERING_COMPOSITE_GENERATED,read_only_unmodified,read_only_unmodified,read_only_unmodified,read_only_unmodified,composite_desc;target_context_desc;target_organism_desc;phage_origin_desc;docking_desc;solubility_no_chaperone_desc;E7_score_desc;source_accession_asc
v5.4.8z2,F4N729,F4N729__V52_B0_989606a9637da31f7cad__compound5,V52_B0_989606a9637da31f7cad,ordinary_candidate,not_forced,not_hard_coded,none,no_gold_standard_bonus,not_Q9T0Z9,36,0.564356,0.575000,0.750000,Yersinia_enterocolitica_non_O3_or_unknown_serotype,0.400000,Yersinia_enterocolitica_bacterial_genome_phage_like,true,0.451909,0.585484,0.975806,0.000000,0.000000,0.812544,0.812544,118,0.812544,Yersinia enterocolitica W22703,Yersinia,Yersinia,Phage tail fibre protein N-terminal domain-containing protein,G_pre1_TARGET_ENGINEERING_COMPOSITE_GENERATED,read_only_unmodified,read_only_unmodified,read_only_unmodified,read_only_unmodified,composite_desc;target_context_desc;target_organism_desc;phage_origin_desc;docking_desc;solubility_no_chaperone_desc;E7_score_desc;source_accession_asc
v5.4.8z2,S5ML14,S5ML14__V52_B0_cc5cd01b6a7cd059e685__compound5,V52_B0_cc5cd01b6a7cd059e685,ordinary_candidate,not_forced,not_hard_coded,none,no_gold_standard_bonus,not_Q9T0Z9,37,0.563844,0.525000,0.400000,other_or_genus_only_Yersinia,0.650000,Yersinia_phage_non_enterocolitica_or_unknown_host,true,0.655128,0.539773,0.899621,0.000000,0.000000,0.722279,0.722279,781,0.722279,Yersinia phage PST,Yersinia,Yersinia,Baseplate wedge protein gp6,G_pre1_TARGET_ENGINEERING_COMPOSITE_GENERATED,read_only_unmodified,read_only_unmodified,read_only_unmodified,read_only_unmodified,composite_desc;target_context_desc;target_organism_desc;phage_origin_desc;docking_desc;solubility_no_chaperone_desc;E7_score_desc;source_accession_asc
v5.4.8z2,I7LHJ5,I7LHJ5__V52_B0_88168e53e77c16b85858__compound5,V52_B0_88168e53e77c16b85858,ordinary_candidate,not_forced,not_hard_coded,none,no_gold_standard_bonus,not_Q9T0Z9,38,0.563662,0.525000,0.400000,other_or_genus_only_Yersinia,0.650000,Yersinia_phage_non_enterocolitica_or_unknown_host,true,0.576792,0.584932,0.974886,0.000000,0.000000,0.851342,0.851342,3,0.851342,Yersinia phage phiD1,Yersinia,Yersinia,,G_pre1_TARGET_ENGINEERING_COMPOSITE_GENERATED,read_only_unmodified,read_only_unmodified,read_only_unmodified,read_only_unmodified,composite_desc;target_context_desc;target_organism_desc;phage_origin_desc;docking_desc;solubility_no_chaperone_desc;E7_score_desc;source_accession_asc
v5.4.8z2,A0A449C555,A0A449C555__V52_B0_5ab0ec1ff4be719d99fd__compound5,V52_B0_5ab0ec1ff4be719d99fd,ordinary_candidate,not_forced,not_hard_coded,none,no_gold_standard_bonus,not_Q9T0Z9,39,0.563009,0.525000,0.400000,other_or_genus_only_Yersinia,0.650000,Yersinia_phage_non_enterocolitica_or_unknown_host,true,0.588023,0.583735,0.972891,0.000000,0.000000,0.798143,0.798143,263,0.798143,Yersinia phage fPS-65,Yersinia,Yersinia,,G_pre1_TARGET_ENGINEERING_COMPOSITE_GENERATED,read_only_unmodified,read_only_unmodified,read_only_unmodified,read_only_unmodified,composite_desc;target_context_desc;target_organism_desc;phage_origin_desc;docking_desc;solubility_no_chaperone_desc;E7_score_desc;source_accession_asc
v5.4.8z2,A0AAE9FQ76,A0AAE9FQ76__V52_B0_4d659282a14eb1343085__compound5,V52_B0_4d659282a14eb1343085,ordinary_candidate,not_forced,not_hard_coded,none,no_gold_standard_bonus,not_Q9T0Z9,40,0.561838,0.525000,0.400000,other_or_genus_only_Yersinia,0.650000,Yersinia_phage_non_enterocolitica_or_unknown_host,true,0.593538,0.574934,0.958224,0.000000,0.000000,0.787875,0.787875,384,0.787875,Yersinia phage vB_YenM_201.16,Yersinia,Yersinia,,G_pre1_TARGET_ENGINEERING_COMPOSITE_GENERATED,read_only_unmodified,read_only_unmodified,read_only_unmodified,read_only_unmodified,composite_desc;target_context_desc;target_organism_desc;phage_origin_desc;docking_desc;solubility_no_chaperone_desc;E7_score_desc;source_accession_asc
v5.4.8z2,A0A1V0DXT2,A0A1V0DXT2__V52_B0_e17adc42c5374f6446a4__compound5,V52_B0_e17adc42c5374f6446a4,ordinary_candidate,not_forced,not_hard_coded,none,no_gold_standard_bonus,not_Q9T0Z9,41,0.561406,0.525000,0.400000,other_or_genus_only_Yersinia,0.650000,Yersinia_phage_non_enterocolitica_or_unknown_host,true,0.668439,0.513461,0.855769,0.000000,0.000000,0.725522,0.725522,777,0.725522,Yersinia phage fHe-Yen9-01,Yersinia,Yersinia,Baseplate wedge protein gp6,G_pre1_TARGET_ENGINEERING_COMPOSITE_GENERATED,read_only_unmodified,read_only_unmodified,read_only_unmodified,read_only_unmodified,composite_desc;target_context_desc;target_organism_desc;phage_origin_desc;docking_desc;solubility_no_chaperone_desc;E7_score_desc;source_accession_asc
v5.4.8z2,I7K324,I7K324__V52_B0_32ddd655691f86d6b241__compound5,V52_B0_32ddd655691f86d6b241,ordinary_candidate,not_forced,not_hard_coded,none,no_gold_standard_bonus,not_Q9T0Z9,42,0.560964,0.525000,0.400000,other_or_genus_only_Yersinia,0.650000,Yersinia_phage_non_enterocolitica_or_unknown_host,true,0.672626,0.515872,0.859787,0.000000,0.000000,0.690288,0.690288,810,0.690288,Yersinia phage phiR1-RT,Yersinia,Yersinia,Baseplate wedge protein gp10,G_pre1_TARGET_ENGINEERING_COMPOSITE_GENERATED,read_only_unmodified,read_only_unmodified,read_only_unmodified,read_only_unmodified,composite_desc;target_context_desc;target_organism_desc;phage_origin_desc;docking_desc;solubility_no_chaperone_desc;E7_score_desc;source_accession_asc
v5.4.8z2,A0A0G2PMY8,A0A0G2PMY8__V52_B0_a1cd974de2f5316f4c94__compound5,V52_B0_a1cd974de2f5316f4c94,ordinary_candidate,not_forced,not_hard_coded,none,no_gold_standard_bonus,not_Q9T0Z9,43,0.560227,0.550000,1.000000,Yersinia_enterocolitica_O3_or_YeO3,0.100000,other_unknown_non_phage_or_missing_origin,true,0.602200,0.485265,0.808775,0.000000,0.000000,0.804689,0.804689,194,0.804689,Yersinia enterocolitica subsp. palearctica serotype O:3 (strain DSM 13030 / CIP 106945 / Y11),Yersinia,Yersinia,,G_pre1_TARGET_ENGINEERING_COMPOSITE_GENERATED,read_only_unmodified,read_only_unmodified,read_only_unmodified,read_only_unmodified,composite_desc;target_context_desc;target_organism_desc;phage_origin_desc;docking_desc;solubility_no_chaperone_desc;E7_score_desc;source_accession_asc
v5.4.8z2,A0A088F649,A0A088F649__V52_B0_e0dac016b3932c71cc57__compound5,V52_B0_e0dac016b3932c71cc57,ordinary_candidate,not_forced,not_hard_coded,none,no_gold_standard_bonus,not_Q9T0Z9,44,0.558317,0.525000,0.400000,other_or_genus_only_Yersinia,0.650000,Yersinia_phage_non_enterocolitica_or_unknown_host,true,0.582799,0.581250,0.968750,0.000000,0.000000,0.735144,0.735144,758,0.735144,Yersinia phage vB_YenP_AP5,Yersinia,Yersinia,,G_pre1_TARGET_ENGINEERING_COMPOSITE_GENERATED,read_only_unmodified,read_only_unmodified,read_only_unmodified,read_only_unmodified,composite_desc;target_context_desc;target_organism_desc;phage_origin_desc;docking_desc;solubility_no_chaperone_desc;E7_score_desc;source_accession_asc
v5.4.8z2,S5M9F2,S5M9F2__V52_B0_fd80d79069bc3204eb92__compound5,V52_B0_fd80d79069bc3204eb92,ordinary_candidate,not_forced,not_hard_coded,none,no_gold_standard_bonus,not_Q9T0Z9,45,0.557936,0.525000,0.400000,other_or_genus_only_Yersinia,0.650000,Yersinia_phage_non_enterocolitica_or_unknown_host,true,0.572817,0.575000,0.958333,0.000000,0.000000,0.792446,0.792446,333,0.792446,Yersinia phage PST,Yersinia,Yersinia,,G_pre1_TARGET_ENGINEERING_COMPOSITE_GENERATED,read_only_unmodified,read_only_unmodified,read_only_unmodified,read_only_unmodified,composite_desc;target_context_desc;target_organism_desc;phage_origin_desc;docking_desc;solubility_no_chaperone_desc;E7_score_desc;source_accession_asc
v5.4.8z2,A0AAE7CTI2,A0AAE7CTI2__V52_B0_89ea6bfef82cd651d3d4__compound5,V52_B0_89ea6bfef82cd651d3d4,ordinary_candidate,not_forced,not_hard_coded,none,no_gold_standard_bonus,not_Q9T0Z9,46,0.557703,0.525000,0.400000,other_or_genus_only_Yersinia,0.650000,Yersinia_phage_non_enterocolitica_or_unknown_host,true,0.609872,0.527143,0.878572,0.000000,0.000000,0.830999,0.830999,35,0.830999,Yersinia phage P37,Yersinia,Yersinia,,G_pre1_TARGET_ENGINEERING_COMPOSITE_GENERATED,read_only_unmodified,read_only_unmodified,read_only_unmodified,read_only_unmodified,composite_desc;target_context_desc;target_organism_desc;phage_origin_desc;docking_desc;solubility_no_chaperone_desc;E7_score_desc;source_accession_asc
v5.4.8z2,A0A0B4ZXE3,A0A0B4ZXE3__V52_B0_560a733be97173df0a7f__compound5,V52_B0_560a733be97173df0a7f,ordinary_candidate,not_forced,not_hard_coded,none,no_gold_standard_bonus,not_Q9T0Z9,47,0.557289,0.525000,0.400000,other_or_genus_only_Yersinia,0.650000,Yersinia_phage_non_enterocolitica_or_unknown_host,true,0.654988,0.515872,0.859787,0.000000,0.000000,0.687348,0.687348,812,0.687348,Yersinia phage vB_YenM_TG1,Yersinia,Yersinia,Baseplate wedge protein gp10,G_pre1_TARGET_ENGINEERING_COMPOSITE_GENERATED,read_only_unmodified,read_only_unmodified,read_only_unmodified,read_only_unmodified,composite_desc;target_context_desc;target_organism_desc;phage_origin_desc;docking_desc;solubility_no_chaperone_desc;E7_score_desc;source_accession_asc
v5.4.8z2,A0A0H3NZ57,A0A0H3NZ57__V52_B0_01c8e8853dc65d3bd72b__compound5,V52_B0_01c8e8853dc65d3bd72b,ordinary_candidate,not_forced,not_hard_coded,none,no_gold_standard_bonus,not_Q9T0Z9,48,0.557146,0.550000,1.000000,Yersinia_enterocolitica_O3_or_YeO3,0.100000,other_unknown_non_phage_or_missing_origin,true,0.547353,0.547675,0.912791,0.000000,0.000000,0.712802,0.712802,794,0.712802,Yersinia enterocolitica subsp. palearctica serotype O:3 (strain DSM 13030 / CIP 106945 / Y11),Yersinia,Yersinia,,G_pre1_TARGET_ENGINEERING_COMPOSITE_GENERATED,read_only_unmodified,read_only_unmodified,read_only_unmodified,read_only_unmodified,composite_desc;target_context_desc;target_organism_desc;phage_origin_desc;docking_desc;solubility_no_chaperone_desc;E7_score_desc;source_accession_asc
v5.4.8z2,S5MRA5,S5MRA5__V52_B0_1ad188626900ead62d59__compound5,V52_B0_1ad188626900ead62d59,ordinary_candidate,not_forced,not_hard_coded,none,no_gold_standard_bonus,not_Q9T0Z9,49,0.556463,0.525000,0.400000,other_or_genus_only_Yersinia,0.650000,Yersinia_phage_non_enterocolitica_or_unknown_host,true,0.616534,0.522306,0.870510,0.000000,0.000000,0.798903,0.798903,251,0.798903,Yersinia phage PST,Yersinia,Yersinia,,G_pre1_TARGET_ENGINEERING_COMPOSITE_GENERATED,read_only_unmodified,read_only_unmodified,read_only_unmodified,read_only_unmodified,composite_desc;target_context_desc;target_organism_desc;phage_origin_desc;docking_desc;solubility_no_chaperone_desc;E7_score_desc;source_accession_asc
v5.4.8z2,A0A0B5A4Q9,A0A0B5A4Q9__V52_B0_e182309b668540adee8d__compound5,V52_B0_e182309b668540adee8d,ordinary_candidate,not_forced,not_hard_coded,none,no_gold_standard_bonus,not_Q9T0Z9,50,0.555314,0.525000,0.400000,other_or_genus_only_Yersinia,0.650000,Yersinia_phage_non_enterocolitica_or_unknown_host,true,0.574392,0.557143,0.928571,0.000000,0.000000,0.805151,0.805151,189,0.805151,Yersinia phage vB_YenM_TG1,Yersinia,Yersinia,Tail fiber assembly protein,G_pre1_TARGET_ENGINEERING_COMPOSITE_GENERATED,read_only_unmodified,read_only_unmodified,read_only_unmodified,read_only_unmodified,composite_desc;target_context_desc;target_organism_desc;phage_origin_desc;docking_desc;solubility_no_chaperone_desc;E7_score_desc;source_accession_asc
