target_context_score,target_organism_score,phage_origin_score,docking_support_score,solubility_no_chaperone_score,E6_5_solubility_aggregation_chaperone_score,curated_no_external_chaperone_required_strength,curated_soluble_expression_strength,global_engineering_residual_score
1.000000,1.000000,1.000000,0.558871,0.787209,0.978682,0.500000,0.500000,0.750948
0.575000,0.750000,0.400000,0.703851,0.557360,0.928934,0.000000,0.000000,0.789778
0.525000,0.400000,0.650000,0.800510,0.556147,0.926911,0.000000,0.000000,0.842560
0.525000,0.400000,0.650000,0.767408,0.580723,0.967871,0.000000,0.000000,0.818870
0.575000,0.750000,0.400000,0.630693,0.554676,0.924460,0.000000,0.000000,0.830516
0.525000,0.400000,0.650000,0.800758,0.519101,0.865168,0.000000,0.000000,0.827246
0.550000,1.000000,0.100000,0.691313,0.563362,0.938936,0.000000,0.000000,0.792623
0.525000,0.400000,0.650000,0.760320,0.567575,0.945958,0.000000,0.000000,0.772207
0.525000,0.400000,0.650000,0.742452,0.583602,0.972670,0.000000,0.000000,0.773681
0.525000,0.400000,0.650000,0.775470,0.536434,0.894057,0.000000,0.000000,0.817307
0.525000,0.400000,0.650000,0.731735,0.571687,0.952811,0.000000,0.000000,0.818748
0.525000,0.400000,0.650000,0.736607,0.577865,0.963109,0.000000,0.000000,0.753302
0.550000,1.000000,0.100000,0.679993,0.547286,0.912144,0.000000,0.000000,0.802938
0.525000,0.400000,0.650000,0.715794,0.580055,0.966758,0.000000,0.000000,0.771847
0.525000,0.400000,0.650000,0.749761,0.549052,0.915086,0.000000,0.000000,0.747164
0.575000,0.750000,0.400000,0.658104,0.482279,0.803798,0.000000,0.000000,0.823307
0.525000,0.400000,0.650000,0.733114,0.547286,0.912144,0.000000,0.000000,0.811791
0.525000,0.400000,0.650000,0.688530,0.578097,0.963495,0.000000,0.000000,0.807854
0.525000,0.400000,0.650000,0.694547,0.583360,0.972267,0.000000,0.000000,0.755825
0.525000,0.400000,0.650000,0.656130,0.586957,0.978261,0.000000,0.000000,0.840454
0.525000,0.400000,0.650000,0.710196,0.537500,0.895834,0.000000,0.000000,0.730825
0.525000,0.400000,0.650000,0.647325,0.586099,0.976831,0.000000,0.000000,0.738912
0.425000,0.750000,0.100000,0.910451,0.560162,0.933604,0.000000,0.000000,0.854728
0.525000,0.400000,0.650000,0.662412,0.538372,0.897287,0.000000,0.000000,0.795734
0.575000,0.750000,0.400000,0.506754,0.550000,0.916666,0.000000,0.000000,0.816894
0.525000,0.400000,0.650000,0.620485,0.575831,0.959718,0.000000,0.000000,0.800622
0.550000,1.000000,0.100000,0.578618,0.548196,0.913660,0.000000,0.000000,0.789563
0.525000,0.400000,0.650000,0.645659,0.539083,0.898471,0.000000,0.000000,0.828679
0.525000,0.400000,0.650000,0.658974,0.553588,0.922646,0.000000,0.000000,0.716953
0.525000,0.400000,0.650000,0.654370,0.530769,0.884615,0.000000,0.000000,0.806089
0.525000,0.400000,0.650000,0.615417,0.582258,0.970430,0.000000,0.000000,0.745599
0.525000,0.400000,0.650000,0.650983,0.538372,0.897287,0.000000,0.000000,0.777489
0.525000,0.400000,0.650000,0.596016,0.578646,0.964410,0.000000,0.000000,0.831068
0.575000,0.750000,0.400000,0.566419,0.474194,0.790323,0.000000,0.000000,0.805781
0.525000,0.400000,0.650000,0.597864,0.573437,0.955729,0.000000,0.000000,0.829929
0.575000,0.750000,0.400000,0.451909,0.585484,0.975806,0.000000,0.000000,0.812544
0.525000,0.400000,0.650000,0.655128,0.539773,0.899621,0.000000,0.000000,0.722279
0.525000,0.400000,0.650000,0.576792,0.584932,0.974886,0.000000,0.000000,0.851342
0.525000,0.400000,0.650000,0.588023,0.583735,0.972891,0.000000,0.000000,0.798143
0.525000,0.400000,0.650000,0.593538,0.574934,0.958224,0.000000,0.000000,0.787875
0.525000,0.400000,0.650000,0.668439,0.513461,0.855769,0.000000,0.000000,0.725522
0.525000,0.400000,0.650000,0.672626,0.515872,0.859787,0.000000,0.000000,0.690288
0.550000,1.000000,0.100000,0.602200,0.485265,0.808775,0.000000,0.000000,0.804689
0.525000,0.400000,0.650000,0.582799,0.581250,0.968750,0.000000,0.000000,0.735144
0.525000,0.400000,0.650000,0.572817,0.575000,0.958333,0.000000,0.000000,0.792446
0.525000,0.400000,0.650000,0.609872,0.527143,0.878572,0.000000,0.000000,0.830999
0.525000,0.400000,0.650000,0.654988,0.515872,0.859787,0.000000,0.000000,0.687348
0.550000,1.000000,0.100000,0.547353,0.547675,0.912791,0.000000,0.000000,0.712802
0.525000,0.400000,0.650000,0.616534,0.522306,0.870510,0.000000,0.000000,0.798903
0.525000,0.400000,0.650000,0.574392,0.557143,0.928571,0.000000,0.000000,0.805151
0.525000,0.400000,0.650000,0.550587,0.576041,0.960069,0.000000,0.000000,0.822773
0.525000,0.400000,0.650000,0.620390,0.513324,0.855540,0.000000,0.000000,0.793782
0.525000,0.400000,0.650000,0.587491,0.546787,0.911311,0.000000,0.000000,0.777578
0.525000,0.400000,0.650000,0.542854,0.574658,0.957763,0.000000,0.000000,0.842832
0.525000,0.400000,0.650000,0.633478,0.495860,0.826433,0.000000,0.000000,0.791113
0.550000,1.000000,0.100000,0.500195,0.550862,0.918104,0.000000,0.000000,0.822576
0.525000,0.400000,0.650000,0.576148,0.552202,0.920337,0.000000,0.000000,0.786996
0.525000,0.400000,0.650000,0.574926,0.557555,0.929258,0.000000,0.000000,0.770142
0.525000,0.400000,0.650000,0.561025,0.553646,0.922743,0.000000,0.000000,0.826625
0.525000,0.400000,0.650000,0.576765,0.559666,0.932777,0.000000,0.000000,0.739417
0.525000,0.400000,0.650000,0.551367,0.559438,0.932397,0.000000,0.000000,0.818618
0.575000,0.750000,0.400000,0.512514,0.464516,0.774194,0.000000,0.000000,0.794108
0.525000,0.400000,0.650000,0.558352,0.558568,0.930946,0.000000,0.000000,0.784001
0.525000,0.400000,0.650000,0.593690,0.534375,0.890625,0.000000,0.000000,0.736765
0.525000,0.400000,0.650000,0.588406,0.531958,0.886597,0.000000,0.000000,0.763889
0.525000,0.400000,0.650000,0.580893,0.538372,0.897287,0.000000,0.000000,0.765808
0.525000,0.400000,0.650000,0.556879,0.568337,0.947228,0.000000,0.000000,0.738511
0.525000,0.400000,0.650000,0.564400,0.566827,0.944712,0.000000,0.000000,0.708463
0.525000,0.400000,0.650000,0.532506,0.570833,0.951389,0.000000,0.000000,0.818313
0.525000,0.400000,0.650000,0.593456,0.536364,0.893940,0.000000,0.000000,0.711053
0.525000,0.400000,0.650000,0.547387,0.554326,0.923876,0.000000,0.000000,0.823070
0.525000,0.400000,0.650000,0.525897,0.574658,0.957763,0.000000,0.000000,0.823666
0.525000,0.400000,0.650000,0.537933,0.564204,0.940340,0.000000,0.000000,0.801036
0.575000,0.750000,0.400000,0.462854,0.506250,0.843750,0.000000,0.000000,0.778960
0.525000,0.400000,0.650000,0.575586,0.529339,0.882231,0.000000,0.000000,0.780551
0.525000,0.400000,0.650000,0.584029,0.517815,0.863025,0.000000,0.000000,0.792238
0.525000,0.400000,0.650000,0.577857,0.524551,0.874252,0.000000,0.000000,0.789812
0.525000,0.400000,0.650000,0.525407,0.564509,0.940848,0.000000,0.000000,0.837104
0.525000,0.400000,0.650000,0.535922,0.570502,0.950837,0.000000,0.000000,0.764051
0.525000,0.400000,0.650000,0.619647,0.475331,0.792219,0.000000,0.000000,0.804837
0.525000,0.400000,0.650000,0.537762,0.574039,0.956731,0.000000,0.000000,0.725634
0.550000,1.000000,0.100000,0.531443,0.492715,0.821192,0.000000,0.000000,0.785161
0.525000,0.400000,0.650000,0.509113,0.574658,0.957763,0.000000,0.000000,0.820868
0.525000,0.400000,0.650000,0.539995,0.557555,0.929258,0.000000,0.000000,0.764320
0.525000,0.400000,0.650000,0.518778,0.563889,0.939815,0.000000,0.000000,0.822756
0.525000,0.400000,0.650000,0.537485,0.544420,0.907366,0.000000,0.000000,0.820465
0.525000,0.400000,0.650000,0.520307,0.563158,0.938596,0.000000,0.000000,0.812677
0.525000,0.400000,0.650000,0.523512,0.551042,0.918403,0.000000,0.000000,0.819649
0.525000,0.400000,0.650000,0.523971,0.561676,0.936126,0.000000,0.000000,0.766062
0.525000,0.400000,0.650000,0.520618,0.557652,0.929420,0.000000,0.000000,0.787261
0.525000,0.400000,0.650000,0.502242,0.575831,0.959718,0.000000,0.000000,0.780915
0.525000,0.400000,0.650000,0.496164,0.580723,0.967871,0.000000,0.000000,0.781996
0.525000,0.400000,0.650000,0.501099,0.565625,0.942708,0.000000,0.000000,0.814899
0.525000,0.400000,0.650000,0.507916,0.559438,0.932397,0.000000,0.000000,0.811376
0.525000,0.400000,0.650000,0.492404,0.571552,0.952586,0.000000,0.000000,0.812155
0.525000,0.400000,0.650000,0.524856,0.542248,0.903747,0.000000,0.000000,0.773885
0.525000,0.400000,0.650000,0.531422,0.525868,0.876447,0.000000,0.000000,0.807439
0.525000,0.400000,0.650000,0.574569,0.485265,0.808775,0.000000,0.000000,0.791750
0.525000,0.400000,0.650000,0.476899,0.586747,0.977911,0.000000,0.000000,0.772125
0.525000,0.400000,0.650000,0.490120,0.571687,0.952811,0.000000,0.000000,0.778479
0.525000,0.400000,0.650000,0.467209,0.586957,0.978261,0.000000,0.000000,0.808967
0.525000,0.400000,0.650000,0.545794,0.506796,0.844660,0.000000,0.000000,0.808131
0.425000,0.750000,0.100000,0.772932,0.558799,0.931331,0.000000,0.000000,0.785024
0.550000,1.000000,0.100000,0.411736,0.576541,0.960901,0.000000,0.000000,0.780162
0.525000,0.400000,0.650000,0.480131,0.573729,0.956215,0.000000,0.000000,0.790780
0.525000,0.400000,0.650000,0.498906,0.548815,0.914692,0.000000,0.000000,0.809864
0.525000,0.400000,0.650000,0.566342,0.487748,0.812914,0.000000,0.000000,0.781265
0.525000,0.400000,0.650000,0.479006,0.563794,0.939656,0.000000,0.000000,0.822636
0.525000,0.400000,0.650000,0.472500,0.571552,0.952586,0.000000,0.000000,0.808838
0.525000,0.400000,0.650000,0.468894,0.577251,0.962085,0.000000,0.000000,0.798219
0.425000,0.750000,0.100000,0.818591,0.492715,0.821192,0.000000,0.000000,0.833019
0.525000,0.400000,0.650000,0.472966,0.579087,0.965145,0.000000,0.000000,0.761009
0.550000,1.000000,0.100000,0.429305,0.541526,0.902543,0.000000,0.000000,0.808167
0.525000,0.400000,0.650000,0.472976,0.567092,0.945153,0.000000,0.000000,0.804410
0.525000,0.400000,0.650000,0.497797,0.538021,0.896701,0.000000,0.000000,0.811746
0.525000,0.400000,0.650000,0.491553,0.566827,0.944712,0.000000,0.000000,0.715930
0.525000,0.400000,0.650000,0.562371,0.503411,0.839018,0.000000,0.000000,0.683320
0.525000,0.400000,0.650000,0.492229,0.569711,0.949519,0.000000,0.000000,0.697236
0.550000,1.000000,0.100000,0.446601,0.532895,0.888158,0.000000,0.000000,0.741904
0.525000,0.400000,0.650000,0.493571,0.565385,0.942308,0.000000,0.000000,0.696258
0.525000,0.400000,0.650000,0.503097,0.532852,0.888087,0.000000,0.000000,0.781456
0.525000,0.400000,0.650000,0.476308,0.552370,0.920617,0.000000,0.000000,0.807086
0.525000,0.400000,0.650000,0.504919,0.525352,0.875587,0.000000,0.000000,0.797813
0.525000,0.400000,0.650000,0.472058,0.575481,0.959135,0.000000,0.000000,0.726686
0.525000,0.400000,0.650000,0.489554,0.539437,0.899062,0.000000,0.000000,0.799165
0.525000,0.400000,0.650000,0.477349,0.561676,0.936126,0.000000,0.000000,0.758292
0.525000,0.400000,0.650000,0.453235,0.570833,0.951388,0.000000,0.000000,0.805101
0.525000,0.400000,0.650000,0.468281,0.555612,0.926020,0.000000,0.000000,0.803707
0.525000,0.400000,0.650000,0.537688,0.490232,0.817053,0.000000,0.000000,0.786983
0.525000,0.400000,0.650000,0.445888,0.577251,0.962085,0.000000,0.000000,0.794384
0.525000,0.400000,0.650000,0.472447,0.559421,0.932368,0.000000,0.000000,0.755459
0.525000,0.400000,0.650000,0.435042,0.578082,0.963470,0.000000,0.000000,0.825814
0.525000,0.400000,0.650000,0.483725,0.533621,0.889368,0.000000,0.000000,0.808506
0.525000,0.400000,0.650000,0.429622,0.587204,0.978673,0.000000,0.000000,0.805712
0.425000,0.750000,0.100000,0.688100,0.586046,0.976744,0.000000,0.000000,0.855007
0.525000,0.400000,0.650000,0.528942,0.487748,0.812914,0.000000,0.000000,0.775032
0.525000,0.400000,0.650000,0.440253,0.575831,0.959718,0.000000,0.000000,0.770583
0.525000,0.400000,0.650000,0.437332,0.573729,0.956215,0.000000,0.000000,0.783647
0.525000,0.400000,0.650000,0.437399,0.575831,0.959718,0.000000,0.000000,0.770108
0.525000,0.400000,0.650000,0.524394,0.485265,0.808775,0.000000,0.000000,0.783388
0.525000,0.400000,0.650000,0.449627,0.553472,0.922453,0.000000,0.000000,0.808337
0.525000,0.400000,0.650000,0.490065,0.520755,0.867925,0.000000,0.000000,0.775923
0.525000,0.400000,0.650000,0.489836,0.515909,0.859848,0.000000,0.000000,0.793003
0.525000,0.400000,0.650000,0.448645,0.557143,0.928571,0.000000,0.000000,0.784193
0.525000,0.400000,0.650000,0.454218,0.553694,0.922823,0.000000,0.000000,0.775095
0.525000,0.400000,0.650000,0.497311,0.515942,0.859904,0.000000,0.000000,0.747526
0.525000,0.400000,0.650000,0.432600,0.567092,0.945153,0.000000,0.000000,0.797681
0.525000,0.400000,0.650000,0.478193,0.521591,0.869319,0.000000,0.000000,0.792641
0.525000,0.400000,0.650000,0.525234,0.472847,0.788079,0.000000,0.000000,0.788412
0.425000,0.750000,0.100000,0.720667,0.562162,0.936936,0.000000,0.000000,0.747754
0.525000,0.400000,0.650000,0.424142,0.577711,0.962851,0.000000,0.000000,0.769156
0.525000,0.400000,0.650000,0.441376,0.563736,0.939560,0.000000,0.000000,0.752868
0.525000,0.400000,0.650000,0.446727,0.549671,0.916118,0.000000,0.000000,0.778530
0.525000,0.400000,0.650000,0.400347,0.584246,0.973744,0.000000,0.000000,0.821744
0.525000,0.400000,0.650000,0.491939,0.493549,0.822581,0.000000,0.000000,0.798743
0.525000,0.400000,0.650000,0.430266,0.553846,0.923077,0.000000,0.000000,0.801946
0.525000,0.400000,0.650000,0.416459,0.564344,0.940574,0.000000,0.000000,0.812365
0.525000,0.400000,0.650000,0.464588,0.531958,0.886597,0.000000,0.000000,0.743253
0.525000,0.400000,0.650000,0.508964,0.503411,0.839018,0.000000,0.000000,0.674419
0.425000,0.750000,0.100000,0.735079,0.525940,0.876566,0.000000,0.000000,0.777921
0.525000,0.400000,0.650000,0.438454,0.540625,0.901041,0.000000,0.000000,0.802906
0.525000,0.400000,0.650000,0.455019,0.549052,0.915086,0.000000,0.000000,0.698040
0.525000,0.400000,0.650000,0.464858,0.510000,0.850000,0.000000,0.000000,0.802068
0.525000,0.400000,0.650000,0.468583,0.519565,0.865942,0.000000,0.000000,0.743744
0.425000,0.750000,0.100000,0.653853,0.582635,0.971059,0.000000,0.000000,0.842551
0.550000,1.000000,0.100000,0.369478,0.537097,0.895161,0.000000,0.000000,0.785365
0.525000,0.400000,0.650000,0.442572,0.527272,0.878787,0.000000,0.000000,0.798086
0.525000,0.400000,0.650000,0.407740,0.564204,0.940340,0.000000,0.000000,0.779337
0.525000,0.400000,0.650000,0.388495,0.589904,0.983173,0.000000,0.000000,0.749935
0.525000,0.400000,0.650000,0.397644,0.568229,0.947048,0.000000,0.000000,0.798380
0.525000,0.400000,0.650000,0.450492,0.515909,0.859848,0.000000,0.000000,0.796249
0.525000,0.400000,0.650000,0.393975,0.572727,0.954545,0.000000,0.000000,0.787744
0.525000,0.400000,0.650000,0.446733,0.538282,0.897136,0.000000,0.000000,0.713357
0.525000,0.400000,0.650000,0.433658,0.536434,0.894057,0.000000,0.000000,0.760338
0.525000,0.400000,0.650000,0.397905,0.583602,0.972670,0.000000,0.000000,0.709720
0.525000,0.400000,0.650000,0.418316,0.540625,0.901041,0.000000,0.000000,0.799550
0.425000,0.750000,0.100000,0.712448,0.507143,0.845239,0.000000,0.000000,0.845807
0.525000,0.400000,0.650000,0.437374,0.521591,0.869319,0.000000,0.000000,0.785838
0.525000,0.400000,0.650000,0.444056,0.508928,0.848214,0.000000,0.000000,0.791767
0.525000,0.400000,0.650000,0.384381,0.579087,0.965145,0.000000,0.000000,0.746244
0.525000,0.400000,0.650000,0.485578,0.495923,0.826539,0.000000,0.000000,0.668441
0.525000,0.400000,0.650000,0.400244,0.561676,0.936126,0.000000,0.000000,0.745441
0.525000,0.400000,0.650000,0.513914,0.436184,0.726973,0.000000,0.000000,0.783203
0.525000,0.400000,0.650000,0.403146,0.549671,0.916118,0.000000,0.000000,0.771266
0.525000,0.400000,0.650000,0.407102,0.537931,0.896552,0.000000,0.000000,0.796933
0.525000,0.400000,0.650000,0.427551,0.524551,0.874252,0.000000,0.000000,0.764761
0.425000,0.750000,0.100000,0.632572,0.574306,0.957176,0.000000,0.000000,0.834484
0.525000,0.400000,0.650000,0.374895,0.575000,0.958333,0.000000,0.000000,0.759459
0.525000,0.400000,0.650000,0.395893,0.569711,0.949519,0.000000,0.000000,0.681180
0.525000,0.400000,0.650000,0.381649,0.553472,0.922453,0.000000,0.000000,0.797007
0.525000,0.400000,0.650000,0.372097,0.563033,0.938389,0.000000,0.000000,0.792679
0.525000,0.400000,0.650000,0.384989,0.552370,0.920617,0.000000,0.000000,0.783532
0.425000,0.750000,0.100000,0.666464,0.555296,0.925494,0.000000,0.000000,0.735343
0.525000,0.400000,0.650000,0.398704,0.531428,0.885714,0.000000,0.000000,0.796995
0.425000,0.750000,0.100000,0.650978,0.559630,0.932717,0.000000,0.000000,0.773263
0.525000,0.400000,0.650000,0.341972,0.578082,0.963470,0.000000,0.000000,0.810302
0.525000,0.400000,0.650000,0.369758,0.553846,0.923077,0.000000,0.000000,0.791861
0.525000,0.400000,0.650000,0.353971,0.565178,0.941964,0.000000,0.000000,0.808718
0.425000,0.750000,0.100000,0.657029,0.541741,0.902902,0.000000,0.000000,0.782701
0.525000,0.400000,0.650000,0.411874,0.508928,0.848214,0.000000,0.000000,0.786404
0.525000,0.400000,0.650000,0.356070,0.560870,0.934783,0.000000,0.000000,0.793002
0.525000,0.400000,0.650000,0.483363,0.435338,0.725564,0.000000,0.000000,0.784413
0.525000,0.400000,0.650000,0.379577,0.546787,0.911311,0.000000,0.000000,0.742926
0.525000,0.400000,0.650000,0.408676,0.506796,0.844660,0.000000,0.000000,0.785278
0.525000,0.400000,0.650000,0.453722,0.459375,0.765625,0.000000,0.000000,0.781084
0.525000,0.400000,0.650000,0.348075,0.560593,0.934322,0.000000,0.000000,0.791592
0.425000,0.750000,0.100000,0.646304,0.534518,0.890863,0.000000,0.000000,0.773842
0.525000,0.400000,0.650000,0.340090,0.562048,0.936747,0.000000,0.000000,0.785600
0.525000,0.400000,0.650000,0.441651,0.459375,0.765625,0.000000,0.000000,0.779072
0.525000,0.400000,0.650000,0.329812,0.567391,0.945652,0.000000,0.000000,0.790437
0.525000,0.400000,0.650000,0.383997,0.515909,0.859848,0.000000,0.000000,0.775363
0.525000,0.400000,0.650000,0.329324,0.579087,0.965145,0.000000,0.000000,0.737068
0.525000,0.400000,0.650000,0.381667,0.512069,0.853449,0.000000,0.000000,0.788777
0.525000,0.400000,0.650000,0.322643,0.582692,0.971153,0.000000,0.000000,0.736956
0.525000,0.400000,0.650000,0.319179,0.570259,0.950431,0.000000,0.000000,0.797794
0.425000,0.750000,0.100000,0.633123,0.534146,0.890244,0.000000,0.000000,0.784940
0.525000,0.400000,0.650000,0.454929,0.437109,0.728515,0.000000,0.000000,0.780165
0.425000,0.750000,0.100000,0.614394,0.552717,0.921195,0.000000,0.000000,0.771454
0.425000,0.750000,0.100000,0.572095,0.580095,0.966825,0.000000,0.000000,0.827483
0.525000,0.400000,0.650000,0.342377,0.549671,0.916118,0.000000,0.000000,0.761138
0.425000,0.750000,0.100000,0.613080,0.552244,0.920406,0.000000,0.000000,0.764895
0.525000,0.400000,0.650000,0.333026,0.552370,0.920617,0.000000,0.000000,0.783205
0.525000,0.400000,0.650000,0.344979,0.566827,0.944712,0.000000,0.000000,0.671893
0.425000,0.750000,0.100000,0.627214,0.532895,0.888158,0.000000,0.000000,0.772006
0.525000,0.400000,0.650000,0.306340,0.570259,0.950431,0.000000,0.000000,0.795655
0.425000,0.750000,0.100000,0.583928,0.564228,0.940380,0.000000,0.000000,0.801437
0.525000,0.400000,0.650000,0.357944,0.521831,0.869719,0.000000,0.000000,0.772339
0.425000,0.750000,0.100000,0.605372,0.549549,0.915915,0.000000,0.000000,0.761064
0.525000,0.400000,0.650000,0.302606,0.580723,0.967871,0.000000,0.000000,0.741403
0.525000,0.400000,0.650000,0.365417,0.505714,0.842857,0.000000,0.000000,0.784304
0.425000,0.750000,0.100000,0.595138,0.551260,0.918767,0.000000,0.000000,0.776174
0.550000,1.000000,0.100000,0.267749,0.529310,0.882184,0.000000,0.000000,0.774580
0.525000,0.400000,0.650000,0.430679,0.436184,0.726973,0.000000,0.000000,0.769331
0.525000,0.400000,0.650000,0.344701,0.521591,0.869319,0.000000,0.000000,0.770392
0.425000,0.750000,0.100000,0.610509,0.531646,0.886077,0.000000,0.000000,0.763810
0.525000,0.400000,0.650000,0.319002,0.566827,0.944712,0.000000,0.000000,0.687171
0.425000,0.750000,0.100000,0.558221,0.563794,0.939656,0.000000,0.000000,0.835839
0.425000,0.750000,0.100000,0.581580,0.554851,0.924751,0.000000,0.000000,0.777035
0.425000,0.750000,0.100000,0.578918,0.561222,0.935370,0.000000,0.000000,0.761695
0.525000,0.400000,0.650000,0.315097,0.549671,0.916118,0.000000,0.000000,0.756591
0.425000,0.750000,0.100000,0.618844,0.515546,0.859243,0.000000,0.000000,0.772328
0.550000,1.000000,0.100000,0.240787,0.546552,0.910920,0.000000,0.000000,0.774876
0.525000,0.400000,0.650000,0.372088,0.477814,0.796357,0.000000,0.000000,0.764267
0.525000,0.400000,0.650000,0.307032,0.566827,0.944712,0.000000,0.000000,0.665568
0.525000,0.400000,0.650000,0.411690,0.436184,0.726973,0.000000,0.000000,0.766166
0.525000,0.400000,0.650000,0.298974,0.544531,0.907552,0.000000,0.000000,0.780745
0.525000,0.400000,0.650000,0.267228,0.571789,0.952982,0.000000,0.000000,0.783025
0.425000,0.750000,0.100000,0.536686,0.561526,0.935876,0.000000,0.000000,0.829822
0.425000,0.750000,0.100000,0.608371,0.492715,0.821192,0.000000,0.000000,0.807787
0.425000,0.750000,0.100000,0.521251,0.571277,0.952128,0.000000,0.000000,0.838292
0.425000,0.750000,0.100000,0.507304,0.583769,0.972948,0.000000,0.000000,0.836169
0.425000,0.750000,0.100000,0.505187,0.583244,0.972074,0.000000,0.000000,0.835671
0.425000,0.750000,0.100000,0.587744,0.503155,0.838592,0.000000,0.000000,0.820647
0.425000,0.750000,0.100000,0.562707,0.528968,0.881614,0.000000,0.000000,0.750034
0.425000,0.750000,0.100000,0.584998,0.492715,0.821192,0.000000,0.000000,0.803891
0.425000,0.750000,0.100000,0.484012,0.586765,0.977941,0.000000,0.000000,0.831322
0.425000,0.750000,0.100000,0.505863,0.573109,0.955182,0.000000,0.000000,0.787298
0.525000,0.400000,0.650000,0.373355,0.436184,0.726973,0.000000,0.000000,0.759777
0.425000,0.750000,0.100000,0.522597,0.546552,0.910920,0.000000,0.000000,0.813511
0.425000,0.750000,0.100000,0.537965,0.540935,0.901558,0.000000,0.000000,0.757568
0.525000,0.400000,0.650000,0.295636,0.520800,0.868000,0.000000,0.000000,0.698433
0.525000,0.400000,0.650000,0.253478,0.567242,0.945403,0.000000,0.000000,0.679634
0.425000,0.750000,0.100000,0.547189,0.543035,0.905058,0.000000,0.000000,0.700456
0.425000,0.750000,0.100000,0.495644,0.557328,0.928880,0.000000,0.000000,0.823613
0.425000,0.750000,0.100000,0.480432,0.576541,0.960901,0.000000,0.000000,0.791611
0.425000,0.750000,0.100000,0.519302,0.528873,0.881455,0.000000,0.000000,0.804456
0.425000,0.750000,0.100000,0.535666,0.546710,0.911184,0.000000,0.000000,0.665570
0.425000,0.750000,0.100000,0.515064,0.525000,0.875000,0.000000,0.000000,0.817870
0.525000,0.400000,0.650000,0.326045,0.453192,0.755320,0.000000,0.000000,0.759884
0.525000,0.400000,0.650000,0.234047,0.569711,0.949519,0.000000,0.000000,0.654205
0.425000,0.750000,0.100000,0.470190,0.575983,0.959971,0.000000,0.000000,0.770550
0.425000,0.750000,0.100000,0.480143,0.555586,0.925977,0.000000,0.000000,0.803879
0.425000,0.750000,0.100000,0.512094,0.547675,0.912791,0.000000,0.000000,0.706925
0.425000,0.750000,0.100000,0.492928,0.556960,0.928267,0.000000,0.000000,0.746180
0.425000,0.750000,0.100000,0.508433,0.548347,0.913911,0.000000,0.000000,0.713610
0.425000,0.750000,0.100000,0.508678,0.538889,0.898149,0.000000,0.000000,0.728916
0.425000,0.750000,0.100000,0.500877,0.534868,0.891447,0.000000,0.000000,0.769636
0.425000,0.750000,0.100000,0.513903,0.514789,0.857982,0.000000,0.000000,0.796376
0.425000,0.750000,0.100000,0.512482,0.526984,0.878307,0.000000,0.000000,0.741112
0.425000,0.750000,0.100000,0.519671,0.503503,0.839172,0.000000,0.000000,0.806131
0.425000,0.750000,0.100000,0.500372,0.525000,0.875000,0.000000,0.000000,0.787153
0.425000,0.750000,0.100000,0.493539,0.541821,0.903035,0.000000,0.000000,0.742076
0.425000,0.750000,0.100000,0.517573,0.501923,0.836539,0.000000,0.000000,0.795211
0.425000,0.750000,0.100000,0.489483,0.534518,0.890863,0.000000,0.000000,0.747705
0.425000,0.750000,0.100000,0.471989,0.532895,0.888158,0.000000,0.000000,0.764273
0.425000,0.750000,0.100000,0.444803,0.557618,0.929363,0.000000,0.000000,0.772818
0.425000,0.750000,0.100000,0.456901,0.536480,0.894133,0.000000,0.000000,0.799764
0.425000,0.750000,0.100000,0.463418,0.540756,0.901260,0.000000,0.000000,0.751303
0.425000,0.750000,0.100000,0.446122,0.553995,0.923325,0.000000,0.000000,0.765823
0.525000,0.400000,0.650000,0.304035,0.421875,0.703125,0.000000,0.000000,0.744249
0.425000,0.750000,0.100000,0.401334,0.583019,0.971698,0.000000,0.000000,0.809639
0.425000,0.750000,0.100000,0.444152,0.541526,0.902543,0.000000,0.000000,0.802309
0.425000,0.750000,0.100000,0.447397,0.553553,0.922589,0.000000,0.000000,0.737645
0.425000,0.750000,0.100000,0.505527,0.482782,0.804636,0.000000,0.000000,0.787887
0.425000,0.750000,0.100000,0.528132,0.460431,0.767385,0.000000,0.000000,0.785446
0.425000,0.750000,0.100000,0.434730,0.543383,0.905638,0.000000,0.000000,0.806319
0.425000,0.750000,0.100000,0.471745,0.505263,0.842105,0.000000,0.000000,0.801900
0.425000,0.750000,0.100000,0.435641,0.543455,0.905759,0.000000,0.000000,0.767684
0.425000,0.750000,0.100000,0.475456,0.506000,0.843333,0.000000,0.000000,0.754112
0.425000,0.750000,0.100000,0.412211,0.552709,0.921182,0.000000,0.000000,0.805157
0.425000,0.750000,0.100000,0.488770,0.470063,0.783439,0.000000,0.000000,0.791692
0.525000,0.400000,0.650000,0.268515,0.421875,0.703125,0.000000,0.000000,0.738329
0.575000,0.750000,0.400000,0.099753,0.453571,0.755952,0.000000,0.000000,0.722274
0.525000,0.400000,0.650000,0.143828,0.565385,0.942308,0.000000,0.000000,0.637967
0.425000,0.750000,0.100000,0.442503,0.498214,0.830357,0.000000,0.000000,0.795068
0.425000,0.750000,0.100000,0.419455,0.536905,0.894841,0.000000,0.000000,0.728363
0.425000,0.750000,0.100000,0.419169,0.517616,0.862694,0.000000,0.000000,0.791503
0.425000,0.750000,0.100000,0.507153,0.430000,0.716667,0.000000,0.000000,0.783627
0.425000,0.750000,0.100000,0.396558,0.547286,0.912144,0.000000,0.000000,0.755699
0.250000,0.400000,0.100000,0.867160,0.542857,0.904762,0.000000,0.000000,0.804634
0.425000,0.750000,0.100000,0.471809,0.460509,0.767515,0.000000,0.000000,0.772812
0.425000,0.750000,0.100000,0.412030,0.530515,0.884191,0.000000,0.000000,0.722082
0.425000,0.750000,0.100000,0.434053,0.476250,0.793750,0.000000,0.000000,0.762559
0.250000,0.400000,0.100000,0.810493,0.555038,0.925064,0.000000,0.000000,0.826841
0.425000,0.750000,0.100000,0.337146,0.555061,0.925101,0.000000,0.000000,0.758169
0.250000,0.400000,0.100000,0.780628,0.566260,0.943767,0.000000,0.000000,0.834785
0.425000,0.750000,0.100000,0.392655,0.479795,0.799658,0.000000,0.000000,0.781644
0.250000,0.400000,0.100000,0.758769,0.573271,0.955452,0.000000,0.000000,0.826553
0.525000,0.400000,0.650000,0.148686,0.446053,0.743421,0.000000,0.000000,0.728341
0.425000,0.750000,0.100000,0.287357,0.555406,0.925676,0.000000,0.000000,0.791633
0.425000,0.750000,0.100000,0.313786,0.528873,0.881455,0.000000,0.000000,0.770204
0.250000,0.400000,0.100000,0.754867,0.549038,0.915064,0.000000,0.000000,0.787636
0.250000,0.400000,0.100000,0.754823,0.547436,0.912393,0.000000,0.000000,0.787183
0.250000,0.400000,0.100000,0.729823,0.574361,0.957269,0.000000,0.000000,0.767211
0.250000,0.400000,0.100000,0.772132,0.518407,0.864011,0.000000,0.000000,0.810272
0.250000,0.400000,0.100000,0.737228,0.548641,0.914402,0.000000,0.000000,0.816121
0.250000,0.400000,0.100000,0.738374,0.547309,0.912181,0.000000,0.000000,0.792740
0.250000,0.400000,0.100000,0.783134,0.526480,0.877466,0.000000,0.000000,0.691718
0.425000,0.750000,0.100000,0.375004,0.428846,0.714744,0.000000,0.000000,0.761282
0.250000,0.400000,0.100000,0.720977,0.548196,0.913660,0.000000,0.000000,0.810021
0.250000,0.400000,0.100000,0.727043,0.549038,0.915064,0.000000,0.000000,0.776462
0.250000,0.400000,0.100000,0.721213,0.539240,0.898734,0.000000,0.000000,0.784370
0.250000,0.400000,0.100000,0.674590,0.579487,0.965812,0.000000,0.000000,0.805590
0.250000,0.400000,0.100000,0.711230,0.543961,0.906602,0.000000,0.000000,0.793495
0.250000,0.400000,0.100000,0.698308,0.552062,0.920104,0.000000,0.000000,0.807317
0.250000,0.400000,0.100000,0.752142,0.490232,0.817053,0.000000,0.000000,0.831059
0.250000,0.400000,0.100000,0.739263,0.502649,0.837748,0.000000,0.000000,0.832361
0.250000,0.400000,0.100000,0.691492,0.545516,0.909193,0.000000,0.000000,0.834510
0.250000,0.400000,0.100000,0.665247,0.577734,0.962890,0.000000,0.000000,0.793742
0.250000,0.400000,0.100000,0.698553,0.549038,0.915064,0.000000,0.000000,0.771714
0.250000,0.400000,0.100000,0.686447,0.558654,0.931090,0.000000,0.000000,0.778903
0.250000,0.400000,0.100000,0.695276,0.549038,0.915064,0.000000,0.000000,0.771168
0.250000,0.400000,0.100000,0.662048,0.578299,0.963832,0.000000,0.000000,0.771960
0.250000,0.400000,0.100000,0.664378,0.557042,0.928404,0.000000,0.000000,0.839728
0.250000,0.400000,0.100000,0.659245,0.568907,0.948179,0.000000,0.000000,0.811695
0.250000,0.400000,0.100000,0.674446,0.553571,0.922618,0.000000,0.000000,0.808498
0.250000,0.400000,0.100000,0.684403,0.570186,0.950310,0.000000,0.000000,0.700148
0.250000,0.400000,0.100000,0.665447,0.568977,0.948295,0.000000,0.000000,0.773205
0.250000,0.400000,0.100000,0.694276,0.533501,0.889169,0.000000,0.000000,0.798221
0.250000,0.400000,0.100000,0.703647,0.522527,0.870879,0.000000,0.000000,0.791669
0.250000,0.400000,0.100000,0.654215,0.575214,0.958690,0.000000,0.000000,0.771595
0.250000,0.400000,0.100000,0.630373,0.593919,0.989865,0.000000,0.000000,0.776004
0.250000,0.400000,0.100000,0.641782,0.563794,0.939656,0.000000,0.000000,0.843230
0.250000,0.400000,0.100000,0.688035,0.534921,0.891535,0.000000,0.000000,0.766039
0.250000,0.400000,0.100000,0.629936,0.585631,0.976052,0.000000,0.000000,0.793645
0.250000,0.400000,0.100000,0.621046,0.590260,0.983766,0.000000,0.000000,0.801456
0.250000,0.400000,0.100000,0.670395,0.536111,0.893518,0.000000,0.000000,0.820374
0.250000,0.400000,0.100000,0.655089,0.557233,0.928722,0.000000,0.000000,0.793217
0.250000,0.400000,0.100000,0.698001,0.518422,0.864036,0.000000,0.000000,0.769653
0.250000,0.400000,0.100000,0.618493,0.580095,0.966825,0.000000,0.000000,0.838484
0.250000,0.400000,0.100000,0.673589,0.540873,0.901455,0.000000,0.000000,0.771821
0.250000,0.400000,0.100000,0.657671,0.548196,0.913660,0.000000,0.000000,0.802738
0.250000,0.400000,0.100000,0.672094,0.532829,0.888049,0.000000,0.000000,0.797606
0.250000,0.400000,0.100000,0.680169,0.514844,0.858073,0.000000,0.000000,0.824429
0.250000,0.400000,0.100000,0.639201,0.568381,0.947301,0.000000,0.000000,0.771933
0.250000,0.400000,0.100000,0.662871,0.542506,0.904177,0.000000,0.000000,0.780619
0.250000,0.400000,0.100000,0.639444,0.549614,0.916024,0.000000,0.000000,0.843640
0.250000,0.400000,0.100000,0.654429,0.552244,0.920406,0.000000,0.000000,0.771786
0.250000,0.400000,0.100000,0.639745,0.562844,0.938074,0.000000,0.000000,0.778819
0.250000,0.400000,0.100000,0.651930,0.548174,0.913624,0.000000,0.000000,0.784782
0.250000,0.400000,0.100000,0.627578,0.579851,0.966418,0.000000,0.000000,0.751695
0.250000,0.400000,0.100000,0.645276,0.556513,0.927521,0.000000,0.000000,0.766381
0.425000,0.750000,0.100000,0.252408,0.470723,0.784539,0.000000,0.000000,0.755749
0.250000,0.400000,0.100000,0.632430,0.562109,0.936849,0.000000,0.000000,0.792265
0.250000,0.400000,0.100000,0.618604,0.575214,0.958690,0.000000,0.000000,0.765660
0.250000,0.400000,0.100000,0.648538,0.527819,0.879699,0.000000,0.000000,0.829298
0.250000,0.400000,0.100000,0.638261,0.548174,0.913624,0.000000,0.000000,0.782504
0.250000,0.400000,0.100000,0.654228,0.539189,0.898649,0.000000,0.000000,0.751460
0.250000,0.400000,0.100000,0.661906,0.538383,0.897305,0.000000,0.000000,0.714689
0.250000,0.400000,0.100000,0.637904,0.549038,0.915064,0.000000,0.000000,0.761606
0.250000,0.400000,0.100000,0.640321,0.542506,0.904177,0.000000,0.000000,0.776861
0.250000,0.400000,0.100000,0.603394,0.562322,0.937204,0.000000,0.000000,0.841162
0.250000,0.400000,0.100000,0.581854,0.590759,0.984598,0.000000,0.000000,0.812464
0.250000,0.400000,0.100000,0.695520,0.475331,0.792218,0.000000,0.000000,0.817482
0.250000,0.400000,0.100000,0.635519,0.547436,0.912394,0.000000,0.000000,0.767299
0.250000,0.400000,0.100000,0.646666,0.528709,0.881181,0.000000,0.000000,0.792223
0.250000,0.400000,0.100000,0.579336,0.590759,0.984598,0.000000,0.000000,0.812045
0.250000,0.400000,0.100000,0.653382,0.542938,0.904897,0.000000,0.000000,0.706200
0.250000,0.400000,0.100000,0.628063,0.550532,0.917553,0.000000,0.000000,0.766916
0.250000,0.400000,0.100000,0.598245,0.561088,0.935146,0.000000,0.000000,0.839961
0.250000,0.400000,0.100000,0.604540,0.570576,0.950960,0.000000,0.000000,0.763498
0.250000,0.400000,0.100000,0.651952,0.525000,0.875000,0.000000,0.000000,0.755472
0.250000,0.400000,0.100000,0.607230,0.552510,0.920850,0.000000,0.000000,0.822736
0.250000,0.400000,0.100000,0.614904,0.551162,0.918604,0.000000,0.000000,0.793166
0.250000,0.400000,0.100000,0.656182,0.532003,0.886672,0.000000,0.000000,0.700361
0.250000,0.400000,0.100000,0.616995,0.539848,0.899746,0.000000,0.000000,0.819048
0.250000,0.400000,0.100000,0.634402,0.535653,0.892755,0.000000,0.000000,0.763840
0.250000,0.400000,0.100000,0.576785,0.585898,0.976496,0.000000,0.000000,0.791070
0.250000,0.400000,0.100000,0.594582,0.575214,0.958690,0.000000,0.000000,0.761656
0.250000,0.400000,0.100000,0.618293,0.560965,0.934941,0.000000,0.000000,0.721372
0.250000,0.400000,0.100000,0.605638,0.565493,0.942488,0.000000,0.000000,0.752465
0.250000,0.400000,0.100000,0.680515,0.471429,0.785715,0.000000,0.000000,0.827296
0.250000,0.400000,0.100000,0.582802,0.564473,0.940789,0.000000,0.000000,0.843066
0.250000,0.400000,0.100000,0.620466,0.563199,0.938665,0.000000,0.000000,0.687551
0.250000,0.400000,0.100000,0.597682,0.552510,0.920850,0.000000,0.000000,0.821144
0.250000,0.400000,0.100000,0.602759,0.543293,0.905488,0.000000,0.000000,0.834299
0.250000,0.400000,0.100000,0.590720,0.563924,0.939874,0.000000,0.000000,0.795622
0.250000,0.400000,0.100000,0.607861,0.552244,0.920406,0.000000,0.000000,0.764025
0.250000,0.400000,0.100000,0.665596,0.480298,0.800497,0.000000,0.000000,0.813875
0.250000,0.400000,0.100000,0.644849,0.533571,0.889285,0.000000,0.000000,0.682241
0.250000,0.400000,0.100000,0.607170,0.536111,0.893518,0.000000,0.000000,0.809837
0.250000,0.400000,0.100000,0.628748,0.512582,0.854304,0.000000,0.000000,0.816701
0.250000,0.400000,0.100000,0.617119,0.530921,0.884868,0.000000,0.000000,0.787913
0.250000,0.400000,0.100000,0.694375,0.448515,0.747525,0.000000,0.000000,0.808372
0.250000,0.400000,0.100000,0.598152,0.557189,0.928649,0.000000,0.000000,0.755447
0.250000,0.400000,0.100000,0.553913,0.592837,0.988061,0.000000,0.000000,0.789185
0.250000,0.400000,0.100000,0.565245,0.574570,0.957616,0.000000,0.000000,0.807405
0.250000,0.400000,0.100000,0.596143,0.539901,0.899835,0.000000,0.000000,0.818856
0.250000,0.400000,0.100000,0.654309,0.507466,0.845776,0.000000,0.000000,0.714965
0.250000,0.400000,0.100000,0.566947,0.586201,0.977002,0.000000,0.000000,0.746622
0.250000,0.400000,0.100000,0.571655,0.560194,0.933657,0.000000,0.000000,0.828745
0.250000,0.400000,0.100000,0.584195,0.565493,0.942488,0.000000,0.000000,0.748892
0.250000,0.400000,0.100000,0.596977,0.549038,0.915064,0.000000,0.000000,0.761321
0.250000,0.400000,0.100000,0.538616,0.583142,0.971903,0.000000,0.000000,0.847423
0.250000,0.400000,0.100000,0.545446,0.590598,0.984330,0.000000,0.000000,0.787152
0.250000,0.400000,0.100000,0.609561,0.517347,0.862245,0.000000,0.000000,0.819893
0.250000,0.400000,0.100000,0.559235,0.573109,0.955182,0.000000,0.000000,0.796194
0.250000,0.400000,0.100000,0.580397,0.546527,0.910879,0.000000,0.000000,0.816275
0.250000,0.400000,0.100000,0.619207,0.511539,0.852565,0.000000,0.000000,0.797419
0.250000,0.400000,0.100000,0.574029,0.550000,0.916666,0.000000,0.000000,0.822714
0.250000,0.400000,0.100000,0.609861,0.528968,0.881614,0.000000,0.000000,0.757893
0.250000,0.400000,0.100000,0.599778,0.523097,0.871828,0.000000,0.000000,0.819859
0.250000,0.400000,0.100000,0.614272,0.524060,0.873434,0.000000,0.000000,0.757265
0.250000,0.400000,0.100000,0.593679,0.544841,0.908069,0.000000,0.000000,0.753069
0.250000,0.400000,0.100000,0.576700,0.544267,0.907111,0.000000,0.000000,0.818625
0.250000,0.400000,0.100000,0.577160,0.540625,0.901041,0.000000,0.000000,0.829292
0.250000,0.400000,0.100000,0.566326,0.569463,0.949105,0.000000,0.000000,0.756820
0.250000,0.400000,0.100000,0.595185,0.536905,0.894841,0.000000,0.000000,0.757651
0.250000,0.400000,0.100000,0.577352,0.553846,0.923077,0.000000,0.000000,0.759385
0.250000,0.400000,0.100000,0.551076,0.562946,0.938244,0.000000,0.000000,0.827550
0.250000,0.400000,0.100000,0.617741,0.524294,0.873823,0.000000,0.000000,0.715342
0.250000,0.400000,0.100000,0.635519,0.482782,0.804636,0.000000,0.000000,0.809552
0.250000,0.400000,0.100000,0.636511,0.480298,0.800497,0.000000,0.000000,0.809027
0.250000,0.400000,0.100000,0.554732,0.575214,0.958690,0.000000,0.000000,0.755015
0.250000,0.400000,0.100000,0.596919,0.528261,0.880435,0.000000,0.000000,0.774003
0.250000,0.400000,0.100000,0.560233,0.552510,0.920850,0.000000,0.000000,0.814903
0.250000,0.400000,0.100000,0.608026,0.505133,0.841888,0.000000,0.000000,0.811178
0.250000,0.400000,0.100000,0.597512,0.527820,0.879700,0.000000,0.000000,0.755516
0.250000,0.400000,0.100000,0.563339,0.550000,0.916667,0.000000,0.000000,0.800589
0.250000,0.400000,0.100000,0.540355,0.565909,0.943181,0.000000,0.000000,0.828057
0.250000,0.400000,0.100000,0.585990,0.548540,0.914234,0.000000,0.000000,0.711067
0.250000,0.400000,0.100000,0.540360,0.562237,0.937062,0.000000,0.000000,0.833900
0.250000,0.400000,0.100000,0.551241,0.550862,0.918104,0.000000,0.000000,0.831084
0.250000,0.400000,0.100000,0.553397,0.552510,0.920850,0.000000,0.000000,0.813763
0.250000,0.400000,0.100000,0.555270,0.556991,0.928318,0.000000,0.000000,0.784846
0.250000,0.400000,0.100000,0.533598,0.586847,0.978079,0.000000,0.000000,0.751129
0.250000,0.400000,0.100000,0.516745,0.587204,0.978673,0.000000,0.000000,0.816965
0.250000,0.400000,0.100000,0.541345,0.571349,0.952248,0.000000,0.000000,0.781122
0.250000,0.400000,0.100000,0.520603,0.580095,0.966825,0.000000,0.000000,0.825437
0.250000,0.400000,0.100000,0.580634,0.525000,0.875000,0.000000,0.000000,0.802328
0.250000,0.400000,0.100000,0.581037,0.536905,0.894841,0.000000,0.000000,0.746960
0.250000,0.400000,0.100000,0.552491,0.547059,0.911765,0.000000,0.000000,0.820431
0.250000,0.400000,0.100000,0.587342,0.525379,0.875632,0.000000,0.000000,0.766215
0.250000,0.400000,0.100000,0.575437,0.535534,0.892557,0.000000,0.000000,0.768522
0.250000,0.400000,0.100000,0.536907,0.565705,0.942841,0.000000,0.000000,0.800546
0.250000,0.400000,0.100000,0.583892,0.530161,0.883601,0.000000,0.000000,0.748831
0.250000,0.400000,0.100000,0.557220,0.548492,0.914153,0.000000,0.000000,0.781013
0.250000,0.400000,0.100000,0.562773,0.542876,0.904793,0.000000,0.000000,0.780379
0.250000,0.400000,0.100000,0.571063,0.540873,0.901455,0.000000,0.000000,0.748197
0.250000,0.400000,0.100000,0.508828,0.584360,0.973933,0.000000,0.000000,0.821392
0.250000,0.400000,0.100000,0.593830,0.500719,0.834532,0.000000,0.000000,0.814449
0.250000,0.400000,0.100000,0.515075,0.586790,0.977983,0.000000,0.000000,0.778091
0.250000,0.400000,0.100000,0.566091,0.525000,0.875000,0.000000,0.000000,0.819839
0.250000,0.400000,0.100000,0.572107,0.528709,0.881181,0.000000,0.000000,0.779796
0.250000,0.400000,0.100000,0.560163,0.545833,0.909722,0.000000,0.000000,0.754295
0.250000,0.400000,0.100000,0.578914,0.544660,0.907767,0.000000,0.000000,0.682666
0.250000,0.400000,0.100000,0.569018,0.519643,0.866071,0.000000,0.000000,0.822106
0.250000,0.400000,0.100000,0.597677,0.494595,0.824325,0.000000,0.000000,0.799990
0.250000,0.400000,0.100000,0.563151,0.538810,0.898017,0.000000,0.000000,0.761175
0.250000,0.400000,0.100000,0.556182,0.547436,0.912393,0.000000,0.000000,0.754076
0.250000,0.400000,0.100000,0.517412,0.586517,0.977528,0.000000,0.000000,0.751934
0.250000,0.400000,0.100000,0.501967,0.581467,0.969112,0.000000,0.000000,0.832843
0.250000,0.400000,0.100000,0.528605,0.575214,0.958690,0.000000,0.000000,0.750660
0.250000,0.400000,0.100000,0.541736,0.544133,0.906888,0.000000,0.000000,0.820767
0.250000,0.400000,0.100000,0.544808,0.547275,0.912125,0.000000,0.000000,0.786940
0.250000,0.400000,0.100000,0.499051,0.583649,0.972748,0.000000,0.000000,0.819565
0.250000,0.400000,0.100000,0.551918,0.543899,0.906498,0.000000,0.000000,0.763984
0.250000,0.400000,0.100000,0.533190,0.565236,0.942060,0.000000,0.000000,0.748653
0.250000,0.400000,0.100000,0.569897,0.527819,0.879699,0.000000,0.000000,0.750913
0.250000,0.400000,0.100000,0.532238,0.551315,0.918859,0.000000,0.000000,0.805984
0.250000,0.400000,0.100000,0.566313,0.514286,0.857143,0.000000,0.000000,0.816900
0.250000,0.400000,0.100000,0.502700,0.585898,0.976496,0.000000,0.000000,0.778722
0.250000,0.400000,0.100000,0.546220,0.548809,0.914682,0.000000,0.000000,0.752797
0.250000,0.400000,0.100000,0.576092,0.504061,0.840102,0.000000,0.000000,0.810624
0.250000,0.400000,0.100000,0.524350,0.568270,0.947116,0.000000,0.000000,0.754558
0.250000,0.400000,0.100000,0.507382,0.581707,0.969512,0.000000,0.000000,0.768535
0.250000,0.400000,0.100000,0.544929,0.547436,0.912394,0.000000,0.000000,0.752201
0.250000,0.400000,0.100000,0.544987,0.545833,0.909722,0.000000,0.000000,0.751765
0.250000,0.400000,0.100000,0.497401,0.575176,0.958627,0.000000,0.000000,0.823799
0.250000,0.400000,0.100000,0.536193,0.555580,0.925966,0.000000,0.000000,0.744674
0.250000,0.400000,0.100000,0.542265,0.532394,0.887324,0.000000,0.000000,0.812530
0.250000,0.400000,0.100000,0.526218,0.545320,0.908867,0.000000,0.000000,0.822106
0.250000,0.400000,0.100000,0.586300,0.500254,0.833756,0.000000,0.000000,0.754323
0.250000,0.400000,0.100000,0.548119,0.540873,0.901455,0.000000,0.000000,0.744373
0.250000,0.400000,0.100000,0.543524,0.544841,0.908069,0.000000,0.000000,0.744710
0.250000,0.400000,0.100000,0.501652,0.577351,0.962251,0.000000,0.000000,0.776173
0.250000,0.400000,0.100000,0.519459,0.550000,0.916667,0.000000,0.000000,0.813619
0.250000,0.400000,0.100000,0.510056,0.575214,0.958690,0.000000,0.000000,0.747569
0.250000,0.400000,0.100000,0.525579,0.542958,0.904930,0.000000,0.000000,0.812683
0.250000,0.400000,0.100000,0.538135,0.545833,0.909722,0.000000,0.000000,0.750623
0.250000,0.400000,0.100000,0.517547,0.558914,0.931524,0.000000,0.000000,0.779094
0.250000,0.400000,0.100000,0.525436,0.551028,0.918380,0.000000,0.000000,0.778218
0.250000,0.400000,0.100000,0.531274,0.553553,0.922589,0.000000,0.000000,0.743291
0.250000,0.400000,0.100000,0.527957,0.546597,0.910995,0.000000,0.000000,0.783943
0.250000,0.400000,0.100000,0.545910,0.525000,0.875000,0.000000,0.000000,0.796541
0.250000,0.400000,0.100000,0.515591,0.552510,0.920850,0.000000,0.000000,0.807462
0.250000,0.400000,0.100000,0.543904,0.523077,0.871795,0.000000,0.000000,0.810541
0.250000,0.400000,0.100000,0.539831,0.542857,0.904762,0.000000,0.000000,0.741746
0.250000,0.400000,0.100000,0.520918,0.556250,0.927083,0.000000,0.000000,0.763719
0.250000,0.400000,0.100000,0.518993,0.544480,0.907467,0.000000,0.000000,0.815603
0.250000,0.400000,0.100000,0.464054,0.596512,0.994186,0.000000,0.000000,0.820573
0.250000,0.400000,0.100000,0.558066,0.511539,0.852565,0.000000,0.000000,0.783961
0.250000,0.400000,0.100000,0.486120,0.593111,0.988518,0.000000,0.000000,0.744956
0.250000,0.400000,0.100000,0.532413,0.543059,0.905099,0.000000,0.000000,0.757232
0.250000,0.400000,0.100000,0.571841,0.507143,0.845239,0.000000,0.000000,0.737160
0.250000,0.400000,0.100000,0.595658,0.467881,0.779801,0.000000,0.000000,0.798769
0.250000,0.400000,0.100000,0.496314,0.560714,0.934524,0.000000,0.000000,0.821398
0.250000,0.400000,0.100000,0.550625,0.510100,0.850166,0.000000,0.000000,0.802991
0.250000,0.400000,0.100000,0.480172,0.577251,0.962085,0.000000,0.000000,0.814641
0.250000,0.400000,0.100000,0.481737,0.574616,0.957693,0.000000,0.000000,0.817764
0.250000,0.400000,0.100000,0.505564,0.552344,0.920573,0.000000,0.000000,0.809013
0.250000,0.400000,0.100000,0.623679,0.437038,0.728396,0.000000,0.000000,0.791604
0.250000,0.400000,0.100000,0.531423,0.535942,0.893236,0.000000,0.000000,0.758358
0.250000,0.400000,0.100000,0.508630,0.560714,0.934524,0.000000,0.000000,0.749839
0.250000,0.400000,0.100000,0.485358,0.563298,0.938830,0.000000,0.000000,0.830093
0.250000,0.400000,0.100000,0.493223,0.561685,0.936141,0.000000,0.000000,0.804486
0.250000,0.400000,0.100000,0.519619,0.549038,0.915064,0.000000,0.000000,0.748428
0.250000,0.400000,0.100000,0.467013,0.596629,0.994382,0.000000,0.000000,0.767422
0.250000,0.400000,0.100000,0.577720,0.477814,0.796357,0.000000,0.000000,0.798539
0.250000,0.400000,0.100000,0.481977,0.590357,0.983929,0.000000,0.000000,0.725282
0.250000,0.400000,0.100000,0.526432,0.540977,0.901629,0.000000,0.000000,0.738991
0.250000,0.400000,0.100000,0.526814,0.525000,0.875000,0.000000,0.000000,0.799894
0.250000,0.400000,0.100000,0.507443,0.553361,0.922269,0.000000,0.000000,0.762142
0.250000,0.400000,0.100000,0.521180,0.544841,0.908069,0.000000,0.000000,0.740986
0.250000,0.400000,0.100000,0.506200,0.585227,0.975379,0.000000,0.000000,0.638678
0.250000,0.400000,0.100000,0.545759,0.505132,0.841887,0.000000,0.000000,0.800801
0.250000,0.400000,0.100000,0.496841,0.550240,0.917067,0.000000,0.000000,0.810243
0.250000,0.400000,0.100000,0.574576,0.475145,0.791908,0.000000,0.000000,0.799071
0.250000,0.400000,0.100000,0.538961,0.512195,0.853659,0.000000,0.000000,0.793296
0.250000,0.400000,0.100000,0.517837,0.528874,0.881456,0.000000,0.000000,0.804212
0.250000,0.400000,0.100000,0.534552,0.509005,0.848341,0.000000,0.000000,0.813407
0.250000,0.400000,0.100000,0.473984,0.579487,0.965812,0.000000,0.000000,0.772156
0.250000,0.400000,0.100000,0.503575,0.555457,0.925761,0.000000,0.000000,0.747536
0.250000,0.400000,0.100000,0.516773,0.528874,0.881456,0.000000,0.000000,0.800767
0.250000,0.400000,0.100000,0.478920,0.563843,0.939739,0.000000,0.000000,0.811035
0.250000,0.400000,0.100000,0.498058,0.557683,0.929472,0.000000,0.000000,0.753771
0.250000,0.400000,0.100000,0.518208,0.540873,0.901455,0.000000,0.000000,0.739388
0.250000,0.400000,0.100000,0.526700,0.515278,0.858796,0.000000,0.000000,0.806978
0.250000,0.400000,0.100000,0.477760,0.562947,0.938245,0.000000,0.000000,0.805527
0.250000,0.400000,0.100000,0.503407,0.535916,0.893193,0.000000,0.000000,0.807031
0.250000,0.400000,0.100000,0.494926,0.559091,0.931819,0.000000,0.000000,0.747105
0.250000,0.400000,0.100000,0.547020,0.494225,0.823708,0.000000,0.000000,0.794713
0.250000,0.400000,0.100000,0.573212,0.466770,0.777950,0.000000,0.000000,0.796517
0.250000,0.400000,0.100000,0.497698,0.548196,0.913660,0.000000,0.000000,0.772808
0.250000,0.400000,0.100000,0.485519,0.562181,0.936969,0.000000,0.000000,0.760937
0.250000,0.400000,0.100000,0.518053,0.534921,0.891535,0.000000,0.000000,0.737709
0.250000,0.400000,0.100000,0.587625,0.464714,0.774524,0.000000,0.000000,0.739606
0.250000,0.400000,0.100000,0.515366,0.519697,0.866161,0.000000,0.000000,0.806317
0.250000,0.400000,0.100000,0.463650,0.586517,0.977528,0.000000,0.000000,0.742974
0.250000,0.400000,0.100000,0.480066,0.550862,0.918104,0.000000,0.000000,0.819221
0.250000,0.400000,0.100000,0.462912,0.582836,0.971393,0.000000,0.000000,0.758495
0.250000,0.400000,0.100000,0.496356,0.548174,0.913624,0.000000,0.000000,0.758853
0.250000,0.400000,0.100000,0.549890,0.482143,0.803571,0.000000,0.000000,0.808502
0.250000,0.400000,0.100000,0.504735,0.552656,0.921093,0.000000,0.000000,0.707001
0.250000,0.400000,0.100000,0.578840,0.456521,0.760869,0.000000,0.000000,0.794608
0.250000,0.400000,0.100000,0.497563,0.543410,0.905684,0.000000,0.000000,0.771456
0.250000,0.400000,0.100000,0.506155,0.534890,0.891483,0.000000,0.000000,0.770521
0.250000,0.400000,0.100000,0.445053,0.587204,0.978673,0.000000,0.000000,0.805016
0.250000,0.400000,0.100000,0.472825,0.575214,0.958690,0.000000,0.000000,0.741364
0.250000,0.400000,0.100000,0.507799,0.540873,0.901455,0.000000,0.000000,0.737653
0.250000,0.400000,0.100000,0.457059,0.575197,0.958661,0.000000,0.000000,0.802212
0.250000,0.400000,0.100000,0.548123,0.487748,0.812914,0.000000,0.000000,0.786562
0.250000,0.400000,0.100000,0.483344,0.555928,0.926546,0.000000,0.000000,0.768969
0.250000,0.400000,0.100000,0.548076,0.483871,0.806452,0.000000,0.000000,0.797078
0.250000,0.400000,0.100000,0.452587,0.576540,0.960900,0.000000,0.000000,0.806578
0.250000,0.400000,0.100000,0.517295,0.521312,0.868853,0.000000,0.000000,0.768606
0.250000,0.400000,0.100000,0.567026,0.465397,0.775662,0.000000,0.000000,0.793308
0.250000,0.400000,0.100000,0.492101,0.532759,0.887931,0.000000,0.000000,0.816198
0.250000,0.400000,0.100000,0.489009,0.541592,0.902654,0.000000,0.000000,0.793137
0.250000,0.400000,0.100000,0.488947,0.539868,0.899780,0.000000,0.000000,0.799183
0.250000,0.400000,0.100000,0.455997,0.582836,0.971393,0.000000,0.000000,0.757343
0.250000,0.400000,0.100000,0.426310,0.594478,0.990797,0.000000,0.000000,0.827116
0.250000,0.400000,0.100000,0.560377,0.465789,0.776315,0.000000,0.000000,0.802439
0.250000,0.400000,0.100000,0.496986,0.544841,0.908069,0.000000,0.000000,0.736954
0.250000,0.400000,0.100000,0.488933,0.550546,0.917576,0.000000,0.000000,0.745202
0.250000,0.400000,0.100000,0.517290,0.519290,0.865483,0.000000,0.000000,0.756443
0.250000,0.400000,0.100000,0.462405,0.570940,0.951567,0.000000,0.000000,0.767852
0.250000,0.400000,0.100000,0.564027,0.451186,0.751977,0.000000,0.000000,0.839677
0.250000,0.400000,0.100000,0.498048,0.534116,0.890193,0.000000,0.000000,0.768955
0.250000,0.400000,0.100000,0.491624,0.546826,0.911376,0.000000,0.000000,0.743147
0.250000,0.400000,0.100000,0.500804,0.535443,0.892405,0.000000,0.000000,0.746581
0.250000,0.400000,0.100000,0.453767,0.573271,0.955452,0.000000,0.000000,0.782255
0.250000,0.400000,0.100000,0.526703,0.495652,0.826087,0.000000,0.000000,0.796789
0.250000,0.400000,0.100000,0.483066,0.541104,0.901840,0.000000,0.000000,0.788743
0.250000,0.400000,0.100000,0.527400,0.495199,0.825331,0.000000,0.000000,0.794981
0.250000,0.400000,0.100000,0.501904,0.517021,0.861702,0.000000,0.000000,0.805127
0.250000,0.400000,0.100000,0.504483,0.515131,0.858552,0.000000,0.000000,0.801764
0.250000,0.400000,0.100000,0.538035,0.482781,0.804635,0.000000,0.000000,0.793304
0.250000,0.400000,0.100000,0.449253,0.568216,0.947026,0.000000,0.000000,0.805507
0.250000,0.400000,0.100000,0.483560,0.532353,0.887255,0.000000,0.000000,0.811394
0.250000,0.400000,0.100000,0.537412,0.482781,0.804635,0.000000,0.000000,0.793201
0.250000,0.400000,0.100000,0.485760,0.545184,0.908640,0.000000,0.000000,0.750047
0.250000,0.400000,0.100000,0.475244,0.544911,0.908185,0.000000,0.000000,0.791764
0.250000,0.400000,0.100000,0.480874,0.542875,0.904792,0.000000,0.000000,0.775062
0.250000,0.400000,0.100000,0.485666,0.528049,0.880081,0.000000,0.000000,0.810549
0.250000,0.400000,0.100000,0.533406,0.481731,0.802885,0.000000,0.000000,0.802372
0.250000,0.400000,0.100000,0.443568,0.573697,0.956161,0.000000,0.000000,0.792683
0.250000,0.400000,0.100000,0.490791,0.540873,0.901455,0.000000,0.000000,0.733021
0.250000,0.400000,0.100000,0.465111,0.565236,0.942060,0.000000,0.000000,0.737306
0.250000,0.400000,0.100000,0.425619,0.584360,0.973934,0.000000,0.000000,0.815857
0.250000,0.400000,0.100000,0.425599,0.588581,0.980969,0.000000,0.000000,0.798889
0.250000,0.400000,0.100000,0.487746,0.543293,0.905488,0.000000,0.000000,0.729918
0.250000,0.400000,0.100000,0.480595,0.547436,0.912394,0.000000,0.000000,0.741479
0.250000,0.400000,0.100000,0.450303,0.562322,0.937203,0.000000,0.000000,0.798980
0.250000,0.400000,0.100000,0.438475,0.583784,0.972973,0.000000,0.000000,0.754359
0.250000,0.400000,0.100000,0.496782,0.530953,0.884921,0.000000,0.000000,0.731264
0.250000,0.400000,0.100000,0.466459,0.541304,0.902173,0.000000,0.000000,0.805965
0.250000,0.400000,0.100000,0.461423,0.553571,0.922618,0.000000,0.000000,0.772994
0.250000,0.400000,0.100000,0.529520,0.487259,0.812098,0.000000,0.000000,0.764453
0.250000,0.400000,0.100000,0.414332,0.590759,0.984598,0.000000,0.000000,0.807420
0.250000,0.400000,0.100000,0.497579,0.518071,0.863452,0.000000,0.000000,0.764420
0.250000,0.400000,0.100000,0.453953,0.552510,0.920850,0.000000,0.000000,0.797189
0.250000,0.400000,0.100000,0.504075,0.502649,0.837749,0.000000,0.000000,0.793163
0.250000,0.400000,0.100000,0.468590,0.537168,0.895280,0.000000,0.000000,0.788504
0.250000,0.400000,0.100000,0.416744,0.584360,0.973933,0.000000,0.000000,0.806044
0.250000,0.400000,0.100000,0.461435,0.539063,0.898438,0.000000,0.000000,0.807773
0.250000,0.400000,0.100000,0.477353,0.540977,0.901629,0.000000,0.000000,0.730811
0.250000,0.400000,0.100000,0.444759,0.552381,0.920635,0.000000,0.000000,0.811961
0.250000,0.400000,0.100000,0.448479,0.552510,0.920850,0.000000,0.000000,0.796277
0.250000,0.400000,0.100000,0.501822,0.498726,0.831210,0.000000,0.000000,0.796763
0.250000,0.400000,0.100000,0.455272,0.544396,0.907327,0.000000,0.000000,0.798423
0.250000,0.400000,0.100000,0.496928,0.500719,0.834532,0.000000,0.000000,0.798299
0.250000,0.400000,0.100000,0.518685,0.480298,0.800497,0.000000,0.000000,0.789390
0.250000,0.400000,0.100000,0.485897,0.525940,0.876566,0.000000,0.000000,0.736391
0.250000,0.400000,0.100000,0.526359,0.469149,0.781915,0.000000,0.000000,0.800970
0.250000,0.400000,0.100000,0.469395,0.528427,0.880711,0.000000,0.000000,0.791276
0.250000,0.400000,0.100000,0.471791,0.525352,0.875587,0.000000,0.000000,0.792292
0.250000,0.400000,0.100000,0.457356,0.534783,0.891305,0.000000,0.000000,0.810970
0.250000,0.400000,0.100000,0.517129,0.480298,0.800497,0.000000,0.000000,0.789131
0.250000,0.400000,0.100000,0.462458,0.549038,0.915064,0.000000,0.000000,0.732365
0.250000,0.400000,0.100000,0.427536,0.565331,0.942218,0.000000,0.000000,0.805825
0.250000,0.400000,0.100000,0.440128,0.554930,0.924883,0.000000,0.000000,0.797028
0.250000,0.400000,0.100000,0.462589,0.528814,0.881357,0.000000,0.000000,0.810184
0.250000,0.400000,0.100000,0.441309,0.565483,0.942472,0.000000,0.000000,0.748277
0.250000,0.400000,0.100000,0.439134,0.555155,0.925258,0.000000,0.000000,0.796925
0.250000,0.400000,0.100000,0.463099,0.530469,0.884115,0.000000,0.000000,0.799127
0.250000,0.400000,0.100000,0.506694,0.486039,0.810065,0.000000,0.000000,0.802385
0.250000,0.400000,0.100000,0.480184,0.528968,0.881614,0.000000,0.000000,0.736280
0.250000,0.400000,0.100000,0.409366,0.580805,0.968009,0.000000,0.000000,0.812161
0.250000,0.400000,0.100000,0.458196,0.545690,0.909483,0.000000,0.000000,0.757195
0.250000,0.400000,0.100000,0.422388,0.571378,0.952297,0.000000,0.000000,0.795372
0.250000,0.400000,0.100000,0.440350,0.558130,0.930217,0.000000,0.000000,0.775813
0.250000,0.400000,0.100000,0.491260,0.499515,0.832525,0.000000,0.000000,0.803556
0.250000,0.400000,0.100000,0.472115,0.528709,0.881181,0.000000,0.000000,0.763131
0.250000,0.400000,0.100000,0.453769,0.545348,0.908914,0.000000,0.000000,0.767964
0.250000,0.400000,0.100000,0.476170,0.522147,0.870245,0.000000,0.000000,0.765252
0.250000,0.400000,0.100000,0.489514,0.506967,0.844945,0.000000,0.000000,0.763260
0.250000,0.400000,0.100000,0.439594,0.547059,0.911765,0.000000,0.000000,0.801615
0.250000,0.400000,0.100000,0.459087,0.527483,0.879139,0.000000,0.000000,0.792564
0.250000,0.400000,0.100000,0.425980,0.575214,0.958690,0.000000,0.000000,0.733556
0.250000,0.400000,0.100000,0.460517,0.536686,0.894477,0.000000,0.000000,0.743479
0.250000,0.400000,0.100000,0.410460,0.567808,0.946347,0.000000,0.000000,0.807262
0.250000,0.400000,0.100000,0.457219,0.540873,0.901455,0.000000,0.000000,0.727426
0.250000,0.400000,0.100000,0.405211,0.575000,0.958333,0.000000,0.000000,0.796783
0.250000,0.400000,0.100000,0.488546,0.493373,0.822289,0.000000,0.000000,0.789796
0.250000,0.400000,0.100000,0.482349,0.497222,0.828703,0.000000,0.000000,0.798166
0.250000,0.400000,0.100000,0.489586,0.492105,0.820175,0.000000,0.000000,0.789617
0.250000,0.400000,0.100000,0.409105,0.569291,0.948819,0.000000,0.000000,0.800912
0.250000,0.400000,0.100000,0.437570,0.553361,0.922269,0.000000,0.000000,0.750496
0.250000,0.400000,0.100000,0.428282,0.549038,0.915064,0.000000,0.000000,0.801751
0.250000,0.400000,0.100000,0.491429,0.485000,0.808333,0.000000,0.000000,0.802820
0.250000,0.400000,0.100000,0.436405,0.540718,0.901197,0.000000,0.000000,0.798996
0.250000,0.400000,0.100000,0.401719,0.571277,0.952128,0.000000,0.000000,0.815102
0.250000,0.400000,0.100000,0.395987,0.588035,0.980058,0.000000,0.000000,0.761530
0.250000,0.400000,0.100000,0.474877,0.509016,0.848360,0.000000,0.000000,0.761389
0.250000,0.400000,0.100000,0.461151,0.530000,0.883333,0.000000,0.000000,0.730126
0.250000,0.400000,0.100000,0.460487,0.513521,0.855868,0.000000,0.000000,0.793984
0.250000,0.400000,0.100000,0.422077,0.548936,0.914894,0.000000,0.000000,0.805753
0.250000,0.400000,0.100000,0.452978,0.528261,0.880435,0.000000,0.000000,0.750013
0.250000,0.400000,0.100000,0.383856,0.584360,0.973933,0.000000,0.000000,0.800563
0.250000,0.400000,0.100000,0.491414,0.480298,0.800497,0.000000,0.000000,0.784845
0.250000,0.400000,0.100000,0.382637,0.587204,0.978673,0.000000,0.000000,0.786280
0.250000,0.400000,0.100000,0.447308,0.538889,0.898149,0.000000,0.000000,0.718687
0.250000,0.400000,0.100000,0.415950,0.553125,0.921875,0.000000,0.000000,0.785961
0.250000,0.400000,0.100000,0.497394,0.468293,0.780488,0.000000,0.000000,0.795905
0.250000,0.400000,0.100000,0.434228,0.532395,0.887325,0.000000,0.000000,0.787987
0.250000,0.400000,0.100000,0.408663,0.552381,0.920635,0.000000,0.000000,0.805945
0.250000,0.400000,0.100000,0.492693,0.472847,0.788079,0.000000,0.000000,0.782988
0.250000,0.400000,0.100000,0.464111,0.498039,0.830065,0.000000,0.000000,0.793555
0.250000,0.400000,0.100000,0.429533,0.549038,0.915064,0.000000,0.000000,0.726877
0.250000,0.400000,0.100000,0.507141,0.454348,0.757246,0.000000,0.000000,0.793656
0.250000,0.400000,0.100000,0.486043,0.477814,0.796357,0.000000,0.000000,0.783259
0.250000,0.400000,0.100000,0.448243,0.514789,0.857982,0.000000,0.000000,0.785433
0.250000,0.400000,0.100000,0.437183,0.540873,0.901455,0.000000,0.000000,0.724087
0.250000,0.400000,0.100000,0.408612,0.552510,0.920850,0.000000,0.000000,0.789633
0.250000,0.400000,0.100000,0.493188,0.463433,0.772388,0.000000,0.000000,0.800390
0.250000,0.400000,0.100000,0.444626,0.514789,0.857982,0.000000,0.000000,0.784830
0.250000,0.400000,0.100000,0.433821,0.538889,0.898149,0.000000,0.000000,0.722975
0.250000,0.400000,0.100000,0.472003,0.485265,0.808775,0.000000,0.000000,0.782989
0.250000,0.400000,0.100000,0.383231,0.569491,0.949152,0.000000,0.000000,0.799923
0.250000,0.400000,0.100000,0.512366,0.442638,0.737730,0.000000,0.000000,0.788006
0.250000,0.400000,0.100000,0.386332,0.563794,0.939656,0.000000,0.000000,0.807191
0.250000,0.400000,0.100000,0.465332,0.486956,0.811594,0.000000,0.000000,0.795746
0.250000,0.400000,0.100000,0.433782,0.519340,0.865567,0.000000,0.000000,0.787555
0.250000,0.400000,0.100000,0.450422,0.500962,0.834936,0.000000,0.000000,0.793883
0.250000,0.400000,0.100000,0.499523,0.455464,0.759107,0.000000,0.000000,0.779298
0.250000,0.400000,0.100000,0.407586,0.541026,0.901710,0.000000,0.000000,0.804409
0.250000,0.400000,0.100000,0.409186,0.543055,0.905092,0.000000,0.000000,0.788572
0.250000,0.400000,0.100000,0.450761,0.500719,0.834532,0.000000,0.000000,0.790604
0.250000,0.400000,0.100000,0.386861,0.559883,0.933139,0.000000,0.000000,0.804395
0.250000,0.400000,0.100000,0.383272,0.567135,0.945225,0.000000,0.000000,0.789145
0.250000,0.400000,0.100000,0.436806,0.514844,0.858073,0.000000,0.000000,0.783869
0.250000,0.400000,0.100000,0.401903,0.550307,0.917178,0.000000,0.000000,0.777772
0.250000,0.400000,0.100000,0.408480,0.540757,0.901261,0.000000,0.000000,0.789614
0.250000,0.400000,0.100000,0.400287,0.544067,0.906779,0.000000,0.000000,0.804037
0.250000,0.400000,0.100000,0.394423,0.553521,0.922535,0.000000,0.000000,0.785424
0.250000,0.400000,0.100000,0.401357,0.539706,0.899510,0.000000,0.000000,0.799736
0.250000,0.400000,0.100000,0.417176,0.525000,0.875000,0.000000,0.000000,0.795019
0.250000,0.400000,0.100000,0.504416,0.443479,0.739131,0.000000,0.000000,0.770248
0.250000,0.400000,0.100000,0.490302,0.455464,0.759107,0.000000,0.000000,0.777761
0.250000,0.400000,0.100000,0.384635,0.554717,0.924528,0.000000,0.000000,0.795727
0.250000,0.400000,0.100000,0.401860,0.536111,0.893518,0.000000,0.000000,0.791958
0.250000,0.400000,0.100000,0.395475,0.557051,0.928419,0.000000,0.000000,0.729963
0.250000,0.400000,0.100000,0.404088,0.530435,0.884058,0.000000,0.000000,0.797616
0.250000,0.400000,0.100000,0.380287,0.552778,0.921297,0.000000,0.000000,0.799855
0.250000,0.400000,0.100000,0.435473,0.541200,0.902000,0.000000,0.000000,0.621197
0.250000,0.400000,0.100000,0.401804,0.532576,0.887626,0.000000,0.000000,0.789496
0.250000,0.400000,0.100000,0.423097,0.510784,0.851307,0.000000,0.000000,0.790260
0.250000,0.400000,0.100000,0.470201,0.463356,0.772260,0.000000,0.000000,0.790002
0.250000,0.400000,0.100000,0.457217,0.480769,0.801282,0.000000,0.000000,0.767675
0.250000,0.400000,0.100000,0.406314,0.525352,0.875587,0.000000,0.000000,0.787915
0.250000,0.400000,0.100000,0.442196,0.500254,0.833756,0.000000,0.000000,0.730306
0.250000,0.400000,0.100000,0.381368,0.543940,0.906566,0.000000,0.000000,0.797581
0.250000,0.400000,0.100000,0.457213,0.470690,0.784483,0.000000,0.000000,0.786606
0.250000,0.400000,0.100000,0.447364,0.481396,0.802326,0.000000,0.000000,0.782873
0.250000,0.400000,0.100000,0.367685,0.558254,0.930424,0.000000,0.000000,0.793884
0.250000,0.400000,0.100000,0.388862,0.538636,0.897727,0.000000,0.000000,0.787226
0.250000,0.400000,0.100000,0.362243,0.559309,0.932181,0.000000,0.000000,0.805198
0.250000,0.400000,0.100000,0.400687,0.525001,0.875001,0.000000,0.000000,0.783938
0.250000,0.400000,0.100000,0.450061,0.473741,0.789569,0.000000,0.000000,0.789530
0.250000,0.400000,0.100000,0.478879,0.448515,0.747525,0.000000,0.000000,0.772456
0.250000,0.400000,0.100000,0.417271,0.505189,0.841981,0.000000,0.000000,0.787735
0.250000,0.400000,0.100000,0.380198,0.540307,0.900511,0.000000,0.000000,0.792781
0.250000,0.400000,0.100000,0.447388,0.474193,0.790322,0.000000,0.000000,0.785942
0.250000,0.400000,0.100000,0.411551,0.505519,0.842532,0.000000,0.000000,0.786873
0.250000,0.400000,0.100000,0.361573,0.551786,0.919643,0.000000,0.000000,0.796461
0.250000,0.400000,0.100000,0.432487,0.482908,0.804847,0.000000,0.000000,0.784082
0.250000,0.400000,0.100000,0.409325,0.500719,0.834532,0.000000,0.000000,0.783698
0.250000,0.400000,0.100000,0.477588,0.433613,0.722689,0.000000,0.000000,0.777906
0.250000,0.400000,0.100000,0.341272,0.565876,0.943127,0.000000,0.000000,0.791599
0.250000,0.400000,0.100000,0.413127,0.497682,0.829470,0.000000,0.000000,0.776626
0.250000,0.400000,0.100000,0.426814,0.483941,0.806569,0.000000,0.000000,0.768554
0.250000,0.400000,0.100000,0.373967,0.536111,0.893518,0.000000,0.000000,0.770970
0.250000,0.400000,0.100000,0.337520,0.563794,0.939656,0.000000,0.000000,0.799055
0.250000,0.400000,0.100000,0.369496,0.531482,0.885803,0.000000,0.000000,0.798677
0.250000,0.400000,0.100000,0.457136,0.451136,0.751894,0.000000,0.000000,0.767763
0.250000,0.400000,0.100000,0.422750,0.485265,0.808775,0.000000,0.000000,0.766447
0.250000,0.400000,0.100000,0.413000,0.492715,0.821192,0.000000,0.000000,0.775225
0.250000,0.400000,0.100000,0.447963,0.456818,0.761364,0.000000,0.000000,0.771081
0.250000,0.400000,0.100000,0.459121,0.442553,0.737588,0.000000,0.000000,0.782376
0.250000,0.400000,0.100000,0.427649,0.475331,0.792219,0.000000,0.000000,0.772837
0.250000,0.400000,0.100000,0.371868,0.525000,0.875000,0.000000,0.000000,0.787468
0.250000,0.400000,0.100000,0.367591,0.530281,0.883802,0.000000,0.000000,0.783157
0.250000,0.400000,0.100000,0.338323,0.558620,0.931034,0.000000,0.000000,0.785824
0.250000,0.400000,0.100000,0.349280,0.544067,0.906779,0.000000,0.000000,0.795536
0.250000,0.400000,0.100000,0.341826,0.550307,0.917178,0.000000,0.000000,0.796027
0.250000,0.400000,0.100000,0.289330,0.598077,0.996795,0.000000,0.000000,0.803815
0.250000,0.400000,0.100000,0.408367,0.487748,0.812914,0.000000,0.000000,0.763269
0.250000,0.400000,0.100000,0.400866,0.487500,0.812500,0.000000,0.000000,0.781884
0.250000,0.400000,0.100000,0.350776,0.547309,0.912181,0.000000,0.000000,0.728140
0.250000,0.400000,0.100000,0.436602,0.450955,0.751592,0.000000,0.000000,0.764290
0.250000,0.400000,0.100000,0.369373,0.512360,0.853933,0.000000,0.000000,0.786809
0.250000,0.400000,0.100000,0.343617,0.535714,0.892857,0.000000,0.000000,0.783938
0.250000,0.400000,0.100000,0.333530,0.544396,0.907327,0.000000,0.000000,0.786466
0.250000,0.400000,0.100000,0.393856,0.484615,0.807692,0.000000,0.000000,0.779915
0.250000,0.400000,0.100000,0.344993,0.525000,0.875000,0.000000,0.000000,0.792793
0.250000,0.400000,0.100000,0.428146,0.448515,0.747525,0.000000,0.000000,0.764001
0.250000,0.400000,0.100000,0.371103,0.500719,0.834532,0.000000,0.000000,0.777328
0.250000,0.400000,0.100000,0.431540,0.436363,0.727272,0.000000,0.000000,0.767727
0.250000,0.400000,0.100000,0.359495,0.505263,0.842105,0.000000,0.000000,0.771590
0.250000,0.400000,0.100000,0.300994,0.560072,0.933454,0.000000,0.000000,0.785398
0.250000,0.400000,0.100000,0.440195,0.420187,0.700311,0.000000,0.000000,0.769741
0.250000,0.400000,0.100000,0.401672,0.455464,0.759107,0.000000,0.000000,0.762989
0.250000,0.400000,0.100000,0.295346,0.550862,0.918104,0.000000,0.000000,0.788435
0.250000,0.400000,0.100000,0.403603,0.448515,0.747525,0.000000,0.000000,0.759910
0.250000,0.400000,0.100000,0.376053,0.469853,0.783088,0.000000,0.000000,0.764514
0.250000,0.400000,0.100000,0.278051,0.560593,0.934322,0.000000,0.000000,0.788255
0.250000,0.400000,0.100000,0.380820,0.463043,0.771739,0.000000,0.000000,0.763417
0.250000,0.400000,0.100000,0.283385,0.553846,0.923077,0.000000,0.000000,0.784002
0.250000,0.400000,0.100000,0.278645,0.557327,0.928879,0.000000,0.000000,0.787447
0.250000,0.400000,0.100000,0.340753,0.496154,0.826924,0.000000,0.000000,0.775740
0.250000,0.400000,0.100000,0.373426,0.462500,0.770833,0.000000,0.000000,0.778373
0.250000,0.400000,0.100000,0.387180,0.453572,0.755953,0.000000,0.000000,0.758578
0.250000,0.400000,0.100000,0.308894,0.525001,0.875001,0.000000,0.000000,0.783509
0.250000,0.400000,0.100000,0.243163,0.589285,0.982142,0.000000,0.000000,0.787142
0.250000,0.400000,0.100000,0.436986,0.396350,0.660584,0.000000,0.000000,0.765853
0.250000,0.400000,0.100000,0.305377,0.522458,0.870763,0.000000,0.000000,0.785484
0.250000,0.400000,0.100000,0.417985,0.414344,0.690574,0.000000,0.000000,0.759351
0.250000,0.400000,0.100000,0.350697,0.476087,0.793479,0.000000,0.000000,0.776889
0.250000,0.400000,0.100000,0.306524,0.510000,0.850000,0.000000,0.000000,0.775679
0.250000,0.400000,0.100000,0.387948,0.429661,0.716102,0.000000,0.000000,0.750266
0.250000,0.400000,0.100000,0.323444,0.493750,0.822916,0.000000,0.000000,0.750455
0.250000,0.400000,0.100000,0.360079,0.448515,0.747525,0.000000,0.000000,0.752656
0.250000,0.400000,0.100000,0.352672,0.452239,0.753732,0.000000,0.000000,0.767325
0.250000,0.400000,0.100000,0.384142,0.408404,0.680673,0.000000,0.000000,0.755329
0.250000,0.400000,0.100000,0.335973,0.453572,0.755953,0.000000,0.000000,0.750043
0.250000,0.400000,0.100000,0.309200,0.475000,0.791667,0.000000,0.000000,0.769671
0.250000,0.400000,0.100000,0.265600,0.506897,0.844828,0.000000,0.000000,0.771264
0.250000,0.400000,0.100000,0.269007,0.501493,0.835821,0.000000,0.000000,0.753664
0.250000,0.400000,0.100000,0.319782,0.448515,0.747525,0.000000,0.000000,0.745940
0.250000,0.400000,0.100000,0.335023,0.411793,0.686321,0.000000,0.000000,0.746613
0.250000,0.400000,0.100000,0.324627,0.411793,0.686321,0.000000,0.000000,0.744880
0.250000,0.400000,0.100000,0.283626,0.437234,0.728723,0.000000,0.000000,0.748382
0.250000,0.400000,0.100000,0.268131,0.453572,0.755953,0.000000,0.000000,0.738736
0.250000,0.400000,0.100000,0.243051,0.453191,0.755319,0.000000,0.000000,0.752588
0.250000,0.400000,0.100000,0.244384,0.445082,0.741803,0.000000,0.000000,0.744021
0.250000,0.400000,0.100000,0.373762,0.281250,0.468750,0.000000,0.000000,0.720076
