experiment_id,concentration_ug_mL,stored_mean_OD450,shared_recorded_background,corrected_mean_OD450,technical_wells_averaged_author_confirmed
1,200.0,1.644,0.05633333333333334,1.5876666666666666,3
1,150.0,1.661,0.05633333333333334,1.6046666666666667,3
1,125.0,1.568,0.05633333333333334,1.5116666666666667,3
1,100.0,1.51,0.05633333333333334,1.4536666666666667,3
1,75.0,1.392,0.05633333333333334,1.3356666666666666,3
1,50.0,1.227,0.05633333333333334,1.1706666666666667,3
1,30.0,0.907,0.05633333333333334,0.8506666666666667,3
1,20.0,0.696,0.05633333333333334,0.6396666666666666,3
1,10.0,0.43,0.05633333333333334,0.37366666666666665,3
1,5.0,0.156,0.05633333333333334,0.09966666666666665,3
1,2.5,0.113,0.05633333333333334,0.056666666666666664,3
1,1.0,0.087,0.05633333333333334,0.030666666666666655,3
2,200.0,1.669,0.05633333333333334,1.6126666666666667,3
2,150.0,1.668,0.05633333333333334,1.6116666666666666,3
2,125.0,1.67,0.05633333333333334,1.6136666666666666,3
2,100.0,1.606,0.05633333333333334,1.5496666666666667,3
2,75.0,1.379,0.05633333333333334,1.3226666666666667,3
2,50.0,1.246,0.05633333333333334,1.1896666666666667,3
2,30.0,0.828,0.05633333333333334,0.7716666666666666,3
2,20.0,0.679,0.05633333333333334,0.6226666666666667,3
2,10.0,0.42,0.05633333333333334,0.36366666666666664,3
2,5.0,0.163,0.05633333333333334,0.10666666666666666,3
2,2.5,0.114,0.05633333333333334,0.057666666666666665,3
2,1.0,0.085,0.05633333333333334,0.028666666666666667,3
3,200.0,1.685,0.05633333333333334,1.6286666666666667,3
3,150.0,1.649,0.05633333333333334,1.5926666666666667,3
3,125.0,1.592,0.05633333333333334,1.5356666666666667,3
3,100.0,1.54,0.05633333333333334,1.4836666666666667,3
3,75.0,1.383,0.05633333333333334,1.3266666666666667,3
3,50.0,1.218,0.05633333333333334,1.1616666666666666,3
3,30.0,0.919,0.05633333333333334,0.8626666666666667,3
3,20.0,0.687,0.05633333333333334,0.6306666666666667,3
3,10.0,0.321,0.05633333333333334,0.26466666666666666,3
3,5.0,0.152,0.05633333333333334,0.09566666666666665,3
3,2.5,0.115,0.05633333333333334,0.058666666666666666,3
3,1.0,0.093,0.05633333333333334,0.03666666666666666,3
