accession,historical_rank,historical_score,metadata_only_context,retrospective_core_score,curated_engineering_lower,curated_engineering_upper,retrospective_core_rank,best_possible_rank_curated_unknown,worst_possible_rank_curated_unknown
Q9T0Z9,1,0.856763,0.7,0.7300580000000001,0.816763,0.896763,1,1,1
A0A7U4GHF9,2,0.607981,0.575,0.6822959000000001,0.607981,0.687981,2,2,148
I7K2S1,3,0.602209,0.525,0.6763622,0.602209,0.682209,4,2,167
A0A1V0DXW2,4,0.59932,0.525,0.6767493000000001,0.59932,0.6793199999999999,3,2,178
A0AAD2UYA7,5,0.59485,0.575,0.6688064,0.59485,0.67485,6,2,193
S5MLA1,6,0.594084,0.525,0.6632975,0.594084,0.6740839999999999,13,2,195
A0A0G2PMU5,7,0.593066,0.55,0.66818095,0.593066,0.6730659999999999,8,2,196
B3VCL5,8,0.592939,0.525,0.6686159500000001,0.592939,0.672939,7,2,198
Q858J8,9,0.592645,0.525,0.67045845,0.592645,0.6726449999999999,5,2,198
A0AAE7V5N4,10,0.591996,0.525,0.6635207500000001,0.591996,0.6719959999999999,12,2,200
A0A6M3G9R6,11,0.590372,0.525,0.6665966000000001,0.590372,0.670372,9,2,205
A0A0P0LE96,12,0.58931,0.525,0.6663583000000001,0.58931,0.66931,10,2,206
A0A0H3NKM1,13,0.588103,0.55,0.6610743,0.588103,0.668103,14,2,208
A0A0U2DXE3,14,0.586512,0.525,0.6638527500000002,0.586512,0.666512,11,2,215
S5M3B5,15,0.585871,0.525,0.6590776,0.585871,0.665871,17,2,217
A0A7U4GE98,16,0.585492,0.575,0.64979575,0.585492,0.665492,21,2,219
A0AAE9FSZ1,17,0.58542,0.525,0.6583911500000001,0.58542,0.66542,18,2,219
A0AAE9FUR5,18,0.582468,0.525,0.6595477000000001,0.582468,0.662468,16,2,229
A0AAT9S6U3,19,0.582123,0.525,0.65990405,0.582123,0.6621229999999999,15,2,230
A0AAX4Q2K6,20,0.57939,0.525,0.6576509,0.57939,0.6593899999999999,19,2,240
A0A449C531,21,0.574831,0.525,0.6464972500000001,0.574831,0.6548309999999999,22,2,248
A0AAE7S353,22,0.57238,0.525,0.6505268000000002,0.57238,0.65238,20,2,253
A0A9P1PWH0,23,0.570609,0.425,0.6452974,0.570609,0.650609,23,2,253
Q858U5,24,0.568694,0.525,0.6404765000000001,0.568694,0.648694,33,2,257
A0A7U4JZS3,25,0.568445,0.575,0.6417786999999999,0.568445,0.6484449999999999,28,2,258
I7LHK5,26,0.568044,0.525,0.6448217,0.568044,0.648044,24,2,259
A0A0H3NZ47,27,0.567341,0.55,0.64043375,0.567341,0.6473409999999999,34,2,260
A0A449C3Z7,28,0.567132,0.525,0.6390099500000002,0.567132,0.6471319999999999,35,2,260
I7K3G3,29,0.56711,0.525,0.6409216500000001,0.56711,0.64711,31,2,260
A0A449C5Q6,30,0.566082,0.525,0.6368514500000002,0.566082,0.6460819999999999,38,2,263
I6Q9A1,31,0.565565,0.525,0.6431993500000001,0.565565,0.6455649999999999,25,2,263
A0A7D3UKK9,32,0.565495,0.525,0.63727845,0.565495,0.6454949999999999,37,2,264
A0A449C440,33,0.565236,0.525,0.6423886000000001,0.565236,0.6452359999999999,27,2,264
F4N2J8,34,0.564662,0.575,0.62788745,0.564662,0.644662,50,2,265
A0A449C5Z2,35,0.564507,0.525,0.64096505,0.564507,0.6445069999999999,30,2,265
F4N729,36,0.564356,0.575,0.6424202,0.564356,0.6443559999999999,26,2,265
S5ML14,37,0.563844,0.525,0.6358137500000001,0.563844,0.643844,40,2,265
I7LHJ5,38,0.563662,0.525,0.6416527,0.563662,0.643662,29,2,265
A0A449C555,39,0.563009,0.525,0.64083995,0.563009,0.6430089999999999,32,2,267
A0AAE9FQ76,40,0.561838,0.525,0.63849615,0.561838,0.6418379999999999,36,2,270
A0A1V0DXT2,41,0.561406,0.525,0.6298677000000001,0.561406,0.6414059999999999,45,2,271
I7K324,42,0.560964,0.525,0.6297470000000001,0.560964,0.640964,46,2,274
A0A0G2PMY8,43,0.560227,0.55,0.6249294500000001,0.560227,0.640227,64,2,275
A0A088F649,44,0.558317,0.525,0.6358170000000001,0.558317,0.6383169999999999,39,2,280
S5M9F2,45,0.557936,0.525,0.6346023000000001,0.557936,0.637936,41,2,281
A0AAE7CTI2,46,0.557703,0.525,0.6279887500000001,0.557703,0.6377029999999999,49,2,282
A0A0B4ZXE3,47,0.557289,0.525,0.6260724000000002,0.557289,0.637289,61,2,283
A0A0H3NZ57,48,0.557146,0.55,0.6301689,0.557146,0.637146,44,2,283
S5MRA5,49,0.556463,0.525,0.6261039500000001,0.556463,0.636463,60,2,283
A0A0B5A4Q9,50,0.555314,0.525,0.62960015,0.555314,0.6353139999999999,47,2,284
A0A3B8DLH1,51,0.555214,0.525,0.63201985,0.555214,0.635214,42,2,284
A0A449C3U4,52,0.555182,0.525,0.6236251000000002,0.555182,0.6351819999999999,70,2,284
A0AAX4Q199,53,0.554484,0.525,0.6273893000000001,0.554484,0.6344839999999999,53,2,284
A0A6M3GA37,54,0.554394,0.525,0.631015,0.554394,0.634394,43,2,284
A0A1V0DXR7,55,0.554173,0.525,0.6202878500000002,0.554173,0.634173,80,2,284
A0A0G2PMU8,56,0.55384,0.55,0.6272886000000001,0.55384,0.63384,54,2,284
A0AAE9JYJ2,57,0.55377,0.525,0.6273968,0.55377,0.63377,52,2,284
I7J474,58,0.553753,0.525,0.6280939000000001,0.553753,0.633753,48,2,284
I7KR83,59,0.553015,0.525,0.62683485,0.553015,0.633015,55,2,284
A0ZXG5,60,0.553007,0.525,0.62762925,0.553007,0.633007,51,2,284
A0A449C435,61,0.551842,0.525,0.6264337000000001,0.551842,0.631842,59,2,289
A0A7U4K0B3,62,0.551361,0.575,0.613297,0.551361,0.631361,103,2,289
A0AAE9FRM6,63,0.551334,0.525,0.6258096500000001,0.551334,0.631334,63,2,289
A0AAE7PDX0,64,0.551201,0.525,0.62245125,0.551201,0.631201,73,2,289
A0A2C9CXH4,65,0.551017,0.525,0.6219450500000001,0.551017,0.6310169999999999,74,2,291
A0A7D3UH03,66,0.550893,0.525,0.6226764,0.550893,0.6308929999999999,72,2,292
A0AA51VH76,67,0.550719,0.525,0.62649695,0.550719,0.6307189999999999,57,2,295
A0A2H1UJ87,68,0.550419,0.525,0.6259955500000001,0.550419,0.630419,62,2,295
A0A449C528,69,0.550334,0.525,0.62644465,0.550334,0.630334,58,2,295
A0A6M3GA49,70,0.550267,0.525,0.62178185,0.550267,0.6302669999999999,75,2,295
A0A1V0DXD5,71,0.550246,0.525,0.6241561000000001,0.550246,0.630246,67,2,295
A0A3B8DLJ2,72,0.550044,0.525,0.6266653000000001,0.550044,0.6300439999999999,56,2,295
A0AAE7PDK2,73,0.549229,0.525,0.6244564,0.549229,0.6292289999999999,65,2,297
F4N728,74,0.549019,0.575,0.6165187999999999,0.549019,0.629019,94,2,297
A0AAE9JVZ5,75,0.548762,0.525,0.6193409500000001,0.548762,0.6287619999999999,82,2,297
A0A449C5C7,76,0.548731,0.525,0.6177727000000001,0.548731,0.6287309999999999,92,2,297
I7LH81,77,0.548722,0.525,0.6186624000000002,0.548722,0.628722,85,2,297
A0A1V0DXT5,78,0.548588,0.525,0.6238562000000001,0.548588,0.6285879999999999,69,2,297
A0A6M3G969,79,0.548237,0.525,0.6243043500000001,0.548237,0.6282369999999999,66,2,297
A0AAX4Q2X2,80,0.547988,0.525,0.6113650500000001,0.547988,0.627988,110,2,297
A0A2D0PE70,81,0.547392,0.525,0.6239303,0.547392,0.627392,68,2,299
A0A0H3NU58,82,0.54659,0.55,0.6122850500000001,0.54659,0.62659,106,2,300
A0A449C3S4,83,0.546548,0.525,0.6231686000000001,0.546548,0.626548,71,2,300
S5MRE6,84,0.546476,0.525,0.6208166000000002,0.546476,0.6264759999999999,78,2,300
A0A3B8DL31,85,0.546421,0.525,0.6216064000000001,0.546421,0.626421,76,2,300
A0AA86IWK5,86,0.546154,0.525,0.6187434500000001,0.546154,0.626154,84,2,300
I7J3W0,87,0.546077,0.525,0.62116445,0.546077,0.626077,77,2,300
A0A0B5A4J3,88,0.544643,0.525,0.61811545,0.544643,0.624643,91,2,301
A0A449C6D2,89,0.544182,0.525,0.6190725000000001,0.544182,0.624182,83,2,301
A0A0B5A2V7,90,0.543767,0.525,0.61812065,0.543767,0.623767,90,2,301
A0A449C638,91,0.54341,0.525,0.62018775,0.54341,0.6234099999999999,81,2,302
A0A449C6B7,92,0.543227,0.525,0.6206568000000001,0.543227,0.623227,79,2,302
A0A6M3G916,93,0.54284,0.525,0.61825635,0.54284,0.62284,89,2,303
S5M3A7,94,0.54279,0.525,0.6173814,0.54279,0.62279,93,2,303
I7K354,95,0.542149,0.525,0.6183557500000001,0.542149,0.622149,86,2,304
A0A7D3QKX7,96,0.540865,0.525,0.6131648500000001,0.540865,0.620865,104,2,306
A0A449C4D0,97,0.54058,0.525,0.6106957500000001,0.54058,0.6205799999999999,113,2,307
A0A7D3V1W8,98,0.540304,0.525,0.6050063000000001,0.540304,0.620304,132,2,309
A0A0B5A2N3,99,0.540085,0.525,0.6183182500000001,0.540085,0.620085,87,2,309
A0A449C3T4,100,0.540035,0.525,0.6162601500000001,0.540035,0.620035,95,2,309
A0AAX4M7A4,101,0.540031,0.525,0.6182923500000002,0.540031,0.620031,88,2,309
A0AAX4Q2U9,102,0.539675,0.525,0.6072473500000001,0.539675,0.619675,126,2,310
A0AAD2UWV2,103,0.539347,0.425,0.6138538000000001,0.539347,0.619347,101,2,310
A0A0H3NZ59,104,0.539163,0.55,0.6160355000000001,0.539163,0.6191629999999999,96,2,310
I7KRU3,105,0.539061,0.525,0.6155582,0.539061,0.619061,97,2,310
A0A7D3QQ81,106,0.538787,0.525,0.6119628000000001,0.538787,0.618787,107,2,311
A0AAE7V728,107,0.538631,0.525,0.60366445,0.538631,0.6186309999999999,138,2,311
A0AAE9FLD0,108,0.538442,0.525,0.6136142000000002,0.538442,0.6184419999999999,102,2,311
A0A1V0DXX1,109,0.538002,0.525,0.6142091000000002,0.538002,0.6180019999999999,100,2,312
A0AAX4M7M8,110,0.53789,0.525,0.6148567500000001,0.53789,0.6178899999999999,98,2,312
A0A7T9XU25,111,0.537662,0.425,0.60335755,0.537662,0.6176619999999999,141,2,312
A0A449C5D9,112,0.537211,0.525,0.61442265,0.537211,0.617211,99,2,312
A0A0H3NP24,113,0.537075,0.55,0.6092779500000001,0.537075,0.6170749999999999,120,2,312
A0A3B8DLI7,114,0.536984,0.525,0.6125963000000001,0.536984,0.616984,105,2,312
A0A1V0DXS1,115,0.536501,0.525,0.6082369000000001,0.536501,0.616501,122,2,312
A0A2D0PCZ8,116,0.536223,0.525,0.6117995,0.536223,0.616223,109,2,312
A0A449C3Q1,117,0.536072,0.525,0.6031938000000001,0.536072,0.616072,142,2,312
A0A2D0PE10,118,0.536,0.525,0.6119614000000002,0.536,0.616,108,2,312
A0A0H3NSE3,119,0.535494,0.55,0.6065470000000001,0.535494,0.615494,129,2,312
A0A2H1X991,120,0.535354,0.525,0.6107387000000001,0.535354,0.615354,112,2,312
A0A6M3G8D1,121,0.535013,0.525,0.6060596000000001,0.535013,0.6150129999999999,131,2,312
A0AAE6YPH1,122,0.53484,0.525,0.6084893,0.53484,0.6148399999999999,121,2,312
A0AAE9FRR2,123,0.534695,0.525,0.6047418500000001,0.534695,0.614695,133,2,312
A0AA51VJM6,124,0.534592,0.525,0.6113229000000001,0.534592,0.6145919999999999,111,2,312
A0AAE9FQ04,125,0.534506,0.525,0.6064314500000001,0.534506,0.614506,130,2,312
A0A6M3G876,126,0.53447,0.525,0.6093596000000001,0.53447,0.61447,119,2,312
S5M7B3,127,0.533819,0.525,0.6099296500000001,0.533819,0.613819,116,2,313
A0A449C608,128,0.533714,0.525,0.6077955500000001,0.533714,0.613714,123,2,313
A0A7D3QML5,129,0.533683,0.525,0.5990473500000002,0.533683,0.613683,152,2,313
A0AAX4Q195,130,0.533097,0.525,0.6100638,0.533097,0.613097,115,2,313
A0A0B4ZZM3,131,0.532897,0.525,0.6074859500000002,0.532897,0.6128969999999999,124,2,313
A0A449C619,132,0.532666,0.525,0.6097431000000001,0.532666,0.6126659999999999,117,2,313
I7LH90,133,0.532644,0.525,0.6037939000000001,0.532644,0.612644,137,2,313
A0AAE9FKC7,134,0.532401,0.525,0.6106946000000001,0.532401,0.612401,114,2,313
A1JNF1,135,0.53133,0.425,0.6094691500000001,0.53133,0.6113299999999999,118,2,314
A0A7D3QJ92,136,0.53084,0.525,0.5958728000000001,0.53084,0.6108399999999999,164,2,314
A0A6M3G874,137,0.530496,0.525,0.60727335,0.530496,0.6104959999999999,125,2,314
S5ML49,138,0.530145,0.525,0.6066417500000001,0.530145,0.6101449999999999,128,2,314
A0A449C567,139,0.529901,0.525,0.6066788000000001,0.529901,0.6099009999999999,127,2,315
A0AAE6YNJ4,140,0.529851,0.525,0.5945532000000001,0.529851,0.6098509999999999,167,2,315
A0A6M3G8B9,141,0.529787,0.525,0.60358285,0.529787,0.609787,139,2,315
A0A3B8DYI1,142,0.52971,0.525,0.5991441500000001,0.52971,0.60971,151,2,315
I7K3U3,143,0.529549,0.525,0.5983369500000001,0.529549,0.609549,154,2,315
I7KRG5,144,0.529117,0.525,0.60340285,0.529117,0.6091169999999999,140,2,315
A0A1V0DXW6,145,0.529087,0.525,0.6029129500000001,0.529087,0.6090869999999999,143,2,315
I7K349,146,0.528777,0.525,0.5975693000000001,0.528777,0.608777,159,2,315
A0A449C4X7,147,0.528572,0.525,0.6041846500000001,0.528572,0.608572,136,2,316
S5M3D7,148,0.528339,0.525,0.5978844500000001,0.528339,0.608339,155,2,316
A0AAE9FSY2,149,0.527787,0.525,0.5908332000000001,0.527787,0.607787,181,3,316
A0A7U4GCC7,150,0.527703,0.425,0.6026583,0.527703,0.607703,144,3,316
S5M7E4,151,0.527578,0.525,0.6046064000000001,0.527578,0.607578,135,3,316
A0A449C3W7,152,0.527416,0.525,0.6025806,0.527416,0.607416,145,3,316
A0A449C5Z9,153,0.526956,0.525,0.6002455000000001,0.526956,0.6069559999999999,149,3,317
S5ML17,154,0.526756,0.525,0.6046554000000001,0.526756,0.606756,134,3,317
A0AAE9FRD5,155,0.525785,0.525,0.5915911500000001,0.525785,0.6057849999999999,179,3,317
A0A2C9CZQ3,156,0.52567,0.525,0.5995159000000001,0.52567,0.6056699999999999,150,3,317
A0AA86IYU9,157,0.525529,0.525,0.6007748500000001,0.525529,0.605529,147,3,317
A0A2C9CYF4,158,0.525222,0.525,0.5961496500000001,0.525222,0.6052219999999999,162,3,318
A0A3B8E1I5,159,0.524946,0.525,0.5920673500000001,0.524946,0.604946,176,3,318
A0A7U4GG50,160,0.52485,0.425,0.59497505,0.52485,0.60485,165,3,318
I7J3Y3,161,0.524711,0.525,0.5967943000000001,0.524711,0.604711,161,3,318
I7KRT2,162,0.524466,0.525,0.5976730000000001,0.524466,0.604466,157,3,318
A0A7D3QKS7,163,0.523825,0.525,0.591825,0.523825,0.603825,178,3,319
A0A1V0DXV4,164,0.523567,0.525,0.5928422000000001,0.523567,0.603567,173,3,319
A0A7U4GDH6,165,0.523175,0.425,0.60085995,0.523175,0.6031749999999999,146,3,319
A0A0H3NQY6,166,0.523083,0.55,0.59469605,0.523083,0.6030829999999999,166,3,319
A0A449C532,167,0.522623,0.525,0.5929261,0.522623,0.6026229999999999,172,3,319
A0AAE7TQG4,168,0.522106,0.525,0.5973328500000001,0.522106,0.6021059999999999,160,4,319
A0A449C648,169,0.521927,0.525,0.6005803500000001,0.521927,0.601927,148,4,319
I7LF14,170,0.521844,0.525,0.5976074000000001,0.521844,0.6018439999999999,158,4,320
A0A3B8DL36,171,0.521843,0.525,0.59063045,0.521843,0.6018429999999999,182,4,320
A0AAE7TR04,172,0.521478,0.525,0.5978412,0.521478,0.601478,156,4,320
A0AAE7PH03,173,0.521421,0.525,0.5931916500000001,0.521421,0.601421,171,4,320
A0AAE6YNV4,174,0.520785,0.525,0.5923099000000002,0.520785,0.600785,175,4,321
I6Q8T5,175,0.520537,0.525,0.5983510000000001,0.520537,0.600537,153,4,321
A0A1V0DXR4,176,0.520516,0.525,0.5925989,0.520516,0.6005159999999999,174,4,321
F4N708,177,0.519959,0.425,0.58757775,0.519959,0.5999589999999999,192,4,321
A0A449C3X5,178,0.519835,0.525,0.5893805000000001,0.519835,0.599835,186,4,321
A0AAE9JXJ1,179,0.518935,0.525,0.5867923500000001,0.518935,0.598935,195,5,321
A0A449C469,180,0.518756,0.525,0.5959674,0.518756,0.598756,163,5,321
A0A449C5X9,181,0.518472,0.525,0.5845954500000001,0.518472,0.598472,200,5,321
A0A449C542,182,0.518406,0.525,0.5932960500000001,0.518406,0.598406,170,5,321
A0A3B8DYS4,183,0.51793,0.525,0.57608755,0.51793,0.59793,221,5,321
A0A449C597,184,0.517877,0.525,0.5911661,0.517877,0.597877,180,5,321
A0A0B5A4M1,185,0.517603,0.525,0.5893274500000001,0.517603,0.597603,187,5,322
A0A0B5A2T1,186,0.517408,0.525,0.5873486500000001,0.517408,0.5974079999999999,193,5,322
A0A7U4GDF9,187,0.51685,0.425,0.5934238000000001,0.51685,0.59685,168,5,323
A0A3B8DYH7,188,0.516702,0.525,0.5933685500000001,0.516702,0.596702,169,5,323
A0A2D0PDX6,189,0.51593,0.525,0.5918914000000001,0.51593,0.59593,177,5,325
S5M7K0,190,0.515625,0.525,0.5894207500000002,0.515625,0.595625,185,5,325
A0A7D3UL75,191,0.51541,0.525,0.5904811500000001,0.51541,0.59541,183,5,326
A0AAE7V5W0,192,0.515398,0.525,0.5890478000000001,0.515398,0.595398,189,5,326
A0A9P1PUV5,193,0.514869,0.425,0.58890875,0.514869,0.594869,190,5,326
A0AAE7S224,194,0.514626,0.525,0.5854833500000001,0.514626,0.594626,197,6,326
A0ABP1YI01,195,0.514535,0.425,0.58915215,0.514535,0.5945349999999999,188,6,326
A0A449C541,196,0.513276,0.525,0.5903535000000001,0.513276,0.5932759999999999,184,7,328
A0A2C9CYV8,197,0.513064,0.525,0.5869100500000001,0.513064,0.5930639999999999,194,8,328
A0A0B4ZZK4,198,0.513016,0.525,0.5883729000000001,0.513016,0.593016,191,8,328
A0ABP1YEP8,199,0.512639,0.425,0.58487125,0.512639,0.5926389999999999,198,10,328
A0AAE9FQP6,200,0.512231,0.525,0.5800878000000002,0.512231,0.592231,209,10,329
A0AAE7V7A7,201,0.511788,0.525,0.5865707000000001,0.511788,0.591788,196,11,330
A0AA86J4Z9,202,0.511711,0.525,0.5697560500000001,0.511711,0.591711,242,11,330
A0AAX4M766,203,0.511169,0.525,0.5840739,0.511169,0.591169,203,11,331
A0AAX4M771,204,0.511108,0.525,0.5786811000000001,0.511108,0.591108,216,11,331
A0A0B4ZXG6,205,0.510424,0.525,0.5716736000000001,0.510424,0.590424,234,11,331
A0AAE9FPR6,206,0.510063,0.525,0.5848090000000001,0.510063,0.590063,199,12,331
A1JK73,207,0.508606,0.425,0.5798755,0.508606,0.588606,212,13,332
A0AA86J574,208,0.508458,0.525,0.5833974000000001,0.508458,0.5884579999999999,204,13,333
I7KRB0,209,0.507909,0.525,0.5691588000000002,0.507909,0.587909,245,14,335
A0AAE6YPB5,210,0.507712,0.525,0.58336465,0.507712,0.587712,205,14,335
A0A6M3G945,211,0.507499,0.525,0.5762871500000001,0.507499,0.587499,220,14,337
S5MRE0,212,0.507286,0.525,0.5844972000000002,0.507286,0.587286,201,14,337
A0AAE9FV72,213,0.506936,0.525,0.5752120500000001,0.506936,0.586936,226,14,337
A0A3B8E5R1,214,0.506665,0.525,0.5843570000000001,0.506665,0.586665,202,14,337
A0AAE9FSV4,215,0.506527,0.525,0.5825617000000001,0.506527,0.5865269999999999,207,14,338
A0ABP1XZ23,216,0.506451,0.425,0.5776704,0.506451,0.586451,219,15,338
I7LEG3,217,0.506166,0.525,0.5644470500000001,0.506166,0.586166,250,15,338
A0A9P1UYK8,218,0.505745,0.425,0.5794405,0.505745,0.585745,213,16,339
A0ABM9SIE6,219,0.505562,0.425,0.58290815,0.505562,0.5855619999999999,206,16,340
A0A449C473,220,0.505216,0.525,0.5785059000000001,0.505216,0.585216,218,18,341
A0A7U4GE85,221,0.505059,0.425,0.5786919500000001,0.505059,0.585059,214,18,341
A0A7D3V4S6,222,0.504989,0.525,0.5786388500000001,0.504989,0.584989,217,18,341
A0A2D0PDR4,223,0.504706,0.525,0.58028285,0.504706,0.584706,208,18,342
A0A7T9XT11,224,0.504372,0.425,0.5754247,0.504372,0.584372,224,18,342
A0AAE9JYN2,225,0.503852,0.525,0.57988695,0.503852,0.5838519999999999,211,18,343
A1JNA9,226,0.503453,0.425,0.5786834500000001,0.503453,0.583453,215,18,346
A0AAE9JW72,227,0.503322,0.525,0.57289955,0.503322,0.583322,230,18,347
A0A9P1PT53,228,0.502787,0.425,0.5760606,0.502787,0.5827869999999999,222,18,349
I7LEN8,229,0.502486,0.525,0.5799155500000001,0.502486,0.582486,210,18,349
Q858V3,230,0.502191,0.525,0.5696200000000001,0.502191,0.582191,244,19,350
A0ABP1YG46,231,0.501838,0.425,0.5753397000000001,0.501838,0.581838,225,20,351
A0A0H3NU55,232,0.500641,0.55,0.5712156000000002,0.500641,0.580641,238,20,353
A0A449C3Q7,233,0.500589,0.525,0.5587469500000001,0.500589,0.5805889999999999,261,20,353
A0A449C610,234,0.500528,0.525,0.5700736000000001,0.500528,0.5805279999999999,241,20,353
A0ABP1YH51,235,0.500372,0.425,0.5712577000000001,0.500372,0.580372,237,20,354
A0A2D0PE26,236,0.500274,0.525,0.5758513500000001,0.500274,0.580274,223,20,355
A0A0H5HBD5,237,0.499945,0.425,0.5751173500000001,0.499945,0.5799449999999999,227,20,355
A0ABM9S2F3,238,0.499888,0.425,0.57386795,0.499888,0.579888,229,20,355
A0ABM9S2J3,239,0.499863,0.425,0.57469235,0.499863,0.579863,228,20,355
A0A6M3G872,240,0.499533,0.525,0.57282255,0.499533,0.579533,231,20,358
A0A0H5GK99,241,0.499244,0.425,0.5679838,0.499244,0.579244,247,21,359
A0A0H3NQF5,242,0.498712,0.55,0.5715852000000001,0.498712,0.578712,236,21,362
A0AAE9FL40,243,0.496944,0.525,0.5606523500000001,0.496944,0.576944,254,21,369
A0A2H1UJ90,244,0.4968,0.525,0.5723772000000001,0.4968,0.5768,232,21,369
A0A6M3G8P6,245,0.496633,0.525,0.5547909000000001,0.496633,0.576633,269,21,370
A0A0B5A2L0,246,0.496488,0.525,0.5690924500000001,0.496488,0.576488,246,21,371
A0A449C6B2,247,0.495705,0.525,0.57194325,0.495705,0.575705,233,21,374
A0A0H5H8V4,248,0.494883,0.425,0.5697535,0.494883,0.574883,243,21,374
F4N731,249,0.494357,0.425,0.56005195,0.494357,0.574357,256,22,375
A0A7U4K299,250,0.49417,0.425,0.5703404000000001,0.49417,0.57417,240,22,376
A0A9P1PUI1,251,0.493773,0.425,0.5716088500000001,0.493773,0.573773,235,22,377
A0ABM9S1Y8,252,0.49322,0.425,0.5709857500000001,0.49322,0.57322,239,22,379
A0AAD2Z2V4,253,0.492962,0.425,0.5600495500000001,0.492962,0.572962,257,22,380
A0AAD2Z484,254,0.489587,0.425,0.5601159,0.489587,0.569587,255,24,398
A0ABM9SIR4,255,0.489487,0.425,0.55518255,0.489487,0.569487,267,24,399
A0A9P1PVU6,256,0.489471,0.425,0.5677067,0.489471,0.569471,248,24,399
A0ABP1Y817,257,0.488909,0.425,0.5653239000000001,0.488909,0.568909,249,24,403
A0A449C4V3,258,0.488647,0.525,0.54680445,0.488647,0.568647,283,25,403
F4N725,259,0.488255,0.425,0.5611289500000001,0.488255,0.568255,253,26,406
A0A7U4GDF4,260,0.487408,0.425,0.559533,0.487408,0.567408,259,27,408
A0A3G8F0J9,261,0.486959,0.525,0.5563988500000001,0.486959,0.566959,264,30,410
A0A2H1UJE7,262,0.486876,0.525,0.5625079000000001,0.486876,0.5668759999999999,251,30,410
A0AAD2V1D7,263,0.486818,0.425,0.5592222000000001,0.486818,0.5668179999999999,260,30,410
A0A0H5H5S4,264,0.485525,0.425,0.5598354500000001,0.485525,0.5655249999999999,258,32,419
A0A7U0AV15,265,0.484725,0.425,0.5615971500000001,0.484725,0.564725,252,34,423
A0A0H5HAG0,266,0.483608,0.425,0.5541242000000001,0.483608,0.563608,270,39,428
F2Q846,267,0.483504,0.425,0.5563985,0.483504,0.563504,265,39,429
A0AAD2Z5G5,268,0.482656,0.425,0.5526563000000001,0.482656,0.5626559999999999,273,40,434
A0AAT9S9R9,269,0.482592,0.525,0.5430172000000001,0.482592,0.562592,292,40,435
A0A2D0PDA0,270,0.482212,0.525,0.5581734500000002,0.482212,0.5622119999999999,263,40,437
A0AAD2UW33,271,0.481512,0.425,0.5583097000000001,0.481512,0.561512,262,41,442
A0A0H5G2H5,272,0.48109,0.425,0.5551679500000001,0.48109,0.56109,268,42,445
A0A7T9XU34,273,0.48105,0.425,0.5540732500000001,0.48105,0.5610499999999999,271,42,445
A0A0T7P7W8,274,0.481037,0.425,0.5552980000000001,0.481037,0.561037,266,42,445
A1JK75,275,0.480786,0.425,0.5538993000000001,0.480786,0.560786,272,43,446
A0ABP1Y7A6,276,0.479709,0.425,0.5515612,0.479709,0.559709,274,44,452
A0ABM9S4S5,277,0.479381,0.425,0.5506966000000001,0.479381,0.559381,275,44,453
A0A7T9XU28,278,0.479307,0.425,0.5479458,0.479307,0.559307,280,44,454
A0A7U4GEA5,279,0.478699,0.425,0.5489634,0.478699,0.558699,277,44,460
A0A7U0ASF4,280,0.478691,0.425,0.5458251500000001,0.478691,0.5586909999999999,285,44,460
A1JMQ3,281,0.478182,0.425,0.5481820500000001,0.478182,0.558182,279,45,463
A0ABP1Y442,282,0.477926,0.425,0.5501686,0.477926,0.557926,276,46,465
A0A0T7PAJ5,283,0.47741,0.425,0.54433295,0.47741,0.55741,287,47,468
A0A9P1V089,284,0.475935,0.425,0.5472044500000001,0.475935,0.555935,282,50,479
A0A0H5EYN4,285,0.47294,0.425,0.54399305,0.47294,0.55294,289,61,501
A0A0H5GK90,286,0.472875,0.425,0.5472241,0.472875,0.552875,281,61,502
A0A9P1PUD9,287,0.472414,0.425,0.5439450000000001,0.472414,0.552414,290,61,504
A0A7U4K0Q6,288,0.47215,0.425,0.54425075,0.47215,0.55215,288,61,505
A0A0H5H5L7,289,0.472065,0.425,0.54593055,0.472065,0.552065,284,61,507
S5M3A2,290,0.471144,0.525,0.5273944500000001,0.471144,0.551144,308,65,517
A0A9P1PW91,291,0.471103,0.425,0.54883835,0.471103,0.551103,278,65,519
A0ABM9SIJ1,292,0.471001,0.425,0.5432044500000001,0.471001,0.551001,291,66,519
A0A7U0AT10,293,0.470822,0.425,0.5446294500000001,0.470822,0.550822,286,67,520
A0A7U0AVA4,294,0.470806,0.425,0.5351769500000001,0.470806,0.550806,299,67,520
A0A9P1PWI0,295,0.470735,0.425,0.5321257,0.470735,0.550735,302,67,520
A1JND9,296,0.469689,0.425,0.54213955,0.469689,0.549689,293,73,529
A0A0T7PAK2,297,0.469247,0.425,0.5366150000000001,0.469247,0.549247,297,73,531
A0A7U0AWS6,298,0.467953,0.425,0.5404142,0.467953,0.547953,295,81,540
A0ABP1YED8,299,0.467747,0.425,0.5352134,0.467747,0.547747,298,81,544
A0A9P1V3L8,300,0.466992,0.425,0.54068645,0.466992,0.546992,294,82,550
A0A9P1PV32,301,0.465101,0.425,0.5277764,0.465101,0.545101,307,88,564
A0A449C694,302,0.463744,0.525,0.5199944500000001,0.463744,0.543744,315,91,583
A0A7U4K153,303,0.463029,0.575,0.5235046999999999,0.463029,0.543029,312,93,591
A0A2H1X986,304,0.462491,0.525,0.53787555,0.462491,0.542491,296,95,598
A0A0H5H701,305,0.461647,0.425,0.5280754000000001,0.461647,0.541647,306,96,605
A0ABP1YGH5,306,0.46144,0.425,0.53302735,0.46144,0.54144,301,96,607
A0A9P1UYL2,307,0.460682,0.425,0.52969775,0.460682,0.540682,304,97,615
A0AAD2Z3Y9,308,0.460362,0.425,0.51769535,0.460362,0.540362,316,98,619
A0A0H5HA66,309,0.460304,0.425,0.53327535,0.460304,0.540304,300,98,619
A0A0T9PR46,310,0.459735,0.25,0.5321161000000001,0.459735,0.539735,303,102,624
A0ABM9S4S8,311,0.458854,0.425,0.5202554,0.458854,0.5388539999999999,314,106,630
A0A9P1PT68,312,0.458363,0.425,0.5290983,0.458363,0.538363,305,109,633
A0A9P1V1H6,313,0.453939,0.425,0.51743855,0.453939,0.5339389999999999,317,127,671
A0A857F0P1,314,0.451948,0.25,0.52595345,0.451948,0.531948,309,135,688
F4N727,315,0.4501,0.425,0.52410785,0.4501,0.5301,311,139,696
A0AB73QMA1,316,0.448617,0.25,0.5241182500000001,0.448617,0.528617,310,147,707
A0AAD2Z8P4,317,0.447322,0.425,0.5112948,0.447322,0.527322,321,153,719
A0A0H5LRI9,318,0.445236,0.25,0.52167185,0.445236,0.525236,313,158,730
A0A0B4ZZ77,319,0.444115,0.525,0.5035884500000001,0.444115,0.524115,331,163,734
A0AAD2UW21,320,0.441884,0.425,0.51593825,0.441884,0.521884,318,170,748
A0A0H5H5S7,321,0.440792,0.425,0.5113084000000001,0.440792,0.520792,320,174,754
A0A0T9Q3J3,322,0.437663,0.25,0.510868,0.437663,0.517663,322,185,764
A0A0T9PX62,323,0.437311,0.25,0.51030235,0.437311,0.517311,323,187,768
A0AAW7K9U6,324,0.436697,0.25,0.51327895,0.436697,0.516697,319,189,771
A0A0H3B5E1,325,0.436121,0.25,0.5052422000000001,0.436121,0.5161209999999999,327,189,774
A0A0T9QCI9,326,0.43548,0.25,0.5086320500000001,0.43548,0.5154799999999999,324,191,776
A0ABX5QXK4,327,0.434274,0.25,0.507248,0.434274,0.514274,325,196,778
A0A0T9RET2,328,0.434009,0.25,0.5042059000000001,0.434009,0.5140089999999999,330,196,779
A0AAD2Z3C0,329,0.432584,0.425,0.48976369999999997,0.432584,0.512584,373,200,782
A0ABM9Y807,330,0.431836,0.25,0.5049284500000001,0.431836,0.511836,328,201,785
A0AAV3BI89,331,0.431539,0.25,0.5047445,0.431539,0.511539,329,203,785
A0ABM9SSL7,332,0.428809,0.25,0.5007079000000001,0.428809,0.508809,336,207,791
A0ABM9TCZ7,333,0.428595,0.25,0.5058599,0.428595,0.508595,326,208,791
A0A0H3B6N5,334,0.428213,0.25,0.5007411500000001,0.428213,0.508213,335,209,791
A0AA36LLT8,335,0.42794,0.25,0.50154825,0.42794,0.50794,333,209,792
A0A0T9UVK0,336,0.427528,0.25,0.4928919500000001,0.427528,0.507528,357,211,792
A0A0T9KM81,337,0.4275,0.25,0.49452025000000005,0.4275,0.5075,352,211,792
A0ABM9Y805,338,0.426627,0.25,0.49936250000000004,0.426627,0.5066269999999999,341,215,793
A0AB73PI84,339,0.425783,0.25,0.5028145,0.425783,0.505783,332,218,795
A0A0E1NTH1,340,0.425604,0.25,0.49880909999999995,0.425604,0.5056039999999999,343,219,795
A0ABW9EXB2,341,0.425465,0.25,0.49995255,0.425465,0.5054649999999999,338,220,795
A0AB72ZKZ2,342,0.424921,0.25,0.49812639999999997,0.424921,0.504921,347,223,795
A0A0T9KX64,343,0.424167,0.25,0.501274,0.424167,0.504167,334,225,798
Q66BM0,344,0.42377,0.25,0.4980428,0.42377,0.5037699999999999,348,226,800
A0AAI8ZUU9,345,0.423715,0.25,0.49956955000000003,0.423715,0.503715,339,226,800
A0ABM6UUX5,346,0.423528,0.25,0.4973377,0.423528,0.503528,349,226,803
A0ABP2EH72,347,0.423425,0.25,0.49945,0.423425,0.503425,340,227,804
A0A0A8VKM3,348,0.423045,0.25,0.49890865,0.423045,0.503045,342,228,805
A0AA36LPU1,349,0.422967,0.25,0.49410005000000007,0.422967,0.5029669999999999,353,228,805
A0A0T9LS41,350,0.422318,0.25,0.49198865,0.422318,0.502318,359,230,807
A0A0H3B6E3,351,0.421966,0.25,0.49866075000000004,0.421966,0.501966,344,231,807
A0AB72ZMY1,352,0.421159,0.25,0.5003478,0.421159,0.501159,337,232,809
A0A0T9MH64,353,0.420777,0.25,0.49594910000000003,0.420777,0.500777,351,232,809
A0A2G4U2G2,354,0.420393,0.25,0.49171595,0.420393,0.500393,361,235,809
A0ABX5R0C5,355,0.420296,0.25,0.49837985000000007,0.420296,0.500296,346,236,809
A0ABM9XWV8,356,0.419834,0.25,0.49853520000000007,0.419834,0.499834,345,240,809
A0ABM7AH44,357,0.41982,0.25,0.49130130000000005,0.41982,0.49982000000000004,363,240,809
A0A380PQB1,358,0.419625,0.25,0.49392305000000003,0.419625,0.49962500000000004,354,240,809
A0ABY5UJG2,359,0.419267,0.25,0.4883900500000001,0.419267,0.499267,375,241,810
A0A0H3B4K0,360,0.419142,0.25,0.49648780000000003,0.419142,0.49914200000000003,350,242,810
A0AA36LNC6,361,0.418983,0.25,0.49109985000000006,0.418983,0.498983,365,242,810
A0A0T9TRC6,362,0.41881,0.25,0.49190310000000004,0.41881,0.49881000000000003,360,242,810
A0A0H3B3D7,363,0.418365,0.25,0.48940890000000004,0.418365,0.498365,374,243,812
A0A380PNY7,364,0.417724,0.25,0.48636985000000005,0.417724,0.497724,380,243,812
A0ABM6UP52,365,0.417613,0.25,0.49339705,0.417613,0.497613,356,243,812
A0A380PNE2,366,0.417606,0.25,0.48994055000000003,0.417606,0.497606,371,243,812
A0ABM9TDA6,367,0.417494,0.25,0.4907756,0.417494,0.497494,369,243,812
A0ABM9TCS0,368,0.417424,0.25,0.4910563,0.417424,0.49742400000000003,366,243,812
A0A0H5M9D5,369,0.416959,0.25,0.49200475,0.416959,0.49695900000000004,358,243,812
A0A085U5Z0,370,0.41676,0.25,0.48984990000000006,0.41676,0.49676000000000003,372,245,814
A0AAV3B8C3,371,0.416571,0.25,0.49388395,0.416571,0.49657100000000004,355,246,814
A0A0T9QDU9,372,0.416177,0.25,0.49037845,0.416177,0.49617700000000003,370,247,814
A1JQS5,373,0.416164,0.425,0.47892685000000007,0.416164,0.496164,415,247,814
A0ABW9EYQ1,374,0.416021,0.25,0.4909690500000001,0.416021,0.496021,367,247,814
A0AAX2I043,375,0.414547,0.25,0.49124180000000006,0.414547,0.494547,364,249,814
A0A208ZSG0,376,0.414236,0.25,0.4846123,0.414236,0.494236,391,250,814
A0AA90Y526,377,0.413912,0.25,0.48700220000000005,0.413912,0.493912,378,251,814
A0A380QTF7,378,0.413756,0.25,0.48564840000000004,0.413756,0.49375600000000003,384,252,815
A0A085U317,379,0.413292,0.25,0.48507665,0.413292,0.493292,388,252,815
A0A2U2GXH7,380,0.412969,0.25,0.4861739,0.412969,0.492969,383,253,815
A0ABR4W9H6,381,0.412908,0.25,0.48524265,0.412908,0.492908,387,254,816
A0AB72ZDV0,382,0.412701,0.25,0.48767770000000005,0.412701,0.492701,377,254,817
A0ABR4VWS1,383,0.412646,0.25,0.4914136,0.412646,0.49264600000000003,362,254,817
A0AB73Q5K2,384,0.412544,0.25,0.47592170000000006,0.412544,0.49254400000000004,429,254,817
A0A0T9UHA7,385,0.412456,0.25,0.48544755,0.412456,0.492456,385,254,817
A0A0U1R2N4,386,0.412186,0.25,0.48268055,0.412186,0.492186,401,254,817
A0A380PNP9,387,0.412121,0.25,0.49088905,0.412121,0.49212100000000003,368,254,817
A0A0T9QV26,388,0.412074,0.25,0.4844658,0.412074,0.492074,392,254,817
A0ABM9XUV6,389,0.411565,0.25,0.484969,0.411565,0.49156500000000003,389,254,817
A0A0T9PYB4,390,0.411365,0.25,0.48617625000000003,0.411365,0.491365,382,254,817
A0ABM6BHQ6,391,0.410698,0.25,0.48677490000000007,0.410698,0.490698,379,254,817
A0A0H3B678,392,0.410664,0.25,0.48066400000000004,0.410664,0.490664,410,254,817
A0A0U1QVC6,393,0.410585,0.25,0.48425280000000004,0.410585,0.490585,394,254,817
A0AA90XZS1,394,0.410372,0.25,0.4838599,0.410372,0.49037200000000003,396,254,818
A0A0H3B1B9,395,0.410155,0.25,0.48108885,0.410155,0.490155,408,254,818
A0AB73Q656,396,0.409821,0.25,0.4818006,0.409821,0.489821,405,254,818
A0A209A9L1,397,0.409703,0.25,0.48112340000000003,0.409703,0.489703,407,254,818
A0ABM5UHV5,398,0.40959,0.25,0.4877097,0.40959,0.48959,376,254,818
A0AB72ZL33,399,0.409542,0.25,0.48623720000000004,0.409542,0.48954200000000003,381,255,818
A0A2G4TYK3,400,0.40942,0.25,0.4842154000000001,0.40942,0.48942,395,257,818
A0ABR4W5R8,401,0.409349,0.25,0.48474845,0.409349,0.48934900000000003,390,257,818
A0A0A8VDN9,402,0.409254,0.25,0.47211080000000005,0.409254,0.489254,458,257,819
A0AAI8ZVG7,403,0.409108,0.25,0.4843715,0.409108,0.48910800000000004,393,257,819
A0A0H5MHG7,404,0.408611,0.25,0.48370375,0.408611,0.488611,397,259,819
A0AAX2I0L3,405,0.408596,0.25,0.48226360000000007,0.408596,0.48859600000000003,403,259,819
A0AA36PIC1,406,0.408425,0.25,0.48086435000000005,0.408425,0.488425,409,259,820
A0AAV3BAT5,407,0.40821,0.25,0.48339990000000005,0.40821,0.48821000000000003,399,260,820
A0ABM6UW81,408,0.407722,0.25,0.48135465000000005,0.407722,0.487722,406,260,820
A0ABX5R0V5,409,0.407373,0.25,0.47141235000000004,0.407373,0.487373,462,261,820
A0A0T9MSU1,410,0.407296,0.25,0.47843885,0.407296,0.487296,416,261,820
A0ABP1Z8F7,411,0.406648,0.25,0.47812945,0.406648,0.486648,418,264,820
A0AB73QHN9,412,0.406601,0.25,0.47494545,0.406601,0.486601,437,264,820
A0AB73NKW1,413,0.406504,0.25,0.47729305000000005,0.406504,0.486504,424,264,820
A0AAV3B8C2,414,0.406497,0.25,0.4662986,0.406497,0.486497,498,264,820
A0AB73PP81,415,0.406341,0.25,0.48063255000000005,0.406341,0.486341,411,264,820
A0A0T9LN66,416,0.406309,0.25,0.48535405000000004,0.406309,0.486309,386,264,820
A0ABM7AGN3,417,0.405833,0.25,0.48244245,0.405833,0.485833,402,264,820
A0ABM5U8M7,418,0.405652,0.25,0.4776384000000001,0.405652,0.48565200000000003,421,264,820
A0ABN4CNM4,419,0.405603,0.25,0.47326524999999997,0.405603,0.485603,448,264,820
A0A0T9RQ76,420,0.405461,0.25,0.4836209000000001,0.405461,0.48546100000000003,398,265,820
A0ABX6FH78,421,0.405307,0.25,0.47999965,0.405307,0.485307,414,265,820
A0A380PNA2,422,0.404882,0.25,0.4802812,0.404882,0.48488200000000004,412,265,820
A0AA44I1R7,423,0.404769,0.25,0.47797425,0.404769,0.484769,419,265,820
A0ABP2DZT0,424,0.404223,0.25,0.48197495000000007,0.404223,0.484223,404,266,820
A0ABY5UX71,425,0.404066,0.25,0.48281280000000004,0.404066,0.484066,400,266,821
A0AB73QFS4,426,0.403876,0.25,0.4728558500000001,0.403876,0.48387600000000003,453,266,821
A0A380PUT3,427,0.403779,0.25,0.48019310000000004,0.403779,0.483779,413,266,821
A0A085U7Z9,428,0.403699,0.25,0.47656895,0.403699,0.483699,427,266,821
A0A208ZSG3,429,0.40352,0.25,0.47172535000000004,0.40352,0.48352,459,267,821
A0ABM9TGV0,430,0.403441,0.25,0.4767747,0.403441,0.483441,425,268,821
A0AA44CPT5,431,0.403161,0.25,0.4736896500000001,0.403161,0.483161,442,268,821
A0A0T9KLV1,432,0.403068,0.25,0.47281415000000004,0.403068,0.483068,455,268,821
A0ABW9ETP4,433,0.40303,0.25,0.4729044500000001,0.40303,0.48303,452,268,821
A0A0E1NNL7,434,0.402858,0.25,0.47550305000000004,0.402858,0.482858,432,268,821
A0A0U1QWC7,435,0.402625,0.25,0.47519345,0.402625,0.482625,434,269,821
A0ABM9STX9,436,0.402522,0.25,0.4746048000000001,0.402522,0.482522,439,270,821
A0A380QTH7,437,0.402499,0.25,0.47842720000000005,0.402499,0.482499,417,270,821
A0ABM6UUN8,438,0.4018,0.25,0.47338775000000005,0.4018,0.4818,446,271,822
A0A2G4U293,439,0.401709,0.25,0.47555505000000003,0.401709,0.481709,431,271,822
A0ABM5SR09,440,0.401682,0.25,0.47674150000000004,0.401682,0.481682,426,271,822
Q666T9,441,0.401674,0.25,0.4715799,0.401674,0.481674,461,271,822
A0A0T9QEA5,442,0.401638,0.25,0.4660086,0.401638,0.481638,502,271,822
A0AA44CIX0,443,0.401313,0.25,0.46535295,0.401313,0.481313,508,272,822
A0ABM7ANK9,444,0.40124,0.25,0.47793515000000003,0.40124,0.48124,420,272,822
A0ABR4VY47,445,0.401236,0.25,0.47167095,0.401236,0.481236,460,272,822
A0A0H2W1J5,446,0.400794,0.25,0.47446175,0.400794,0.480794,440,275,822
A0AB73PZQ4,447,0.400691,0.25,0.46804170000000006,0.400691,0.48069100000000003,487,276,822
A0ABP1YSK3,448,0.400342,0.25,0.4707182000000001,0.400342,0.480342,466,276,822
A0AAW7JSQ1,449,0.400197,0.25,0.47353065000000005,0.400197,0.48019700000000004,443,276,822
A0ABM9YBE2,450,0.400156,0.25,0.47561005000000006,0.400156,0.480156,430,276,822
A0ABM9TGR4,451,0.399959,0.25,0.47309815000000005,0.399959,0.479959,449,276,822
A0ABY5UV58,452,0.399714,0.25,0.47467940000000003,0.399714,0.47971400000000003,438,276,822
A0ABP1ZGZ5,453,0.399475,0.25,0.47292320000000004,0.399475,0.47947500000000004,451,277,822
A0A0H2YKF3,454,0.39937,0.25,0.47303755000000003,0.39937,0.47937,450,278,822
A0AA44CIM3,455,0.399194,0.25,0.47345990000000004,0.399194,0.479194,445,279,822
Q66BC8,456,0.399146,0.25,0.47739185000000006,0.399146,0.479146,423,279,822
A0ABM9SZ95,457,0.399138,0.25,0.4774318500000001,0.399138,0.479138,422,279,822
A0AA36LM82,458,0.399095,0.25,0.4752747,0.399095,0.479095,433,279,822
A0AB73PEI7,459,0.398911,0.25,0.47625745,0.398911,0.47891100000000003,428,279,823
A0A380PP39,460,0.398743,0.25,0.4687432000000001,0.398743,0.47874300000000003,480,279,824
A0A0T9RKA1,461,0.398436,0.25,0.47002360000000004,0.398436,0.47843600000000003,469,281,824
A0A0H3B6E0,462,0.398432,0.25,0.47137275000000006,0.398432,0.478432,463,281,824
A0ABM5U8N2,463,0.398355,0.25,0.46840555000000006,0.398355,0.47835500000000003,483,281,824
A0ABW9EWX0,464,0.39812,0.25,0.4695249,0.39812,0.47812,473,282,824
A0ABP1Y7W3,465,0.39805,0.25,0.47347690000000003,0.39805,0.47805000000000003,444,282,824
A0ABN4PWA2,466,0.397752,0.25,0.46844015,0.397752,0.477752,482,283,824
A0ABM5UH14,467,0.397693,0.25,0.47082525000000003,0.397693,0.47769300000000003,465,283,824
A0A0T9KKA0,468,0.397649,0.25,0.47003215,0.397649,0.477649,468,283,824
Q66CW5,469,0.397297,0.25,0.46941345000000007,0.397297,0.477297,475,284,824
A0A380Q814,470,0.397207,0.25,0.47512180000000004,0.397207,0.477207,435,284,824
A0A0E1NX19,471,0.397132,0.25,0.46389485,0.397132,0.477132,521,284,824
A0ABM9Y7R4,472,0.396778,0.25,0.47501615,0.396778,0.47677800000000004,436,284,824
A0ABN4PV81,473,0.39671,0.25,0.46671015000000005,0.39671,0.47671,495,284,824
A0ABM7ALJ4,474,0.396653,0.25,0.46714740000000005,0.396653,0.476653,493,284,824
A0A857EWU7,475,0.396414,0.25,0.46919175,0.396414,0.476414,476,284,824
A0A0T9UMM8,476,0.396348,0.25,0.4689695,0.396348,0.476348,478,284,824
A0A0A8VIE2,477,0.396337,0.25,0.46562310000000007,0.396337,0.476337,504,284,824
A0ABP1YWJ1,478,0.395954,0.25,0.4618999000000001,0.395954,0.475954,534,284,824
A0A0H3AWU3,479,0.395951,0.25,0.4677923500000001,0.395951,0.475951,489,284,824
A0AA90XTP7,480,0.395927,0.25,0.4689188,0.395927,0.475927,479,285,824
A0ABR4W506,481,0.395882,0.25,0.47408469999999997,0.395882,0.475882,441,285,824
A0A0T9KYN8,482,0.395829,0.25,0.47335795,0.395829,0.475829,447,285,824
A0A0E1NTB1,483,0.395797,0.25,0.472492,0.395797,0.475797,456,285,824
A0AAW7JU40,484,0.395712,0.25,0.4682631500000001,0.395712,0.475712,484,285,824
A0ABM5U8P4,485,0.395264,0.25,0.4682336,0.395264,0.475264,485,285,824
A0ABM9TMK5,486,0.395018,0.25,0.47283805,0.395018,0.475018,454,285,824
A0AA36LQN9,487,0.394863,0.25,0.46738240000000003,0.394863,0.47486300000000004,490,285,824
A0ABR4W522,488,0.394618,0.25,0.46998265000000006,0.394618,0.47461800000000004,470,285,824
A0AB73P4D7,489,0.394589,0.25,0.46496485,0.394589,0.47458900000000004,513,285,824
A0A380Q9X7,490,0.39451,0.25,0.46801860000000006,0.39451,0.47451000000000004,488,285,824
A0AAW7K6S3,491,0.394465,0.25,0.4630362,0.394465,0.474465,528,285,824
A0A0T9PX89,492,0.394156,0.25,0.47227530000000006,0.394156,0.474156,457,285,825
A0A0T9LN06,493,0.394146,0.25,0.46732025,0.394146,0.474146,491,285,825
A0A0T9KYN4,494,0.394062,0.25,0.46127,0.394062,0.47406200000000004,539,285,825
A0ABM9TUX3,495,0.393752,0.25,0.4695211,0.393752,0.473752,474,285,825
A0AA44CIL6,496,0.393745,0.25,0.4713055500000001,0.393745,0.473745,464,285,825
A0A0U1QX07,497,0.393583,0.25,0.46657465000000004,0.393583,0.47358300000000003,497,285,825
A0A380Q7B5,498,0.393252,0.25,0.46603005000000003,0.393252,0.473252,501,285,825
A0A208ZGJ0,499,0.393205,0.25,0.46989555000000005,0.393205,0.47320500000000004,471,285,825
A0A0T9LN23,500,0.393088,0.25,0.4671655,0.393088,0.473088,492,285,825
A0ABM6UP56,501,0.393058,0.25,0.4640443000000001,0.393058,0.47305800000000003,520,285,825
A0A0T9QDA1,502,0.392913,0.25,0.46562230000000004,0.392913,0.47291300000000003,505,286,825
Q666U1,503,0.392527,0.25,0.4592273500000001,0.392527,0.47252700000000003,554,287,826
A0ABM7ANU6,504,0.392517,0.25,0.46463345,0.392517,0.472517,515,287,826
A0AAV3BFB4,505,0.392409,0.25,0.4650541,0.392409,0.472409,512,288,826
A0AA44I1K4,506,0.392109,0.25,0.46908925,0.392109,0.472109,477,289,826
A0AB73Q1P8,507,0.392073,0.25,0.46540615,0.392073,0.472073,507,289,826
A0A0H2YL52,508,0.391932,0.25,0.46862765,0.391932,0.471932,481,290,826
A0A0T9QE48,509,0.391842,0.25,0.46423595000000006,0.391842,0.47184200000000004,518,290,826
Q66CW9,510,0.391825,0.25,0.46460255000000006,0.391825,0.471825,516,290,826
A0ABM6UNY3,511,0.391747,0.25,0.46626890000000004,0.391747,0.471747,500,290,826
A0ABX5R0U9,512,0.391704,0.25,0.46517410000000003,0.391704,0.471704,510,290,826
A0A0H3AYM7,513,0.39163,0.25,0.46543715,0.39163,0.47163,506,290,826
A0A0T9UM98,514,0.391608,0.25,0.46448755,0.391608,0.471608,517,290,826
A0ABR4W6F7,515,0.391509,0.25,0.46150905,0.391509,0.471509,538,290,826
A0A0H2Y6N9,516,0.391493,0.25,0.4651613,0.391493,0.471493,511,290,826
A0AA44CKU4,517,0.391423,0.25,0.46116685,0.391423,0.47142300000000004,540,290,826
A0ABW9EXU6,518,0.391125,0.25,0.4635059,0.391125,0.471125,526,291,826
A0A0H3B0A7,519,0.39112,0.25,0.46528615000000006,0.39112,0.47112000000000004,509,291,826
Q66BF1,520,0.390975,0.25,0.46357215000000007,0.390975,0.47097500000000003,525,293,826
A0AB73NKK6,521,0.390642,0.25,0.4701766500000001,0.390642,0.470642,467,296,826
A0ABM6UX29,522,0.390619,0.25,0.45882425000000004,0.390619,0.470619,555,296,826
A0A380Q8N6,523,0.390594,0.25,0.4696754,0.390594,0.470594,472,296,826
A0ABX6FD19,524,0.390456,0.25,0.462864,0.390456,0.47045600000000004,530,296,826
A0A857EWT6,525,0.390155,0.25,0.45777400000000007,0.390155,0.470155,567,296,826
A0ABP1ZEA7,526,0.390146,0.25,0.45253025,0.390146,0.470146,606,296,826
A0A380Q4G1,527,0.389976,0.25,0.4647375,0.389976,0.469976,514,296,826
A0ABN4FAB0,528,0.389794,0.25,0.45780775000000007,0.389794,0.469794,566,296,826
Q66BC4,529,0.389717,0.25,0.46668345000000006,0.389717,0.469717,496,296,826
A0ABY5UJR0,530,0.389659,0.25,0.4662742,0.389659,0.469659,499,297,826
A0A0T9LR98,531,0.389532,0.25,0.46317805,0.389532,0.469532,527,297,826
A0ABX5QYD3,532,0.389224,0.25,0.44749520000000004,0.389224,0.46922400000000003,650,298,826
A0AB73NQS2,533,0.388891,0.25,0.46034970000000003,0.388891,0.468891,550,298,826
A0A0T9N2B7,534,0.388861,0.25,0.46362275000000003,0.388861,0.468861,523,298,826
A0AAI8ZTY6,535,0.388736,0.25,0.46384225,0.388736,0.46873600000000004,522,298,826
A0ABP1YVJ3,536,0.388706,0.25,0.46359710000000004,0.388706,0.468706,524,298,826
A0ABM6UTV9,537,0.388653,0.25,0.46185800000000005,0.388653,0.46865300000000004,535,298,826
A0A0T9Q3M1,538,0.3886,0.25,0.4681501,0.3886,0.4686,486,298,826
A0A857F2M2,539,0.388534,0.25,0.45224235000000007,0.388534,0.468534,608,298,826
Q8D1M8,540,0.388231,0.25,0.46694530000000006,0.388231,0.468231,494,298,826
A0A0T9PT88,541,0.387931,0.25,0.46006175000000005,0.387931,0.46793100000000004,552,299,826
A0A0T9KM71,542,0.387858,0.25,0.45785750000000003,0.387858,0.467858,565,299,826
A0A0T9RK55,543,0.387768,0.25,0.4615495,0.387768,0.467768,537,299,826
A0A5P8YE56,544,0.387754,0.25,0.4603991,0.387754,0.467754,549,299,826
A0A0T9QGW8,545,0.387719,0.25,0.46574970000000004,0.387719,0.467719,503,300,826
A0ABP1ZLC4,546,0.387718,0.25,0.45506925000000004,0.387718,0.467718,588,300,826
A0A0T9QY81,547,0.387428,0.25,0.46079375000000006,0.387428,0.467428,544,300,826
A0ABR4W4S9,548,0.387398,0.25,0.45075035,0.387398,0.46739800000000004,621,300,826
A0ABM5U8N9,549,0.387396,0.25,0.4556888,0.387396,0.46739600000000003,582,300,826
A0AA36PLD9,550,0.387053,0.25,0.4575692,0.387053,0.467053,569,300,826
A0ABX6F3U1,551,0.386882,0.25,0.4547489500000001,0.386882,0.466882,591,301,826
A0A0H2W3V2,552,0.386802,0.25,0.464067,0.386802,0.466802,519,301,826
A0AA36LNQ9,553,0.386683,0.25,0.460744,0.386683,0.466683,546,301,826
A0A2G4U6E8,554,0.386668,0.25,0.45718415,0.386668,0.466668,572,301,826
A0ABN4CUZ1,555,0.386604,0.25,0.46178355000000004,0.386604,0.466604,536,301,826
A0ABW9EZG0,556,0.386337,0.25,0.46069455000000004,0.386337,0.466337,547,301,826
A0A0U1QUW3,557,0.386286,0.25,0.45840200000000003,0.386286,0.46628600000000003,560,301,826
A0ABX6F9M0,558,0.386244,0.25,0.4549481,0.386244,0.466244,590,301,826
A0ABN4F8Y2,559,0.385918,0.25,0.46097735000000006,0.385918,0.465918,541,301,826
A0AA90XTS9,560,0.385716,0.25,0.4571715500000001,0.385716,0.465716,573,301,826
A0AA44CL49,561,0.385659,0.25,0.46020425000000004,0.385659,0.465659,551,301,826
A0AA36LIH7,562,0.385485,0.25,0.45138125000000007,0.385485,0.46548500000000004,615,301,826
A0A0T9KXM0,563,0.385322,0.25,0.44755825000000005,0.385322,0.465322,649,301,826
Q66BN2,564,0.385319,0.25,0.45841200000000004,0.385319,0.46531900000000004,559,301,826
A0ABM9XUU0,565,0.385087,0.25,0.4600444500000001,0.385087,0.46508700000000003,553,302,826
A0ABP2DXX8,566,0.38498,0.25,0.45630305,0.38498,0.46498,577,302,826
A0A208ZSF8,567,0.384948,0.25,0.44691010000000003,0.384948,0.46494800000000003,653,302,826
A0A208ZSS5,568,0.384828,0.25,0.45412125,0.384828,0.464828,593,302,826
A0A380PTJ1,569,0.384682,0.25,0.46288429999999997,0.384682,0.46468200000000004,529,302,826
A0AA36LSX5,570,0.384647,0.25,0.45809505000000006,0.384647,0.46464700000000003,562,302,826
A0A0T9PTD3,571,0.384574,0.25,0.46228575,0.384574,0.46457400000000004,532,302,826
A0ABM6BHL4,572,0.384349,0.25,0.45743865000000006,0.384349,0.464349,571,302,827
A0AA36PL17,573,0.384332,0.25,0.44861730000000005,0.384332,0.464332,641,302,827
A0A380Q3T2,574,0.384328,0.25,0.45801565000000005,0.384328,0.464328,563,302,827
A0A0T9PR09,575,0.384303,0.25,0.4451722000000001,0.384303,0.464303,668,302,827
A0A2G4U6D9,576,0.384267,0.25,0.4567222,0.384267,0.46426700000000004,576,302,827
A0ABP1Z7N4,577,0.384235,0.25,0.45555365000000003,0.384235,0.464235,583,302,827
A0ABM9SY22,578,0.384202,0.25,0.462496,0.384202,0.464202,531,302,827
A0AAV3BFY5,579,0.384176,0.25,0.46087120000000004,0.384176,0.46417600000000003,542,302,827
A0ABM9TCW2,580,0.384117,0.25,0.45623345000000004,0.384117,0.464117,578,302,827
B6CGX2,581,0.384062,0.25,0.4607546,0.384062,0.46406200000000003,545,302,827
A0A380PPA0,582,0.384002,0.25,0.44903550000000003,0.384002,0.464002,638,302,827
A0A2G4U294,583,0.383803,0.25,0.45792645000000004,0.383803,0.463803,564,302,827
A0ABX6F8L7,584,0.383743,0.25,0.44825950000000003,0.383743,0.463743,643,303,827
A0A0T9QCY7,585,0.383654,0.25,0.46052630000000006,0.383654,0.463654,548,303,827
A0ABN4PWW7,586,0.383652,0.25,0.45315990000000006,0.383652,0.463652,602,303,827
A0ABM6BJY1,587,0.38365,0.25,0.44570300000000007,0.38365,0.46365,661,303,827
A0A0H3B5G2,588,0.383282,0.25,0.45431630000000006,0.383282,0.463282,592,303,827
A0ABM5Q137,589,0.383277,0.25,0.45548945,0.383277,0.463277,584,303,827
A0ABM5SKZ0,590,0.383222,0.25,0.45520455000000004,0.383222,0.463222,587,303,827
A0A0U1QW74,591,0.383134,0.25,0.46084515,0.383134,0.463134,543,303,827
A0ABY5UJQ0,592,0.383013,0.25,0.4622772,0.383013,0.463013,533,304,827
A0A0U1HX05,593,0.382855,0.25,0.44496035000000006,0.382855,0.462855,671,304,827
A0AAX2HZP5,594,0.382713,0.25,0.45535870000000006,0.382713,0.46271300000000004,585,304,827
A0A0T9KKF4,595,0.382656,0.25,0.4560619,0.382656,0.462656,579,304,827
A0A0T9QHF4,596,0.382638,0.25,0.45187675000000005,0.382638,0.462638,611,304,827
A0A0U1R055,597,0.382562,0.25,0.45868700000000007,0.382562,0.46256200000000003,557,304,827
A0AB72ZSW9,598,0.382526,0.25,0.44268465,0.382526,0.462526,684,304,827
A0A2A7VG50,599,0.382381,0.25,0.4535959500000001,0.382381,0.46238100000000004,597,305,827
A0ABM5Q0I6,600,0.382347,0.25,0.45525735,0.382347,0.462347,586,305,827
A0A380PP26,601,0.382078,0.25,0.45347085,0.382078,0.462078,599,305,827
A0ABM5UGZ3,602,0.38202,0.25,0.45845654999999996,0.38202,0.46202000000000004,558,305,827
A0ABM9TW88,603,0.38181,0.25,0.44789745000000003,0.38181,0.46181,645,305,827
A0ABP1YW71,604,0.381771,0.25,0.45391835,0.381771,0.46177100000000004,594,305,827
A0A0T9QDB9,605,0.381769,0.25,0.44779525000000003,0.381769,0.46176900000000004,647,305,827
A0ABP2E2L7,606,0.381541,0.25,0.45047755,0.381541,0.46154100000000003,622,306,827
A0ABM9Y7W9,607,0.381511,0.25,0.4501952,0.381511,0.461511,627,306,827
A0ABW9EY82,608,0.381328,0.25,0.4456992,0.381328,0.461328,662,307,827
A0AA44CMJ6,609,0.381269,0.25,0.45703115,0.381269,0.46126900000000004,575,307,827
A0AB73P877,610,0.381252,0.25,0.45223270000000004,0.381252,0.461252,609,307,827
A0AA90XYJ4,611,0.381199,0.25,0.44556945000000003,0.381199,0.461199,665,307,827
A0ABM9XWU7,612,0.381191,0.25,0.45388235000000005,0.381191,0.461191,595,307,827
A0A0T9N293,613,0.381119,0.25,0.45377400000000007,0.381119,0.461119,596,307,827
A0AB73NNK1,614,0.381003,0.25,0.4533863,0.381003,0.461003,600,307,827
A0AA44CQ33,615,0.38077,0.25,0.4511768500000001,0.38077,0.46077,617,307,827
A0ABW9ETP1,616,0.380646,0.25,0.44487680000000007,0.380646,0.460646,672,308,827
A0ABR4W680,617,0.380587,0.25,0.45707995,0.380587,0.460587,574,308,827
A0A0T9RK20,618,0.380484,0.25,0.45260025000000004,0.380484,0.460484,605,308,827
A0A380PRV1,619,0.380435,0.25,0.4557995,0.380435,0.46043500000000004,581,308,827
A0A0T9KKH2,620,0.380289,0.25,0.45820345000000007,0.380289,0.460289,561,310,827
A0A380QJL7,621,0.380281,0.25,0.45875805000000003,0.380281,0.460281,556,310,827
A0ABM6BJA0,622,0.380204,0.25,0.45264270000000006,0.380204,0.460204,604,310,827
A0A0H3B592,623,0.38018,0.25,0.4531717500000001,0.38018,0.46018000000000003,601,310,827
A0ABN4H4Y5,624,0.379974,0.25,0.4549502,0.379974,0.459974,589,310,827
A0A0T9TRH4,625,0.37967,0.25,0.45750755000000004,0.37967,0.45967,570,311,827
A0ABM6BHF9,626,0.37961,0.25,0.4504038,0.37961,0.45961,624,311,827
A0A209AAW7,627,0.379351,0.25,0.45152464999999997,0.379351,0.459351,614,311,827
A0AA91BG92,628,0.379148,0.25,0.4529579,0.379148,0.459148,603,311,827
A0A380Q9K9,629,0.379078,0.25,0.44404625000000003,0.379078,0.45907800000000004,675,311,827
A0ABM5SPQ0,630,0.378889,0.25,0.45765700000000004,0.378889,0.458889,568,311,827
A0ABM5ST74,631,0.378851,0.25,0.4479272,0.378851,0.458851,644,312,827
A0AAV3BFT4,632,0.378652,0.25,0.45232005000000003,0.378652,0.458652,607,312,827
Q66BC6,633,0.378503,0.25,0.44552295000000003,0.378503,0.458503,666,312,827
A0A0T9RLX7,634,0.378077,0.25,0.4496992,0.378077,0.458077,632,313,827
A0ABN4CQH5,635,0.378023,0.25,0.45593760000000005,0.378023,0.458023,580,313,827
A0AB73Q5E6,636,0.377988,0.25,0.44986325000000005,0.377988,0.457988,630,313,827
A0A0U1QXU2,637,0.377707,0.25,0.44983695,0.377707,0.45770700000000003,631,313,827
A0AB73PBS8,638,0.377526,0.25,0.45117685,0.377526,0.457526,618,313,827
A0ABM5Q1D7,639,0.377512,0.25,0.45117965,0.377512,0.45751200000000003,616,313,827
A0ABP1Z8M7,640,0.377448,0.25,0.44394455000000005,0.377448,0.457448,677,313,827
A0A380QDK2,641,0.377355,0.25,0.44994095000000006,0.377355,0.457355,629,313,827
Q7CIG2,642,0.376944,0.25,0.44370695000000004,0.376944,0.456944,678,313,827
A0ABP2ED01,643,0.376766,0.25,0.44080590000000003,0.376766,0.456766,694,313,827
A0ABX5QZM3,644,0.376687,0.25,0.44681215,0.376687,0.456687,655,313,827
A0ABM9ST81,645,0.37665,0.25,0.4392033,0.37665,0.45665,704,313,827
A0AB73NFU9,646,0.376628,0.25,0.447085,0.376628,0.45662800000000003,651,313,827
A0AA44CIR8,647,0.376543,0.25,0.4465902,0.376543,0.45654300000000003,658,313,827
A0ABP1Y756,648,0.376476,0.25,0.44778070000000003,0.376476,0.456476,648,313,827
Q66BM2,649,0.376442,0.25,0.44048175,0.376442,0.456442,695,313,827
A0AAX2I0V1,650,0.376418,0.25,0.44962265000000007,0.376418,0.456418,633,313,827
A0ABM5UH09,651,0.376365,0.25,0.45174205,0.376365,0.456365,612,313,827
A0A0T9UVW1,652,0.376363,0.25,0.4503536,0.376363,0.456363,625,313,827
A0A0T9KME1,653,0.37629,0.25,0.44679840000000004,0.37629,0.45629000000000003,656,313,827
A0A0T9RC84,654,0.376272,0.25,0.45167005000000005,0.376272,0.456272,613,313,827
A0ABM9XX67,655,0.376204,0.25,0.45022465,0.376204,0.456204,626,313,827
A0A0T9KKM2,656,0.37617,0.25,0.44689915,0.37617,0.45617,654,313,827
A0ABM5PZP9,657,0.376166,0.25,0.44097105000000003,0.376166,0.456166,693,313,827
A0ABP2EGX4,658,0.376144,0.25,0.4466736,0.376144,0.456144,657,313,827
A0AB73NNV4,659,0.376142,0.25,0.45358305000000004,0.376142,0.456142,598,313,827
A0A0T9PN75,660,0.376137,0.25,0.44889555000000003,0.376137,0.456137,640,313,827
A0AB72ZRU6,661,0.376022,0.25,0.4522056,0.376022,0.45602200000000004,610,313,827
A0ABW9EZJ2,662,0.375987,0.25,0.45040405,0.375987,0.45598700000000003,623,313,827
A0AB73PN87,663,0.375833,0.25,0.4424348,0.375833,0.455833,688,313,827
A0A0T9RLI7,664,0.375821,0.25,0.44631575000000007,0.375821,0.45582100000000003,659,313,827
A0ABM6BKQ9,665,0.375722,0.25,0.4484348,0.375722,0.455722,642,313,827
A0A0T9KM28,666,0.375426,0.25,0.44504560000000004,0.375426,0.455426,669,313,827
A0ABM9SYN9,667,0.374959,0.25,0.4425548,0.374959,0.454959,686,313,827
Q66CW3,668,0.374911,0.25,0.44785255,0.374911,0.454911,646,313,827
A0AB73NNI1,669,0.374442,0.25,0.4447734,0.374442,0.454442,673,313,827
Q66CW8,670,0.374417,0.25,0.4511118,0.374417,0.454417,619,313,827
A0ABM9TBF6,671,0.374115,0.25,0.44567275000000006,0.374115,0.454115,663,313,827
A0AAW7K4V6,672,0.373517,0.25,0.4492245,0.373517,0.453517,634,314,827
A0ABM6UUY9,673,0.37349,0.25,0.4456061,0.37349,0.45349,664,314,827
A0ABM9SSJ6,674,0.373381,0.25,0.45004795000000003,0.373381,0.45338100000000003,628,314,827
A0ABM6BHZ0,675,0.373374,0.25,0.4391568,0.373374,0.453374,705,314,827
A0A0T9P2Y6,676,0.373322,0.25,0.43961870000000003,0.373322,0.453322,702,314,827
A0ABM9TZ37,677,0.373319,0.25,0.43893305000000005,0.373319,0.453319,708,314,827
A0AA36LM41,678,0.373225,0.25,0.44913040000000004,0.373225,0.453225,635,314,827
A0ABP1ZYM0,679,0.373211,0.25,0.4469926000000001,0.373211,0.45321100000000003,652,314,827
A0A380QV68,680,0.373052,0.25,0.44625675,0.373052,0.453052,660,314,827
A0A380QB56,681,0.372927,0.25,0.4375934,0.372927,0.452927,714,314,827
A0ABP1Y4A2,682,0.372874,0.25,0.4449702000000001,0.372874,0.452874,670,314,827
A0AA44HZF8,683,0.372854,0.25,0.4490245,0.372854,0.45285400000000003,639,314,827
A0ABM5Q168,684,0.372381,0.25,0.4507855,0.372381,0.45238100000000003,620,314,827
A0A0T9UVB9,685,0.372348,0.25,0.44021685000000005,0.372348,0.45234800000000003,697,314,827
A0A0K1H0L3,686,0.372236,0.25,0.4429031,0.372236,0.452236,681,314,827
A0AA44CIT3,687,0.372001,0.25,0.4404702,0.372001,0.45200100000000004,696,314,827
A0ABM9SWE1,688,0.37199,0.25,0.44518185,0.37199,0.45199,667,314,827
A0A380PNK7,689,0.371248,0.25,0.44168325,0.371248,0.45124800000000004,690,315,827
A0A0T9RLY2,690,0.371171,0.25,0.44908595,0.371171,0.451171,636,315,827
A0AA36PKW6,691,0.371085,0.25,0.43512445,0.371085,0.451085,724,315,827
A0A0T9UVI4,692,0.370782,0.25,0.4490760000000001,0.370782,0.450782,637,315,827
A0AA36LMJ6,693,0.370674,0.25,0.44252575000000005,0.370674,0.450674,687,315,827
A0ABX5QZN1,694,0.370613,0.25,0.44436305,0.370613,0.45061300000000004,674,315,827
A0A208ZGJ5,695,0.370433,0.25,0.43287165,0.370433,0.45043300000000003,738,315,827
A0A857F0P9,696,0.370224,0.25,0.44120995,0.370224,0.450224,692,315,827
A0A0T9KLZ3,697,0.370006,0.25,0.44365685000000005,0.370006,0.450006,679,316,827
A0A0T9TRJ0,698,0.369757,0.25,0.4328038,0.369757,0.449757,740,316,827
A0ABM7ANH7,699,0.369608,0.25,0.43601295000000007,0.369608,0.449608,721,316,827
A0ABN5RBQ6,700,0.369558,0.25,0.44276325,0.369558,0.449558,683,316,827
A0A0T9RKV0,701,0.369481,0.25,0.4300602,0.369481,0.449481,746,316,827
A0A0T9UMV0,702,0.369434,0.25,0.43314295,0.369434,0.449434,736,316,827
A0ABX5QZY2,703,0.369378,0.25,0.43801665,0.369378,0.449378,711,316,827
A0A0T9KZA2,704,0.369316,0.25,0.44143195,0.369316,0.449316,691,316,827
A0AB72ZN12,705,0.369206,0.25,0.44287405,0.369206,0.449206,682,316,827
A0ABN4F2B0,706,0.368844,0.25,0.4306347,0.368844,0.448844,745,316,827
A0ABN4PY35,707,0.368625,0.25,0.4372631,0.368625,0.448625,715,316,827
A0A380PRL5,708,0.368191,0.25,0.44004275000000004,0.368191,0.448191,700,317,827
A0ABM6UNY7,709,0.368103,0.25,0.43280505,0.368103,0.44810300000000003,739,317,827
A0A380PNL7,710,0.368041,0.25,0.44397275,0.368041,0.448041,676,317,827
A0A0T9UVN8,711,0.367901,0.25,0.4269195,0.367901,0.447901,757,317,827
A0A0T9QEH2,712,0.367885,0.25,0.44305715000000007,0.367885,0.44788500000000003,680,317,827
A0A2R4NRD1,713,0.367745,0.25,0.4326725,0.367745,0.447745,741,317,827
A0AA36LLP1,714,0.367502,0.25,0.43674755,0.367502,0.447502,717,317,827
A0AB73Q6N8,715,0.367471,0.25,0.43426575,0.367471,0.447471,729,317,827
A0ABW9EZD5,716,0.367462,0.25,0.42819090000000004,0.367462,0.447462,753,317,827
A0ABM9TKC9,717,0.367443,0.25,0.43957965000000004,0.367443,0.44744300000000004,703,317,827
A0ABX5QX18,718,0.367377,0.25,0.43978420000000007,0.367377,0.447377,701,317,827
A0AAV3BF90,719,0.367326,0.25,0.43408880000000005,0.367326,0.447326,731,317,827
A0A0T9QWS2,720,0.367069,0.25,0.44171975,0.367069,0.447069,689,318,827
A0ABP1YDG7,721,0.367039,0.25,0.44265665000000004,0.367039,0.447039,685,318,827
A0ABR4W6J9,722,0.367023,0.25,0.43566925000000006,0.367023,0.447023,723,318,827
A0A0T9UVJ2,723,0.366831,0.25,0.44020480000000006,0.366831,0.44683100000000003,698,318,827
A0A0T9RMJ4,724,0.366828,0.25,0.43892890000000007,0.366828,0.446828,709,318,827
A0A0T9RLS7,725,0.366573,0.25,0.43911505,0.366573,0.446573,707,318,827
A0ABP1YU38,726,0.36636,0.25,0.4401628,0.36636,0.44636000000000003,699,318,827
A0A0T9UMT9,727,0.365699,0.25,0.4376602,0.365699,0.445699,713,318,827
A0ABN4PP01,728,0.365686,0.25,0.43568615000000005,0.365686,0.445686,722,318,827
A0A0T9QQ84,729,0.365591,0.25,0.42472180000000004,0.365591,0.445591,768,318,827
A0A0H5LRG1,730,0.365541,0.25,0.42626985,0.365541,0.445541,760,318,827
A0A0H5LRI4,731,0.365157,0.25,0.43911895,0.365157,0.445157,706,319,827
A0A0T9QYU5,732,0.364692,0.25,0.43617350000000005,0.364692,0.44469200000000003,719,319,827
A0A0T9KZ32,733,0.364503,0.25,0.43877695000000005,0.364503,0.44450300000000004,710,319,827
A0A2G4U3T2,734,0.364285,0.25,0.43501,0.364285,0.44428500000000004,725,319,827
A0A0U1HXL6,735,0.364106,0.25,0.43780955000000005,0.364106,0.444106,712,320,827
A0ABN4PNK0,736,0.363894,0.25,0.43605445000000004,0.363894,0.443894,720,320,827
A0AA44CMJ2,737,0.363851,0.25,0.43486080000000005,0.363851,0.443851,728,320,827
A0A0T9RLV1,738,0.363789,0.25,0.43189380000000005,0.363789,0.443789,742,320,827
A0AA36LNC2,739,0.363712,0.25,0.4254923,0.363712,0.443712,762,320,827
A0A0T9RPC1,740,0.363481,0.25,0.42758355000000003,0.363481,0.443481,755,320,827
A0AA36LUV4,741,0.363229,0.25,0.43327595,0.363229,0.44322900000000004,735,320,827
A0A0H3B0N5,742,0.362505,0.25,0.4292057,0.362505,0.44250500000000004,748,320,827
A0ABP1YU19,743,0.362441,0.25,0.43496585,0.362441,0.44244100000000003,726,320,827
A0A0T9KKL7,744,0.362411,0.25,0.42516950000000003,0.362411,0.442411,764,320,827
A0ABP2E0A1,745,0.362396,0.25,0.42658165000000003,0.362396,0.442396,758,320,827
A0ABW9EZ05,746,0.362382,0.25,0.4368160000000001,0.362382,0.442382,716,320,827
A0ABM6UY29,747,0.362361,0.25,0.43417910000000004,0.362361,0.442361,730,320,827
A0A380PUP1,748,0.36207,0.25,0.43664470000000005,0.36207,0.44207,718,320,827
A0A380QEC0,749,0.361834,0.25,0.4318345,0.361834,0.441834,743,321,827
A0A857EZE8,750,0.361737,0.25,0.42490249999999996,0.361737,0.441737,766,321,827
A0A3G5LJP4,751,0.361602,0.25,0.42140360000000004,0.361602,0.441602,778,321,827
A0A085U312,752,0.361379,0.25,0.42873715,0.361379,0.441379,750,321,827
A0ABM6BL24,753,0.36124,0.25,0.43328085,0.36124,0.44124,734,321,827
A0ABM9SU56,754,0.361113,0.25,0.42433909999999997,0.361113,0.44111300000000003,769,321,827
A0ABM5Q170,755,0.360258,0.25,0.42766025,0.360258,0.44025800000000004,754,322,827
A0ABM6BR49,756,0.359995,0.25,0.43356625000000004,0.359995,0.439995,733,322,827
A0A0T9QWQ1,757,0.359783,0.25,0.4241709000000001,0.359783,0.43978300000000004,770,322,827
A0A0H2YGI6,758,0.358694,0.25,0.42545630000000006,0.358694,0.43869400000000003,763,322,827
A0A0H3B4F8,759,0.358636,0.25,0.41645070000000006,0.358636,0.438636,791,322,827
A0AB73P3H5,760,0.35851,0.25,0.4339597500000001,0.35851,0.43851,732,322,827
A0A0T9JTP2,761,0.358493,0.25,0.4248507,0.358493,0.438493,767,322,827
A0A0T9R7L9,762,0.358079,0.25,0.42260430000000004,0.358079,0.438079,774,322,827
A0A0H3AZK0,763,0.358064,0.25,0.4295455,0.358064,0.438064,747,322,827
A0A0T9TSE5,764,0.357715,0.25,0.43288795,0.357715,0.437715,737,322,827
A0AB72ZFA0,765,0.357629,0.25,0.42849365,0.357629,0.437629,751,323,827
A0ABM7ANY7,766,0.357543,0.25,0.41769415000000004,0.357543,0.437543,788,323,827
A0AA36LKR2,767,0.357425,0.25,0.42212735000000007,0.357425,0.437425,775,323,827
A0ABN5RAB4,768,0.357404,0.25,0.42309965000000005,0.357404,0.437404,773,323,827
A0A380Q790,769,0.35701,0.25,0.4179194500000001,0.35701,0.43701,787,324,827
A0ABX6FDR8,770,0.356954,0.25,0.4159606,0.356954,0.436954,793,324,827
A0A2G4U6F2,771,0.356738,0.25,0.42011545000000006,0.356738,0.436738,780,324,827
A0A0T9QH70,772,0.356247,0.25,0.42624700000000004,0.356247,0.436247,761,325,827
A0A0H3B283,773,0.356232,0.25,0.42693645,0.356232,0.436232,756,325,827
A0ABN5RAC2,774,0.35618,0.25,0.4306626,0.35618,0.43618,744,325,827
A0A0T9JTR0,775,0.355946,0.25,0.42848860000000005,0.355946,0.435946,752,326,827
A0AA44CKU8,776,0.355728,0.25,0.42910215000000007,0.355728,0.435728,749,326,827
A0ABN4CUU3,777,0.355172,0.25,0.43491575,0.355172,0.435172,727,327,827
A0ABR4VWZ7,778,0.354887,0.25,0.41991965000000003,0.354887,0.434887,781,327,827
A0A0T9RSX1,779,0.354267,0.25,0.4192674,0.354267,0.434267,784,328,827
A0A0T9QZG9,780,0.353524,0.25,0.42649840000000006,0.353524,0.433524,759,329,827
A0ABY5ULB5,781,0.353226,0.25,0.41335330000000003,0.353226,0.433226,795,329,827
A0A0T9KM84,782,0.353187,0.25,0.42150165000000006,0.353187,0.433187,777,329,827
A0A0T9QVI5,783,0.352563,0.25,0.42399169999999997,0.352563,0.43256300000000003,771,330,827
A0A0T9RG16,784,0.352409,0.25,0.4249947,0.352409,0.432409,765,330,827
A0ABP2ECT0,785,0.35219,0.25,0.41680534999999996,0.35219,0.43219,790,330,827
A0ABM9SZ17,786,0.351138,0.25,0.42113825000000005,0.351138,0.431138,779,332,827
A0A0E1NQK2,787,0.351032,0.25,0.41083425,0.351032,0.431032,797,332,827
A0AAX2I8P7,788,0.350731,0.25,0.41749340000000007,0.350731,0.43073100000000003,789,332,827
Q7BTW6,789,0.349467,0.25,0.40764875,0.349467,0.42946700000000004,800,332,827
A0ABP1ZYW2,790,0.349031,0.25,0.41639950000000003,0.349031,0.429031,792,332,827
Q66CW2,791,0.348983,0.25,0.4236595,0.348983,0.428983,772,332,827
A0AA36LJG1,792,0.348063,0.25,0.40408825000000004,0.348063,0.428063,808,335,827
A0ABM5UH02,793,0.347077,0.25,0.40780525,0.347077,0.42707700000000004,799,338,827
A0AA36PPQ7,794,0.346163,0.25,0.41961175000000006,0.346163,0.426163,782,339,827
A0A0H2YNL1,795,0.345919,0.25,0.4057211,0.345919,0.425919,804,339,827
A0AA90XRZ3,796,0.344907,0.25,0.4075539,0.344907,0.42490700000000003,802,343,827
A0A0T9QD11,797,0.344642,0.25,0.41938735000000005,0.344642,0.424642,783,343,827
A0ABP1ZSE7,798,0.344444,0.25,0.40618265,0.344444,0.424444,803,343,827
A0ABX6FAJ5,799,0.344146,0.25,0.41799250000000004,0.344146,0.424146,786,344,827
A0A0T9UMN3,800,0.344067,0.25,0.41837715000000003,0.344067,0.424067,785,344,827
Q8D0C0,801,0.343668,0.25,0.40982240000000003,0.343668,0.423668,798,346,827
A0A0T9QMF1,802,0.343604,0.25,0.40527045,0.343604,0.42360400000000004,805,346,827
A0A0U1R2K8,803,0.343579,0.25,0.4040555,0.343579,0.42357900000000004,809,346,827
A0AA36LJU6,804,0.343454,0.25,0.41345445000000003,0.343454,0.423454,794,347,827
A0AA36LI15,805,0.343347,0.25,0.4219181000000001,0.343347,0.42334700000000003,776,348,827
A0A0K1H0S6,806,0.34246,0.25,0.39530665000000004,0.34246,0.42246,817,350,827
A0A0T9UVK2,807,0.342341,0.25,0.4120022,0.342341,0.422341,796,350,827
A0A857F028,808,0.341933,0.25,0.39717935000000004,0.341933,0.421933,811,352,827
A0A0H3B6G4,809,0.341701,0.25,0.4051796500000001,0.341701,0.421701,806,352,827
A0A208ZVY5,810,0.339589,0.25,0.40758875000000006,0.339589,0.419589,801,359,827
A0ABN5RCP6,811,0.338535,0.25,0.3958233,0.338535,0.418535,816,363,827
A0A0T9UMW7,812,0.338461,0.25,0.40429475,0.338461,0.418461,807,363,827
A0AB72ZRU3,813,0.336852,0.25,0.39665360000000005,0.336852,0.416852,813,370,827
A0A0U1HUK9,814,0.336848,0.25,0.39714705,0.336848,0.416848,812,370,827
A0ABM7AMA1,815,0.333776,0.25,0.38822945000000003,0.333776,0.41377600000000003,820,378,827
A0AAV3B6C2,816,0.332911,0.25,0.39338735,0.332911,0.41291100000000003,818,381,827
A0A380QAJ4,817,0.332824,0.25,0.39615695000000006,0.332824,0.412824,814,382,827
A0A0H3AZJ6,818,0.330563,0.25,0.3981488000000001,0.330563,0.410563,810,394,827
A0A0T9QI62,819,0.329283,0.25,0.3961488000000001,0.329283,0.409283,815,402,827
A0A0H2W0D6,820,0.328456,0.25,0.38825840000000006,0.328456,0.40845600000000004,819,406,827
A0A2G4U1S2,821,0.324194,0.25,0.37909945000000006,0.324194,0.404194,822,425,827
A0ABM9XV01,822,0.322028,0.25,0.37693360000000004,0.322028,0.402028,824,438,827
A0ABX5QXI4,823,0.319091,0.25,0.37738889999999997,0.319091,0.39909100000000003,823,459,827
A0AB72ZJY3,824,0.318777,0.25,0.3792536,0.318777,0.398777,821,460,827
A0A380QTR9,825,0.314378,0.25,0.3748034,0.314378,0.394378,825,492,827
A0A0T9UB25,826,0.312594,0.25,0.37193845000000003,0.312594,0.392594,826,503,827
A0A0T9U5C6,827,0.304506,0.25,0.34200620000000004,0.304506,0.384506,827,572,827
