experiment_id_assuming_matched_rows,group,stored_mean_OD450,group_background,corrected_mean_OD450
1,O:3,1.827,0.249,1.5779999999999998
1,O:8,0.71,0.41900000000000004,0.2909999999999999
1,"O:5,27",0.496,0.406,0.08999999999999997
1,O:5 LHF8-2,0.488,0.271,0.21699999999999997
1,O:5 LHF8-3,0.385,0.319,0.066
1,"O:6,30",0.5,0.3,0.2
1,L. monocytogenes,0.555,0.314,0.24100000000000005
1,V. parahaemolyticus,0.62,0.391,0.22899999999999998
1,E. coli,0.552,0.349,0.20300000000000007
2,O:3,1.865,0.249,1.616
2,O:8,0.692,0.41900000000000004,0.2729999999999999
2,"O:5,27",0.612,0.406,0.20599999999999996
2,O:5 LHF8-2,0.492,0.271,0.22099999999999997
2,O:5 LHF8-3,0.451,0.319,0.132
2,"O:6,30",0.552,0.3,0.25200000000000006
2,L. monocytogenes,0.468,0.314,0.15400000000000003
2,V. parahaemolyticus,0.633,0.391,0.242
2,E. coli,0.535,0.349,0.18600000000000005
3,O:3,1.96,0.249,1.7109999999999999
3,O:8,0.695,0.41900000000000004,0.2759999999999999
3,"O:5,27",0.507,0.406,0.10099999999999998
3,O:5 LHF8-2,0.533,0.271,0.262
3,O:5 LHF8-3,0.558,0.319,0.23900000000000005
3,"O:6,30",0.668,0.3,0.36800000000000005
3,L. monocytogenes,0.558,0.314,0.24400000000000005
3,V. parahaemolyticus,0.574,0.391,0.18299999999999994
3,E. coli,0.521,0.349,0.17200000000000004
